==== cost-model database rebuild Thu Jul  9 21:11:01 UTC 2026 ====
git: 2012d4f

################################################################
## >>> run_hbm_ops_sweep.sh 
################################################################
==== hbm-bound ops sweep Thu Jul  9 21:11:01 UTC 2026 ====
git: 2012d4f  sections: HB1 HB2 HB3
## HB1 pointwise: {neg,copy,gelu,exp,mul,add,add3,add4} x COLS
-- neg [2048,1024]
  op_it_space_splits={d0: 32, d1: 1}
IO -- device-layout I/O (cost model, stick-padded) --
IO   op neg
IO     output op0                    torch [2048, 1024] -> device [16, 2048, 64] in HBM = 2097152 elems x 2B = 4194304 B  (hbm counted: 4194304 B)
IO     input  arg0_1                 torch [2048, 1024] -> device [16, 2048, 64] in HBM = 2097152 elems x 2B = 4194304 B  (hbm counted: 4194304 B)
IO   => HBM I/O total = 8388608 B  (lx 0 B, ~free)
MODEL -- estimate (turnaround): T = (R+W)/BW_PEAK + a*min(R,W) --
MODEL   R=4194304 B (read)   W=4194304 B (write)   loop_trip L=1
MODEL   base = (R+W)/150 = 55.92 us
MODEL   turn = a*min(R,W) = 0.00574*4194304 = 24.08 us
MODEL   => T_model = 80.00 us
MODEL FEATS [{"name":"neg","is_reduction":false,"out_elems":2097152,"cores":32,"dtype_bytes":2,"args":[{"name":"op0","role":"output","mem":"hbm","elems":2097152,"broadcast":false,"dims":[16,2048,64],"logical":[2048,1024],"loop_factor":1},{"name":"arg0_1","role":"input","mem":"hbm","elems":2097152,"broadcast":false,"dims":[16,2048,64],"logical":[2048,1024],"loop_factor":1}],"reduction_cores":1,"loop_trip":1,"tiles_output_dim":false,"tile_rows_per_core":0.0,"is_matmul":false,"matmul_macs":0,"matmul_rows_per_core":0.0,"matmul_cols_per_core":0.0,"matmul_a_bytes":0,"matmul_b_bytes":0,"hbm_pattern":""}]
SUMMARY op=neg rows=2048 cols=1024 cores=32 tiles=0 lx=0 io_hbm_bytes=8388608 kernel_us=78.466 pred_us=79.999 err_pct=+2.0 bw_gbps=106.9 memset_us=82.549 other_dev_us=325.574 total_dev_us=486.589
-- copy [2048,1024]
  op_it_space_splits={d0: 32, d1: 1}
IO -- device-layout I/O (cost model, stick-padded) --
IO   op add
IO     output op0                    torch [2048, 1024] -> device [16, 2048, 64] in HBM = 2097152 elems x 2B = 4194304 B  (hbm counted: 4194304 B)
IO     input  arg0_1                 torch [2048, 1024] -> device [16, 2048, 64] in HBM = 2097152 elems x 2B = 4194304 B  (hbm counted: 4194304 B)
IO     input  buf1                   device [1, 64] in HBM = 64 elems x 2B = 128 B  (hbm counted: 128 B) broadcast (loaded once)
IO   => HBM I/O total = 8388736 B  (lx 0 B, ~free)
MODEL -- estimate (turnaround): T = (R+W)/BW_PEAK + a*min(R,W) --
MODEL   R=4194432 B (read)   W=4194304 B (write)   loop_trip L=1
MODEL   base = (R+W)/150 = 55.92 us
MODEL   turn = a*min(R,W) = 0.00574*4194304 = 24.08 us
MODEL   => T_model = 80.00 us
MODEL FEATS [{"name":"add","is_reduction":false,"out_elems":2097152,"cores":32,"dtype_bytes":2,"args":[{"name":"op0","role":"output","mem":"hbm","elems":2097152,"broadcast":false,"dims":[16,2048,64],"logical":[2048,1024],"loop_factor":1},{"name":"arg0_1","role":"input","mem":"hbm","elems":2097152,"broadcast":false,"dims":[16,2048,64],"logical":[2048,1024],"loop_factor":1},{"name":"buf1","role":"input","mem":"hbm","elems":64,"broadcast":true,"dims":[1,64],"logical":[],"loop_factor":1}],"reduction_cores":1,"loop_trip":1,"tiles_output_dim":false,"tile_rows_per_core":0.0,"is_matmul":false,"matmul_macs":0,"matmul_rows_per_core":0.0,"matmul_cols_per_core":0.0,"matmul_a_bytes":0,"matmul_b_bytes":0,"hbm_pattern":""}]
SUMMARY op=copy rows=2048 cols=1024 cores=32 tiles=0 lx=0 io_hbm_bytes=8388736 kernel_us=67.467 pred_us=80.000 err_pct=+18.6 bw_gbps=124.3 memset_us=83.569 other_dev_us=408.328 total_dev_us=559.364
-- gelu [2048,1024]
  op_it_space_splits={d0: 32, d1: 1}
IO -- device-layout I/O (cost model, stick-padded) --
IO   op gelu
IO     output op0                    torch [2048, 1024] -> device [16, 2048, 64] in HBM = 2097152 elems x 2B = 4194304 B  (hbm counted: 4194304 B)
IO     input  arg0_1                 torch [2048, 1024] -> device [16, 2048, 64] in HBM = 2097152 elems x 2B = 4194304 B  (hbm counted: 4194304 B)
IO   => HBM I/O total = 8388608 B  (lx 0 B, ~free)
MODEL -- estimate (turnaround): T = (R+W)/BW_PEAK + a*min(R,W) --
MODEL   R=4194304 B (read)   W=4194304 B (write)   loop_trip L=1
MODEL   base = (R+W)/150 = 55.92 us
MODEL   turn = a*min(R,W) = 0.00574*4194304 = 24.08 us
MODEL   => T_model = 80.00 us
MODEL FEATS [{"name":"gelu","is_reduction":false,"out_elems":2097152,"cores":32,"dtype_bytes":2,"args":[{"name":"op0","role":"output","mem":"hbm","elems":2097152,"broadcast":false,"dims":[16,2048,64],"logical":[2048,1024],"loop_factor":1},{"name":"arg0_1","role":"input","mem":"hbm","elems":2097152,"broadcast":false,"dims":[16,2048,64],"logical":[2048,1024],"loop_factor":1}],"reduction_cores":1,"loop_trip":1,"tiles_output_dim":false,"tile_rows_per_core":0.0,"is_matmul":false,"matmul_macs":0,"matmul_rows_per_core":0.0,"matmul_cols_per_core":0.0,"matmul_a_bytes":0,"matmul_b_bytes":0,"hbm_pattern":""}]
SUMMARY op=gelu rows=2048 cols=1024 cores=32 tiles=0 lx=0 io_hbm_bytes=8388608 kernel_us=78.499 pred_us=79.999 err_pct=+1.9 bw_gbps=106.9 memset_us=87.784 other_dev_us=392.654 total_dev_us=558.937
-- exp [2048,1024]
  op_it_space_splits={d0: 32, d1: 1}
IO -- device-layout I/O (cost model, stick-padded) --
IO   op exp
IO     output op0                    torch [2048, 1024] -> device [16, 2048, 64] in HBM = 2097152 elems x 2B = 4194304 B  (hbm counted: 4194304 B)
IO     input  arg0_1                 torch [2048, 1024] -> device [16, 2048, 64] in HBM = 2097152 elems x 2B = 4194304 B  (hbm counted: 4194304 B)
IO   => HBM I/O total = 8388608 B  (lx 0 B, ~free)
MODEL -- estimate (turnaround): T = (R+W)/BW_PEAK + a*min(R,W) --
MODEL   R=4194304 B (read)   W=4194304 B (write)   loop_trip L=1
MODEL   base = (R+W)/150 = 55.92 us
MODEL   turn = a*min(R,W) = 0.00574*4194304 = 24.08 us
MODEL   => T_model = 80.00 us
MODEL FEATS [{"name":"exp","is_reduction":false,"out_elems":2097152,"cores":32,"dtype_bytes":2,"args":[{"name":"op0","role":"output","mem":"hbm","elems":2097152,"broadcast":false,"dims":[16,2048,64],"logical":[2048,1024],"loop_factor":1},{"name":"arg0_1","role":"input","mem":"hbm","elems":2097152,"broadcast":false,"dims":[16,2048,64],"logical":[2048,1024],"loop_factor":1}],"reduction_cores":1,"loop_trip":1,"tiles_output_dim":false,"tile_rows_per_core":0.0,"is_matmul":false,"matmul_macs":0,"matmul_rows_per_core":0.0,"matmul_cols_per_core":0.0,"matmul_a_bytes":0,"matmul_b_bytes":0,"hbm_pattern":""}]
SUMMARY op=exp rows=2048 cols=1024 cores=32 tiles=0 lx=0 io_hbm_bytes=8388608 kernel_us=77.630 pred_us=79.999 err_pct=+3.1 bw_gbps=108.1 memset_us=79.489 other_dev_us=400.680 total_dev_us=557.799
-- mul [2048,1024]
  op_it_space_splits={d0: 32, d1: 1}
IO -- device-layout I/O (cost model, stick-padded) --
IO   op mul
IO     output op0                    torch [2048, 1024] -> device [16, 2048, 64] in HBM = 2097152 elems x 2B = 4194304 B  (hbm counted: 4194304 B)
IO     input  arg0_1                 torch [2048, 1024] -> device [16, 2048, 64] in HBM = 2097152 elems x 2B = 4194304 B  (hbm counted: 4194304 B)
IO     input  arg1_1                 torch [2048, 1024] -> device [16, 2048, 64] in HBM = 2097152 elems x 2B = 4194304 B  (hbm counted: 4194304 B)
IO   => HBM I/O total = 12582912 B  (lx 0 B, ~free)
MODEL -- estimate (turnaround): T = (R+W)/BW_PEAK + a*min(R,W) --
MODEL   R=8388608 B (read)   W=4194304 B (write)   loop_trip L=1
MODEL   base = (R+W)/150 = 83.89 us
MODEL   turn = a*min(R,W) = 0.00574*4194304 = 24.08 us
MODEL   => T_model = 107.96 us
MODEL FEATS [{"name":"mul","is_reduction":false,"out_elems":2097152,"cores":32,"dtype_bytes":2,"args":[{"name":"op0","role":"output","mem":"hbm","elems":2097152,"broadcast":false,"dims":[16,2048,64],"logical":[2048,1024],"loop_factor":1},{"name":"arg0_1","role":"input","mem":"hbm","elems":2097152,"broadcast":false,"dims":[16,2048,64],"logical":[2048,1024],"loop_factor":1},{"name":"arg1_1","role":"input","mem":"hbm","elems":2097152,"broadcast":false,"dims":[16,2048,64],"logical":[2048,1024],"loop_factor":1}],"reduction_cores":1,"loop_trip":1,"tiles_output_dim":false,"tile_rows_per_core":0.0,"is_matmul":false,"matmul_macs":0,"matmul_rows_per_core":0.0,"matmul_cols_per_core":0.0,"matmul_a_bytes":0,"matmul_b_bytes":0,"hbm_pattern":""}]
SUMMARY op=mul rows=2048 cols=1024 cores=32 tiles=0 lx=0 io_hbm_bytes=12582912 kernel_us=107.390 pred_us=107.961 err_pct=+0.5 bw_gbps=117.2 memset_us=111.230 other_dev_us=383.193 total_dev_us=601.813
-- add [2048,1024]
  op_it_space_splits={d0: 32, d1: 1}
IO -- device-layout I/O (cost model, stick-padded) --
IO   op add
IO     output op0                    torch [2048, 1024] -> device [16, 2048, 64] in HBM = 2097152 elems x 2B = 4194304 B  (hbm counted: 4194304 B)
IO     input  arg0_1                 torch [2048, 1024] -> device [16, 2048, 64] in HBM = 2097152 elems x 2B = 4194304 B  (hbm counted: 4194304 B)
IO     input  arg1_1                 torch [2048, 1024] -> device [16, 2048, 64] in HBM = 2097152 elems x 2B = 4194304 B  (hbm counted: 4194304 B)
IO   => HBM I/O total = 12582912 B  (lx 0 B, ~free)
MODEL -- estimate (turnaround): T = (R+W)/BW_PEAK + a*min(R,W) --
MODEL   R=8388608 B (read)   W=4194304 B (write)   loop_trip L=1
MODEL   base = (R+W)/150 = 83.89 us
MODEL   turn = a*min(R,W) = 0.00574*4194304 = 24.08 us
MODEL   => T_model = 107.96 us
MODEL FEATS [{"name":"add","is_reduction":false,"out_elems":2097152,"cores":32,"dtype_bytes":2,"args":[{"name":"op0","role":"output","mem":"hbm","elems":2097152,"broadcast":false,"dims":[16,2048,64],"logical":[2048,1024],"loop_factor":1},{"name":"arg0_1","role":"input","mem":"hbm","elems":2097152,"broadcast":false,"dims":[16,2048,64],"logical":[2048,1024],"loop_factor":1},{"name":"arg1_1","role":"input","mem":"hbm","elems":2097152,"broadcast":false,"dims":[16,2048,64],"logical":[2048,1024],"loop_factor":1}],"reduction_cores":1,"loop_trip":1,"tiles_output_dim":false,"tile_rows_per_core":0.0,"is_matmul":false,"matmul_macs":0,"matmul_rows_per_core":0.0,"matmul_cols_per_core":0.0,"matmul_a_bytes":0,"matmul_b_bytes":0,"hbm_pattern":""}]
SUMMARY op=add rows=2048 cols=1024 cores=32 tiles=0 lx=0 io_hbm_bytes=12582912 kernel_us=108.160 pred_us=107.961 err_pct=-0.2 bw_gbps=116.3 memset_us=79.837 other_dev_us=387.956 total_dev_us=575.953
-- add3 [2048,1024]
  op_it_space_splits={d0: 32, d1: 1}
  op_it_space_splits={d0: 32, d1: 1}
IO -- device-layout I/O (cost model, stick-padded) --
IO   op add
IO     output op0                    torch [2048, 1024] -> device [16, 2048, 64] in HBM = 2097152 elems x 2B = 4194304 B  (hbm counted: 4194304 B)
IO     input  arg0_1                 torch [2048, 1024] -> device [16, 2048, 64] in HBM = 2097152 elems x 2B = 4194304 B  (hbm counted: 4194304 B)
IO     input  arg1_1                 torch [2048, 1024] -> device [16, 2048, 64] in HBM = 2097152 elems x 2B = 4194304 B  (hbm counted: 4194304 B)
IO   op add_1
IO     output op1                    torch [2048, 1024] -> device [16, 2048, 64] in HBM = 2097152 elems x 2B = 4194304 B  (hbm counted: 4194304 B)
IO     input  buf0                   torch [2048, 1024] -> device [16, 2048, 64] in HBM = 2097152 elems x 2B = 4194304 B  (hbm counted: 4194304 B)
IO     input  arg2_1                 torch [2048, 1024] -> device [16, 2048, 64] in HBM = 2097152 elems x 2B = 4194304 B  (hbm counted: 4194304 B)
IO   => HBM I/O total = 25165824 B  (lx 0 B, ~free)
MODEL -- estimate (turnaround): T = (R+W)/BW_PEAK + a*min(R,W) --
MODEL   R=16777216 B (read)   W=8388608 B (write)   loop_trip L=1
MODEL   base = (R+W)/150 = 167.77 us
MODEL   turn = a*min(R,W) = 0.00574*8388608 = 48.15 us
MODEL   => T_model = 232.12 us
MODEL FEATS [{"name":"add","is_reduction":false,"out_elems":2097152,"cores":32,"dtype_bytes":2,"args":[{"name":"op0","role":"output","mem":"hbm","elems":2097152,"broadcast":false,"dims":[16,2048,64],"logical":[2048,1024],"loop_factor":1},{"name":"arg0_1","role":"input","mem":"hbm","elems":2097152,"broadcast":false,"dims":[16,2048,64],"logical":[2048,1024],"loop_factor":1},{"name":"arg1_1","role":"input","mem":"hbm","elems":2097152,"broadcast":false,"dims":[16,2048,64],"logical":[2048,1024],"loop_factor":1}],"reduction_cores":1,"loop_trip":1,"tiles_output_dim":false,"tile_rows_per_core":0.0,"is_matmul":false,"matmul_macs":0,"matmul_rows_per_core":0.0,"matmul_cols_per_core":0.0,"matmul_a_bytes":0,"matmul_b_bytes":0,"hbm_pattern":""},{"name":"add_1","is_reduction":false,"out_elems":2097152,"cores":32,"dtype_bytes":2,"args":[{"name":"op1","role":"output","mem":"hbm","elems":2097152,"broadcast":false,"dims":[16,2048,64],"logical":[2048,1024],"loop_factor":1},{"name":"buf0","role":"input","mem":"hbm","elems":2097152,"broadcast":false,"dims":[16,2048,64],"logical":[2048,1024],"loop_factor":1},{"name":"arg2_1","role":"input","mem":"hbm","elems":2097152,"broadcast":false,"dims":[16,2048,64],"logical":[2048,1024],"loop_factor":1}],"reduction_cores":1,"loop_trip":1,"tiles_output_dim":false,"tile_rows_per_core":0.0,"is_matmul":false,"matmul_macs":0,"matmul_rows_per_core":0.0,"matmul_cols_per_core":0.0,"matmul_a_bytes":0,"matmul_b_bytes":0,"hbm_pattern":""}]
SUMMARY op=add3 rows=2048 cols=1024 cores=32 tiles=0 lx=0 io_hbm_bytes=25165824 kernel_us=228.261 pred_us=232.117 err_pct=+1.7 bw_gbps=110.3 memset_us=102.735 other_dev_us=404.281 total_dev_us=735.277
-- add4 [2048,1024]
  op_it_space_splits={d0: 32, d1: 1}
  op_it_space_splits={d0: 32, d1: 1}
  op_it_space_splits={d0: 32, d1: 1}
IO -- device-layout I/O (cost model, stick-padded) --
IO   op add
IO     output op0                    torch [2048, 1024] -> device [16, 2048, 64] in HBM = 2097152 elems x 2B = 4194304 B  (hbm counted: 4194304 B)
IO     input  arg0_1                 torch [2048, 1024] -> device [16, 2048, 64] in HBM = 2097152 elems x 2B = 4194304 B  (hbm counted: 4194304 B)
IO     input  arg1_1                 torch [2048, 1024] -> device [16, 2048, 64] in HBM = 2097152 elems x 2B = 4194304 B  (hbm counted: 4194304 B)
IO   op add_1
IO     output op1                    torch [2048, 1024] -> device [16, 2048, 64] in HBM = 2097152 elems x 2B = 4194304 B  (hbm counted: 4194304 B)
IO     input  buf0                   torch [2048, 1024] -> device [16, 2048, 64] in HBM = 2097152 elems x 2B = 4194304 B  (hbm counted: 4194304 B)
IO     input  arg2_1                 torch [2048, 1024] -> device [16, 2048, 64] in HBM = 2097152 elems x 2B = 4194304 B  (hbm counted: 4194304 B)
IO   op add_2
IO     output op2                    torch [2048, 1024] -> device [16, 2048, 64] in HBM = 2097152 elems x 2B = 4194304 B  (hbm counted: 4194304 B)
IO     input  buf1                   torch [2048, 1024] -> device [16, 2048, 64] in HBM = 2097152 elems x 2B = 4194304 B  (hbm counted: 4194304 B)
IO     input  arg3_1                 torch [2048, 1024] -> device [16, 2048, 64] in HBM = 2097152 elems x 2B = 4194304 B  (hbm counted: 4194304 B)
IO   => HBM I/O total = 37748736 B  (lx 0 B, ~free)
MODEL -- estimate (turnaround): T = (R+W)/BW_PEAK + a*min(R,W) --
MODEL   R=25165824 B (read)   W=12582912 B (write)   loop_trip L=1
MODEL   base = (R+W)/150 = 251.66 us
MODEL   turn = a*min(R,W) = 0.00574*12582912 = 72.23 us
MODEL   => T_model = 372.47 us
MODEL FEATS [{"name":"add","is_reduction":false,"out_elems":2097152,"cores":32,"dtype_bytes":2,"args":[{"name":"op0","role":"output","mem":"hbm","elems":2097152,"broadcast":false,"dims":[16,2048,64],"logical":[2048,1024],"loop_factor":1},{"name":"arg0_1","role":"input","mem":"hbm","elems":2097152,"broadcast":false,"dims":[16,2048,64],"logical":[2048,1024],"loop_factor":1},{"name":"arg1_1","role":"input","mem":"hbm","elems":2097152,"broadcast":false,"dims":[16,2048,64],"logical":[2048,1024],"loop_factor":1}],"reduction_cores":1,"loop_trip":1,"tiles_output_dim":false,"tile_rows_per_core":0.0,"is_matmul":false,"matmul_macs":0,"matmul_rows_per_core":0.0,"matmul_cols_per_core":0.0,"matmul_a_bytes":0,"matmul_b_bytes":0,"hbm_pattern":""},{"name":"add_1","is_reduction":false,"out_elems":2097152,"cores":32,"dtype_bytes":2,"args":[{"name":"op1","role":"output","mem":"hbm","elems":2097152,"broadcast":false,"dims":[16,2048,64],"logical":[2048,1024],"loop_factor":1},{"name":"buf0","role":"input","mem":"hbm","elems":2097152,"broadcast":false,"dims":[16,2048,64],"logical":[2048,1024],"loop_factor":1},{"name":"arg2_1","role":"input","mem":"hbm","elems":2097152,"broadcast":false,"dims":[16,2048,64],"logical":[2048,1024],"loop_factor":1}],"reduction_cores":1,"loop_trip":1,"tiles_output_dim":false,"tile_rows_per_core":0.0,"is_matmul":false,"matmul_macs":0,"matmul_rows_per_core":0.0,"matmul_cols_per_core":0.0,"matmul_a_bytes":0,"matmul_b_bytes":0,"hbm_pattern":""},{"name":"add_2","is_reduction":false,"out_elems":2097152,"cores":32,"dtype_bytes":2,"args":[{"name":"op2","role":"output","mem":"hbm","elems":2097152,"broadcast":false,"dims":[16,2048,64],"logical":[2048,1024],"loop_factor":1},{"name":"buf1","role":"input","mem":"hbm","elems":2097152,"broadcast":false,"dims":[16,2048,64],"logical":[2048,1024],"loop_factor":1},{"name":"arg3_1","role":"input","mem":"hbm","elems":2097152,"broadcast":false,"dims":[16,2048,64],"logical":[2048,1024],"loop_factor":1}],"reduction_cores":1,"loop_trip":1,"tiles_output_dim":false,"tile_rows_per_core":0.0,"is_matmul":false,"matmul_macs":0,"matmul_rows_per_core":0.0,"matmul_cols_per_core":0.0,"matmul_a_bytes":0,"matmul_b_bytes":0,"hbm_pattern":""}]
SUMMARY op=add4 rows=2048 cols=1024 cores=32 tiles=0 lx=0 io_hbm_bytes=37748736 kernel_us=373.791 pred_us=372.467 err_pct=-0.4 bw_gbps=101.0 memset_us=85.348 other_dev_us=365.810 total_dev_us=824.949
-- neg [2048,4096]
  op_it_space_splits={d0: 32, d1: 1}
IO -- device-layout I/O (cost model, stick-padded) --
IO   op neg
IO     output op0                    torch [2048, 4096] -> device [64, 2048, 64] in HBM = 8388608 elems x 2B = 16777216 B  (hbm counted: 16777216 B)
IO     input  arg0_1                 torch [2048, 4096] -> device [64, 2048, 64] in HBM = 8388608 elems x 2B = 16777216 B  (hbm counted: 16777216 B)
IO   => HBM I/O total = 33554432 B  (lx 0 B, ~free)
MODEL -- estimate (turnaround): T = (R+W)/BW_PEAK + a*min(R,W) --
MODEL   R=16777216 B (read)   W=16777216 B (write)   loop_trip L=1
MODEL   base = (R+W)/150 = 223.70 us
MODEL   turn = a*min(R,W) = 0.00574*16777216 = 96.30 us
MODEL   => T_model = 320.00 us
MODEL FEATS [{"name":"neg","is_reduction":false,"out_elems":8388608,"cores":32,"dtype_bytes":2,"args":[{"name":"op0","role":"output","mem":"hbm","elems":8388608,"broadcast":false,"dims":[64,2048,64],"logical":[2048,4096],"loop_factor":1},{"name":"arg0_1","role":"input","mem":"hbm","elems":8388608,"broadcast":false,"dims":[64,2048,64],"logical":[2048,4096],"loop_factor":1}],"reduction_cores":1,"loop_trip":1,"tiles_output_dim":false,"tile_rows_per_core":0.0,"is_matmul":false,"matmul_macs":0,"matmul_rows_per_core":0.0,"matmul_cols_per_core":0.0,"matmul_a_bytes":0,"matmul_b_bytes":0,"hbm_pattern":""}]
SUMMARY op=neg rows=2048 cols=4096 cores=32 tiles=0 lx=0 io_hbm_bytes=33554432 kernel_us=322.526 pred_us=319.997 err_pct=-0.8 bw_gbps=104.0 memset_us=232.463 other_dev_us=982.482 total_dev_us=1537.471
-- copy [2048,4096]
  op_it_space_splits={d0: 32, d1: 1}
IO -- device-layout I/O (cost model, stick-padded) --
IO   op add
IO     output op0                    torch [2048, 4096] -> device [64, 2048, 64] in HBM = 8388608 elems x 2B = 16777216 B  (hbm counted: 16777216 B)
IO     input  arg0_1                 torch [2048, 4096] -> device [64, 2048, 64] in HBM = 8388608 elems x 2B = 16777216 B  (hbm counted: 16777216 B)
IO     input  buf1                   device [1, 64] in HBM = 64 elems x 2B = 128 B  (hbm counted: 128 B) broadcast (loaded once)
IO   => HBM I/O total = 33554560 B  (lx 0 B, ~free)
MODEL -- estimate (turnaround): T = (R+W)/BW_PEAK + a*min(R,W) --
MODEL   R=16777344 B (read)   W=16777216 B (write)   loop_trip L=1
MODEL   base = (R+W)/150 = 223.70 us
MODEL   turn = a*min(R,W) = 0.00574*16777216 = 96.30 us
MODEL   => T_model = 320.00 us
MODEL FEATS [{"name":"add","is_reduction":false,"out_elems":8388608,"cores":32,"dtype_bytes":2,"args":[{"name":"op0","role":"output","mem":"hbm","elems":8388608,"broadcast":false,"dims":[64,2048,64],"logical":[2048,4096],"loop_factor":1},{"name":"arg0_1","role":"input","mem":"hbm","elems":8388608,"broadcast":false,"dims":[64,2048,64],"logical":[2048,4096],"loop_factor":1},{"name":"buf1","role":"input","mem":"hbm","elems":64,"broadcast":true,"dims":[1,64],"logical":[],"loop_factor":1}],"reduction_cores":1,"loop_trip":1,"tiles_output_dim":false,"tile_rows_per_core":0.0,"is_matmul":false,"matmul_macs":0,"matmul_rows_per_core":0.0,"matmul_cols_per_core":0.0,"matmul_a_bytes":0,"matmul_b_bytes":0,"hbm_pattern":""}]
SUMMARY op=copy rows=2048 cols=4096 cores=32 tiles=0 lx=0 io_hbm_bytes=33554560 kernel_us=283.714 pred_us=319.998 err_pct=+12.8 bw_gbps=118.3 memset_us=250.265 other_dev_us=980.472 total_dev_us=1514.451
-- gelu [2048,4096]
  op_it_space_splits={d0: 32, d1: 1}
IO -- device-layout I/O (cost model, stick-padded) --
IO   op gelu
IO     output op0                    torch [2048, 4096] -> device [64, 2048, 64] in HBM = 8388608 elems x 2B = 16777216 B  (hbm counted: 16777216 B)
IO     input  arg0_1                 torch [2048, 4096] -> device [64, 2048, 64] in HBM = 8388608 elems x 2B = 16777216 B  (hbm counted: 16777216 B)
IO   => HBM I/O total = 33554432 B  (lx 0 B, ~free)
MODEL -- estimate (turnaround): T = (R+W)/BW_PEAK + a*min(R,W) --
MODEL   R=16777216 B (read)   W=16777216 B (write)   loop_trip L=1
MODEL   base = (R+W)/150 = 223.70 us
MODEL   turn = a*min(R,W) = 0.00574*16777216 = 96.30 us
MODEL   => T_model = 320.00 us
MODEL FEATS [{"name":"gelu","is_reduction":false,"out_elems":8388608,"cores":32,"dtype_bytes":2,"args":[{"name":"op0","role":"output","mem":"hbm","elems":8388608,"broadcast":false,"dims":[64,2048,64],"logical":[2048,4096],"loop_factor":1},{"name":"arg0_1","role":"input","mem":"hbm","elems":8388608,"broadcast":false,"dims":[64,2048,64],"logical":[2048,4096],"loop_factor":1}],"reduction_cores":1,"loop_trip":1,"tiles_output_dim":false,"tile_rows_per_core":0.0,"is_matmul":false,"matmul_macs":0,"matmul_rows_per_core":0.0,"matmul_cols_per_core":0.0,"matmul_a_bytes":0,"matmul_b_bytes":0,"hbm_pattern":""}]
SUMMARY op=gelu rows=2048 cols=4096 cores=32 tiles=0 lx=0 io_hbm_bytes=33554432 kernel_us=321.061 pred_us=319.997 err_pct=-0.3 bw_gbps=104.5 memset_us=241.130 other_dev_us=930.988 total_dev_us=1493.179
-- exp [2048,4096]
  op_it_space_splits={d0: 32, d1: 1}
IO -- device-layout I/O (cost model, stick-padded) --
IO   op exp
IO     output op0                    torch [2048, 4096] -> device [64, 2048, 64] in HBM = 8388608 elems x 2B = 16777216 B  (hbm counted: 16777216 B)
IO     input  arg0_1                 torch [2048, 4096] -> device [64, 2048, 64] in HBM = 8388608 elems x 2B = 16777216 B  (hbm counted: 16777216 B)
IO   => HBM I/O total = 33554432 B  (lx 0 B, ~free)
MODEL -- estimate (turnaround): T = (R+W)/BW_PEAK + a*min(R,W) --
MODEL   R=16777216 B (read)   W=16777216 B (write)   loop_trip L=1
MODEL   base = (R+W)/150 = 223.70 us
MODEL   turn = a*min(R,W) = 0.00574*16777216 = 96.30 us
MODEL   => T_model = 320.00 us
MODEL FEATS [{"name":"exp","is_reduction":false,"out_elems":8388608,"cores":32,"dtype_bytes":2,"args":[{"name":"op0","role":"output","mem":"hbm","elems":8388608,"broadcast":false,"dims":[64,2048,64],"logical":[2048,4096],"loop_factor":1},{"name":"arg0_1","role":"input","mem":"hbm","elems":8388608,"broadcast":false,"dims":[64,2048,64],"logical":[2048,4096],"loop_factor":1}],"reduction_cores":1,"loop_trip":1,"tiles_output_dim":false,"tile_rows_per_core":0.0,"is_matmul":false,"matmul_macs":0,"matmul_rows_per_core":0.0,"matmul_cols_per_core":0.0,"matmul_a_bytes":0,"matmul_b_bytes":0,"hbm_pattern":""}]
SUMMARY op=exp rows=2048 cols=4096 cores=32 tiles=0 lx=0 io_hbm_bytes=33554432 kernel_us=319.663 pred_us=319.997 err_pct=+0.1 bw_gbps=105.0 memset_us=269.268 other_dev_us=982.628 total_dev_us=1571.559
-- mul [2048,4096]
  op_it_space_splits={d0: 32, d1: 1}
IO -- device-layout I/O (cost model, stick-padded) --
IO   op mul
IO     output op0                    torch [2048, 4096] -> device [64, 2048, 64] in HBM = 8388608 elems x 2B = 16777216 B  (hbm counted: 16777216 B)
IO     input  arg0_1                 torch [2048, 4096] -> device [64, 2048, 64] in HBM = 8388608 elems x 2B = 16777216 B  (hbm counted: 16777216 B)
IO     input  arg1_1                 torch [2048, 4096] -> device [64, 2048, 64] in HBM = 8388608 elems x 2B = 16777216 B  (hbm counted: 16777216 B)
IO   => HBM I/O total = 50331648 B  (lx 0 B, ~free)
MODEL -- estimate (turnaround): T = (R+W)/BW_PEAK + a*min(R,W) --
MODEL   R=33554432 B (read)   W=16777216 B (write)   loop_trip L=1
MODEL   base = (R+W)/150 = 335.54 us
MODEL   turn = a*min(R,W) = 0.00574*16777216 = 96.30 us
MODEL   => T_model = 431.85 us
MODEL FEATS [{"name":"mul","is_reduction":false,"out_elems":8388608,"cores":32,"dtype_bytes":2,"args":[{"name":"op0","role":"output","mem":"hbm","elems":8388608,"broadcast":false,"dims":[64,2048,64],"logical":[2048,4096],"loop_factor":1},{"name":"arg0_1","role":"input","mem":"hbm","elems":8388608,"broadcast":false,"dims":[64,2048,64],"logical":[2048,4096],"loop_factor":1},{"name":"arg1_1","role":"input","mem":"hbm","elems":8388608,"broadcast":false,"dims":[64,2048,64],"logical":[2048,4096],"loop_factor":1}],"reduction_cores":1,"loop_trip":1,"tiles_output_dim":false,"tile_rows_per_core":0.0,"is_matmul":false,"matmul_macs":0,"matmul_rows_per_core":0.0,"matmul_cols_per_core":0.0,"matmul_a_bytes":0,"matmul_b_bytes":0,"hbm_pattern":""}]
SUMMARY op=mul rows=2048 cols=4096 cores=32 tiles=0 lx=0 io_hbm_bytes=50331648 kernel_us=439.250 pred_us=431.846 err_pct=-1.7 bw_gbps=114.6 memset_us=225.520 other_dev_us=1028.219 total_dev_us=1692.989
-- add [2048,4096]
  op_it_space_splits={d0: 32, d1: 1}
IO -- device-layout I/O (cost model, stick-padded) --
IO   op add
IO     output op0                    torch [2048, 4096] -> device [64, 2048, 64] in HBM = 8388608 elems x 2B = 16777216 B  (hbm counted: 16777216 B)
IO     input  arg0_1                 torch [2048, 4096] -> device [64, 2048, 64] in HBM = 8388608 elems x 2B = 16777216 B  (hbm counted: 16777216 B)
IO     input  arg1_1                 torch [2048, 4096] -> device [64, 2048, 64] in HBM = 8388608 elems x 2B = 16777216 B  (hbm counted: 16777216 B)
IO   => HBM I/O total = 50331648 B  (lx 0 B, ~free)
MODEL -- estimate (turnaround): T = (R+W)/BW_PEAK + a*min(R,W) --
MODEL   R=33554432 B (read)   W=16777216 B (write)   loop_trip L=1
MODEL   base = (R+W)/150 = 335.54 us
MODEL   turn = a*min(R,W) = 0.00574*16777216 = 96.30 us
MODEL   => T_model = 431.85 us
MODEL FEATS [{"name":"add","is_reduction":false,"out_elems":8388608,"cores":32,"dtype_bytes":2,"args":[{"name":"op0","role":"output","mem":"hbm","elems":8388608,"broadcast":false,"dims":[64,2048,64],"logical":[2048,4096],"loop_factor":1},{"name":"arg0_1","role":"input","mem":"hbm","elems":8388608,"broadcast":false,"dims":[64,2048,64],"logical":[2048,4096],"loop_factor":1},{"name":"arg1_1","role":"input","mem":"hbm","elems":8388608,"broadcast":false,"dims":[64,2048,64],"logical":[2048,4096],"loop_factor":1}],"reduction_cores":1,"loop_trip":1,"tiles_output_dim":false,"tile_rows_per_core":0.0,"is_matmul":false,"matmul_macs":0,"matmul_rows_per_core":0.0,"matmul_cols_per_core":0.0,"matmul_a_bytes":0,"matmul_b_bytes":0,"hbm_pattern":""}]
SUMMARY op=add rows=2048 cols=4096 cores=32 tiles=0 lx=0 io_hbm_bytes=50331648 kernel_us=435.685 pred_us=431.846 err_pct=-0.9 bw_gbps=115.5 memset_us=237.422 other_dev_us=1003.466 total_dev_us=1676.573
-- add3 [2048,4096]
  op_it_space_splits={d0: 32, d1: 1}
  op_it_space_splits={d0: 32, d1: 1}
IO -- device-layout I/O (cost model, stick-padded) --
IO   op add
IO     output op0                    torch [2048, 4096] -> device [64, 2048, 64] in HBM = 8388608 elems x 2B = 16777216 B  (hbm counted: 16777216 B)
IO     input  arg0_1                 torch [2048, 4096] -> device [64, 2048, 64] in HBM = 8388608 elems x 2B = 16777216 B  (hbm counted: 16777216 B)
IO     input  arg1_1                 torch [2048, 4096] -> device [64, 2048, 64] in HBM = 8388608 elems x 2B = 16777216 B  (hbm counted: 16777216 B)
IO   op add_1
IO     output op1                    torch [2048, 4096] -> device [64, 2048, 64] in HBM = 8388608 elems x 2B = 16777216 B  (hbm counted: 16777216 B)
IO     input  buf0                   torch [2048, 4096] -> device [64, 2048, 64] in HBM = 8388608 elems x 2B = 16777216 B  (hbm counted: 16777216 B)
IO     input  arg2_1                 torch [2048, 4096] -> device [64, 2048, 64] in HBM = 8388608 elems x 2B = 16777216 B  (hbm counted: 16777216 B)
IO   => HBM I/O total = 100663296 B  (lx 0 B, ~free)
MODEL -- estimate (turnaround): T = (R+W)/BW_PEAK + a*min(R,W) --
MODEL   R=67108864 B (read)   W=33554432 B (write)   loop_trip L=1
MODEL   base = (R+W)/150 = 671.09 us
MODEL   turn = a*min(R,W) = 0.00574*33554432 = 192.60 us
MODEL   => T_model = 928.47 us
MODEL FEATS [{"name":"add","is_reduction":false,"out_elems":8388608,"cores":32,"dtype_bytes":2,"args":[{"name":"op0","role":"output","mem":"hbm","elems":8388608,"broadcast":false,"dims":[64,2048,64],"logical":[2048,4096],"loop_factor":1},{"name":"arg0_1","role":"input","mem":"hbm","elems":8388608,"broadcast":false,"dims":[64,2048,64],"logical":[2048,4096],"loop_factor":1},{"name":"arg1_1","role":"input","mem":"hbm","elems":8388608,"broadcast":false,"dims":[64,2048,64],"logical":[2048,4096],"loop_factor":1}],"reduction_cores":1,"loop_trip":1,"tiles_output_dim":false,"tile_rows_per_core":0.0,"is_matmul":false,"matmul_macs":0,"matmul_rows_per_core":0.0,"matmul_cols_per_core":0.0,"matmul_a_bytes":0,"matmul_b_bytes":0,"hbm_pattern":""},{"name":"add_1","is_reduction":false,"out_elems":8388608,"cores":32,"dtype_bytes":2,"args":[{"name":"op1","role":"output","mem":"hbm","elems":8388608,"broadcast":false,"dims":[64,2048,64],"logical":[2048,4096],"loop_factor":1},{"name":"buf0","role":"input","mem":"hbm","elems":8388608,"broadcast":false,"dims":[64,2048,64],"logical":[2048,4096],"loop_factor":1},{"name":"arg2_1","role":"input","mem":"hbm","elems":8388608,"broadcast":false,"dims":[64,2048,64],"logical":[2048,4096],"loop_factor":1}],"reduction_cores":1,"loop_trip":1,"tiles_output_dim":false,"tile_rows_per_core":0.0,"is_matmul":false,"matmul_macs":0,"matmul_rows_per_core":0.0,"matmul_cols_per_core":0.0,"matmul_a_bytes":0,"matmul_b_bytes":0,"hbm_pattern":""}]
SUMMARY op=add3 rows=2048 cols=4096 cores=32 tiles=0 lx=0 io_hbm_bytes=100663296 kernel_us=932.578 pred_us=928.468 err_pct=-0.4 bw_gbps=107.9 memset_us=247.525 other_dev_us=1011.190 total_dev_us=2191.293
-- add4 [2048,4096]
  op_it_space_splits={d0: 32, d1: 1}
  op_it_space_splits={d0: 32, d1: 1}
  op_it_space_splits={d0: 32, d1: 1}
IO -- device-layout I/O (cost model, stick-padded) --
IO   op add
IO     output op0                    torch [2048, 4096] -> device [64, 2048, 64] in HBM = 8388608 elems x 2B = 16777216 B  (hbm counted: 16777216 B)
IO     input  arg0_1                 torch [2048, 4096] -> device [64, 2048, 64] in HBM = 8388608 elems x 2B = 16777216 B  (hbm counted: 16777216 B)
IO     input  arg1_1                 torch [2048, 4096] -> device [64, 2048, 64] in HBM = 8388608 elems x 2B = 16777216 B  (hbm counted: 16777216 B)
IO   op add_1
IO     output op1                    torch [2048, 4096] -> device [64, 2048, 64] in HBM = 8388608 elems x 2B = 16777216 B  (hbm counted: 16777216 B)
IO     input  buf0                   torch [2048, 4096] -> device [64, 2048, 64] in HBM = 8388608 elems x 2B = 16777216 B  (hbm counted: 16777216 B)
IO     input  arg2_1                 torch [2048, 4096] -> device [64, 2048, 64] in HBM = 8388608 elems x 2B = 16777216 B  (hbm counted: 16777216 B)
IO   op add_2
IO     output op2                    torch [2048, 4096] -> device [64, 2048, 64] in HBM = 8388608 elems x 2B = 16777216 B  (hbm counted: 16777216 B)
IO     input  buf1                   torch [2048, 4096] -> device [64, 2048, 64] in HBM = 8388608 elems x 2B = 16777216 B  (hbm counted: 16777216 B)
IO     input  arg3_1                 torch [2048, 4096] -> device [64, 2048, 64] in HBM = 8388608 elems x 2B = 16777216 B  (hbm counted: 16777216 B)
IO   => HBM I/O total = 150994944 B  (lx 0 B, ~free)
MODEL -- estimate (turnaround): T = (R+W)/BW_PEAK + a*min(R,W) --
MODEL   R=100663296 B (read)   W=50331648 B (write)   loop_trip L=1
MODEL   base = (R+W)/150 = 1006.63 us
MODEL   turn = a*min(R,W) = 0.00574*50331648 = 288.90 us
MODEL   => T_model = 1489.87 us
MODEL FEATS [{"name":"add","is_reduction":false,"out_elems":8388608,"cores":32,"dtype_bytes":2,"args":[{"name":"op0","role":"output","mem":"hbm","elems":8388608,"broadcast":false,"dims":[64,2048,64],"logical":[2048,4096],"loop_factor":1},{"name":"arg0_1","role":"input","mem":"hbm","elems":8388608,"broadcast":false,"dims":[64,2048,64],"logical":[2048,4096],"loop_factor":1},{"name":"arg1_1","role":"input","mem":"hbm","elems":8388608,"broadcast":false,"dims":[64,2048,64],"logical":[2048,4096],"loop_factor":1}],"reduction_cores":1,"loop_trip":1,"tiles_output_dim":false,"tile_rows_per_core":0.0,"is_matmul":false,"matmul_macs":0,"matmul_rows_per_core":0.0,"matmul_cols_per_core":0.0,"matmul_a_bytes":0,"matmul_b_bytes":0,"hbm_pattern":""},{"name":"add_1","is_reduction":false,"out_elems":8388608,"cores":32,"dtype_bytes":2,"args":[{"name":"op1","role":"output","mem":"hbm","elems":8388608,"broadcast":false,"dims":[64,2048,64],"logical":[2048,4096],"loop_factor":1},{"name":"buf0","role":"input","mem":"hbm","elems":8388608,"broadcast":false,"dims":[64,2048,64],"logical":[2048,4096],"loop_factor":1},{"name":"arg2_1","role":"input","mem":"hbm","elems":8388608,"broadcast":false,"dims":[64,2048,64],"logical":[2048,4096],"loop_factor":1}],"reduction_cores":1,"loop_trip":1,"tiles_output_dim":false,"tile_rows_per_core":0.0,"is_matmul":false,"matmul_macs":0,"matmul_rows_per_core":0.0,"matmul_cols_per_core":0.0,"matmul_a_bytes":0,"matmul_b_bytes":0,"hbm_pattern":""},{"name":"add_2","is_reduction":false,"out_elems":8388608,"cores":32,"dtype_bytes":2,"args":[{"name":"op2","role":"output","mem":"hbm","elems":8388608,"broadcast":false,"dims":[64,2048,64],"logical":[2048,4096],"loop_factor":1},{"name":"buf1","role":"input","mem":"hbm","elems":8388608,"broadcast":false,"dims":[64,2048,64],"logical":[2048,4096],"loop_factor":1},{"name":"arg3_1","role":"input","mem":"hbm","elems":8388608,"broadcast":false,"dims":[64,2048,64],"logical":[2048,4096],"loop_factor":1}],"reduction_cores":1,"loop_trip":1,"tiles_output_dim":false,"tile_rows_per_core":0.0,"is_matmul":false,"matmul_macs":0,"matmul_rows_per_core":0.0,"matmul_cols_per_core":0.0,"matmul_a_bytes":0,"matmul_b_bytes":0,"hbm_pattern":""}]
SUMMARY op=add4 rows=2048 cols=4096 cores=32 tiles=0 lx=0 io_hbm_bytes=150994944 kernel_us=1520.709 pred_us=1489.867 err_pct=-2.0 bw_gbps=99.3 memset_us=278.901 other_dev_us=973.757 total_dev_us=2773.367
-- neg [2048,16384]
  op_it_space_splits={d0: 32, d1: 1}
IO -- device-layout I/O (cost model, stick-padded) --
IO   op neg
IO     output op0                    torch [2048, 16384] -> device [256, 2048, 64] in HBM = 33554432 elems x 2B = 67108864 B  (hbm counted: 67108864 B)
IO     input  arg0_1                 torch [2048, 16384] -> device [256, 2048, 64] in HBM = 33554432 elems x 2B = 67108864 B  (hbm counted: 67108864 B)
IO   => HBM I/O total = 134217728 B  (lx 0 B, ~free)
MODEL -- estimate (turnaround): T = (R+W)/BW_PEAK + a*min(R,W) --
MODEL   R=67108864 B (read)   W=67108864 B (write)   loop_trip L=1
MODEL   base = (R+W)/150 = 894.78 us
MODEL   turn = a*min(R,W) = 0.00574*67108864 = 385.20 us
MODEL   => T_model = 1279.99 us
MODEL FEATS [{"name":"neg","is_reduction":false,"out_elems":33554432,"cores":32,"dtype_bytes":2,"args":[{"name":"op0","role":"output","mem":"hbm","elems":33554432,"broadcast":false,"dims":[256,2048,64],"logical":[2048,16384],"loop_factor":1},{"name":"arg0_1","role":"input","mem":"hbm","elems":33554432,"broadcast":false,"dims":[256,2048,64],"logical":[2048,16384],"loop_factor":1}],"reduction_cores":1,"loop_trip":1,"tiles_output_dim":false,"tile_rows_per_core":0.0,"is_matmul":false,"matmul_macs":0,"matmul_rows_per_core":0.0,"matmul_cols_per_core":0.0,"matmul_a_bytes":0,"matmul_b_bytes":0,"hbm_pattern":""}]
SUMMARY op=neg rows=2048 cols=16384 cores=32 tiles=0 lx=0 io_hbm_bytes=134217728 kernel_us=1311.539 pred_us=1279.990 err_pct=-2.4 bw_gbps=102.3 memset_us=1048.798 other_dev_us=6190.557 total_dev_us=8550.894
-- copy [2048,16384]
  op_it_space_splits={d0: 32, d1: 1}
IO -- device-layout I/O (cost model, stick-padded) --
IO   op add
IO     output op0                    torch [2048, 16384] -> device [256, 2048, 64] in HBM = 33554432 elems x 2B = 67108864 B  (hbm counted: 67108864 B)
IO     input  arg0_1                 torch [2048, 16384] -> device [256, 2048, 64] in HBM = 33554432 elems x 2B = 67108864 B  (hbm counted: 67108864 B)
IO     input  buf1                   device [1, 64] in HBM = 64 elems x 2B = 128 B  (hbm counted: 128 B) broadcast (loaded once)
IO   => HBM I/O total = 134217856 B  (lx 0 B, ~free)
MODEL -- estimate (turnaround): T = (R+W)/BW_PEAK + a*min(R,W) --
MODEL   R=67108992 B (read)   W=67108864 B (write)   loop_trip L=1
MODEL   base = (R+W)/150 = 894.79 us
MODEL   turn = a*min(R,W) = 0.00574*67108864 = 385.20 us
MODEL   => T_model = 1279.99 us
MODEL FEATS [{"name":"add","is_reduction":false,"out_elems":33554432,"cores":32,"dtype_bytes":2,"args":[{"name":"op0","role":"output","mem":"hbm","elems":33554432,"broadcast":false,"dims":[256,2048,64],"logical":[2048,16384],"loop_factor":1},{"name":"arg0_1","role":"input","mem":"hbm","elems":33554432,"broadcast":false,"dims":[256,2048,64],"logical":[2048,16384],"loop_factor":1},{"name":"buf1","role":"input","mem":"hbm","elems":64,"broadcast":true,"dims":[1,64],"logical":[],"loop_factor":1}],"reduction_cores":1,"loop_trip":1,"tiles_output_dim":false,"tile_rows_per_core":0.0,"is_matmul":false,"matmul_macs":0,"matmul_rows_per_core":0.0,"matmul_cols_per_core":0.0,"matmul_a_bytes":0,"matmul_b_bytes":0,"hbm_pattern":""}]
SUMMARY op=copy rows=2048 cols=16384 cores=32 tiles=0 lx=0 io_hbm_bytes=134217856 kernel_us=1131.777 pred_us=1279.991 err_pct=+13.1 bw_gbps=118.6 memset_us=1017.482 other_dev_us=6484.243 total_dev_us=8633.502
-- gelu [2048,16384]
  op_it_space_splits={d0: 32, d1: 1}
IO -- device-layout I/O (cost model, stick-padded) --
IO   op gelu
IO     output op0                    torch [2048, 16384] -> device [256, 2048, 64] in HBM = 33554432 elems x 2B = 67108864 B  (hbm counted: 67108864 B)
IO     input  arg0_1                 torch [2048, 16384] -> device [256, 2048, 64] in HBM = 33554432 elems x 2B = 67108864 B  (hbm counted: 67108864 B)
IO   => HBM I/O total = 134217728 B  (lx 0 B, ~free)
MODEL -- estimate (turnaround): T = (R+W)/BW_PEAK + a*min(R,W) --
MODEL   R=67108864 B (read)   W=67108864 B (write)   loop_trip L=1
MODEL   base = (R+W)/150 = 894.78 us
MODEL   turn = a*min(R,W) = 0.00574*67108864 = 385.20 us
MODEL   => T_model = 1279.99 us
MODEL FEATS [{"name":"gelu","is_reduction":false,"out_elems":33554432,"cores":32,"dtype_bytes":2,"args":[{"name":"op0","role":"output","mem":"hbm","elems":33554432,"broadcast":false,"dims":[256,2048,64],"logical":[2048,16384],"loop_factor":1},{"name":"arg0_1","role":"input","mem":"hbm","elems":33554432,"broadcast":false,"dims":[256,2048,64],"logical":[2048,16384],"loop_factor":1}],"reduction_cores":1,"loop_trip":1,"tiles_output_dim":false,"tile_rows_per_core":0.0,"is_matmul":false,"matmul_macs":0,"matmul_rows_per_core":0.0,"matmul_cols_per_core":0.0,"matmul_a_bytes":0,"matmul_b_bytes":0,"hbm_pattern":""}]
SUMMARY op=gelu rows=2048 cols=16384 cores=32 tiles=0 lx=0 io_hbm_bytes=134217728 kernel_us=1314.509 pred_us=1279.990 err_pct=-2.6 bw_gbps=102.1 memset_us=1037.631 other_dev_us=6422.986 total_dev_us=8775.126
-- exp [2048,16384]
  op_it_space_splits={d0: 32, d1: 1}
IO -- device-layout I/O (cost model, stick-padded) --
IO   op exp
IO     output op0                    torch [2048, 16384] -> device [256, 2048, 64] in HBM = 33554432 elems x 2B = 67108864 B  (hbm counted: 67108864 B)
IO     input  arg0_1                 torch [2048, 16384] -> device [256, 2048, 64] in HBM = 33554432 elems x 2B = 67108864 B  (hbm counted: 67108864 B)
IO   => HBM I/O total = 134217728 B  (lx 0 B, ~free)
MODEL -- estimate (turnaround): T = (R+W)/BW_PEAK + a*min(R,W) --
MODEL   R=67108864 B (read)   W=67108864 B (write)   loop_trip L=1
MODEL   base = (R+W)/150 = 894.78 us
MODEL   turn = a*min(R,W) = 0.00574*67108864 = 385.20 us
MODEL   => T_model = 1279.99 us
MODEL FEATS [{"name":"exp","is_reduction":false,"out_elems":33554432,"cores":32,"dtype_bytes":2,"args":[{"name":"op0","role":"output","mem":"hbm","elems":33554432,"broadcast":false,"dims":[256,2048,64],"logical":[2048,16384],"loop_factor":1},{"name":"arg0_1","role":"input","mem":"hbm","elems":33554432,"broadcast":false,"dims":[256,2048,64],"logical":[2048,16384],"loop_factor":1}],"reduction_cores":1,"loop_trip":1,"tiles_output_dim":false,"tile_rows_per_core":0.0,"is_matmul":false,"matmul_macs":0,"matmul_rows_per_core":0.0,"matmul_cols_per_core":0.0,"matmul_a_bytes":0,"matmul_b_bytes":0,"hbm_pattern":""}]
SUMMARY op=exp rows=2048 cols=16384 cores=32 tiles=0 lx=0 io_hbm_bytes=134217728 kernel_us=1310.391 pred_us=1279.990 err_pct=-2.3 bw_gbps=102.4 memset_us=1029.999 other_dev_us=6343.313 total_dev_us=8683.703
-- mul [2048,16384]
  op_it_space_splits={d0: 32, d1: 1}
IO -- device-layout I/O (cost model, stick-padded) --
IO   op mul
IO     output op0                    torch [2048, 16384] -> device [256, 2048, 64] in HBM = 33554432 elems x 2B = 67108864 B  (hbm counted: 67108864 B)
IO     input  arg0_1                 torch [2048, 16384] -> device [256, 2048, 64] in HBM = 33554432 elems x 2B = 67108864 B  (hbm counted: 67108864 B)
IO     input  arg1_1                 torch [2048, 16384] -> device [256, 2048, 64] in HBM = 33554432 elems x 2B = 67108864 B  (hbm counted: 67108864 B)
IO   => HBM I/O total = 201326592 B  (lx 0 B, ~free)
MODEL -- estimate (turnaround): T = (R+W)/BW_PEAK + a*min(R,W) --
MODEL   R=134217728 B (read)   W=67108864 B (write)   loop_trip L=1
MODEL   base = (R+W)/150 = 1342.18 us
MODEL   turn = a*min(R,W) = 0.00574*67108864 = 385.20 us
MODEL   => T_model = 1727.38 us
MODEL FEATS [{"name":"mul","is_reduction":false,"out_elems":33554432,"cores":32,"dtype_bytes":2,"args":[{"name":"op0","role":"output","mem":"hbm","elems":33554432,"broadcast":false,"dims":[256,2048,64],"logical":[2048,16384],"loop_factor":1},{"name":"arg0_1","role":"input","mem":"hbm","elems":33554432,"broadcast":false,"dims":[256,2048,64],"logical":[2048,16384],"loop_factor":1},{"name":"arg1_1","role":"input","mem":"hbm","elems":33554432,"broadcast":false,"dims":[256,2048,64],"logical":[2048,16384],"loop_factor":1}],"reduction_cores":1,"loop_trip":1,"tiles_output_dim":false,"tile_rows_per_core":0.0,"is_matmul":false,"matmul_macs":0,"matmul_rows_per_core":0.0,"matmul_cols_per_core":0.0,"matmul_a_bytes":0,"matmul_b_bytes":0,"hbm_pattern":""}]
SUMMARY op=mul rows=2048 cols=16384 cores=32 tiles=0 lx=0 io_hbm_bytes=201326592 kernel_us=1767.149 pred_us=1727.382 err_pct=-2.3 bw_gbps=113.9 memset_us=1064.179 other_dev_us=5936.206 total_dev_us=8767.534
-- add [2048,16384]
  op_it_space_splits={d0: 32, d1: 1}
IO -- device-layout I/O (cost model, stick-padded) --
IO   op add
IO     output op0                    torch [2048, 16384] -> device [256, 2048, 64] in HBM = 33554432 elems x 2B = 67108864 B  (hbm counted: 67108864 B)
IO     input  arg0_1                 torch [2048, 16384] -> device [256, 2048, 64] in HBM = 33554432 elems x 2B = 67108864 B  (hbm counted: 67108864 B)
IO     input  arg1_1                 torch [2048, 16384] -> device [256, 2048, 64] in HBM = 33554432 elems x 2B = 67108864 B  (hbm counted: 67108864 B)
IO   => HBM I/O total = 201326592 B  (lx 0 B, ~free)
MODEL -- estimate (turnaround): T = (R+W)/BW_PEAK + a*min(R,W) --
MODEL   R=134217728 B (read)   W=67108864 B (write)   loop_trip L=1
MODEL   base = (R+W)/150 = 1342.18 us
MODEL   turn = a*min(R,W) = 0.00574*67108864 = 385.20 us
MODEL   => T_model = 1727.38 us
MODEL FEATS [{"name":"add","is_reduction":false,"out_elems":33554432,"cores":32,"dtype_bytes":2,"args":[{"name":"op0","role":"output","mem":"hbm","elems":33554432,"broadcast":false,"dims":[256,2048,64],"logical":[2048,16384],"loop_factor":1},{"name":"arg0_1","role":"input","mem":"hbm","elems":33554432,"broadcast":false,"dims":[256,2048,64],"logical":[2048,16384],"loop_factor":1},{"name":"arg1_1","role":"input","mem":"hbm","elems":33554432,"broadcast":false,"dims":[256,2048,64],"logical":[2048,16384],"loop_factor":1}],"reduction_cores":1,"loop_trip":1,"tiles_output_dim":false,"tile_rows_per_core":0.0,"is_matmul":false,"matmul_macs":0,"matmul_rows_per_core":0.0,"matmul_cols_per_core":0.0,"matmul_a_bytes":0,"matmul_b_bytes":0,"hbm_pattern":""}]
SUMMARY op=add rows=2048 cols=16384 cores=32 tiles=0 lx=0 io_hbm_bytes=201326592 kernel_us=1768.069 pred_us=1727.382 err_pct=-2.3 bw_gbps=113.9 memset_us=1119.604 other_dev_us=5391.367 total_dev_us=8279.040
-- add3 [2048,16384]
  op_it_space_splits={d0: 32, d1: 1}
  op_it_space_splits={d0: 32, d1: 1}
IO -- device-layout I/O (cost model, stick-padded) --
IO   op add
IO     output op0                    torch [2048, 16384] -> device [256, 2048, 64] in HBM = 33554432 elems x 2B = 67108864 B  (hbm counted: 67108864 B)
IO     input  arg0_1                 torch [2048, 16384] -> device [256, 2048, 64] in HBM = 33554432 elems x 2B = 67108864 B  (hbm counted: 67108864 B)
IO     input  arg1_1                 torch [2048, 16384] -> device [256, 2048, 64] in HBM = 33554432 elems x 2B = 67108864 B  (hbm counted: 67108864 B)
IO   op add_1
IO     output op1                    torch [2048, 16384] -> device [256, 2048, 64] in HBM = 33554432 elems x 2B = 67108864 B  (hbm counted: 67108864 B)
IO     input  buf0                   torch [2048, 16384] -> device [256, 2048, 64] in HBM = 33554432 elems x 2B = 67108864 B  (hbm counted: 67108864 B)
IO     input  arg2_1                 torch [2048, 16384] -> device [256, 2048, 64] in HBM = 33554432 elems x 2B = 67108864 B  (hbm counted: 67108864 B)
IO   => HBM I/O total = 402653184 B  (lx 0 B, ~free)
MODEL -- estimate (turnaround): T = (R+W)/BW_PEAK + a*min(R,W) --
MODEL   R=268435456 B (read)   W=134217728 B (write)   loop_trip L=1
MODEL   base = (R+W)/150 = 2684.35 us
MODEL   turn = a*min(R,W) = 0.00574*134217728 = 770.41 us
MODEL   => T_model = 3713.87 us
MODEL FEATS [{"name":"add","is_reduction":false,"out_elems":33554432,"cores":32,"dtype_bytes":2,"args":[{"name":"op0","role":"output","mem":"hbm","elems":33554432,"broadcast":false,"dims":[256,2048,64],"logical":[2048,16384],"loop_factor":1},{"name":"arg0_1","role":"input","mem":"hbm","elems":33554432,"broadcast":false,"dims":[256,2048,64],"logical":[2048,16384],"loop_factor":1},{"name":"arg1_1","role":"input","mem":"hbm","elems":33554432,"broadcast":false,"dims":[256,2048,64],"logical":[2048,16384],"loop_factor":1}],"reduction_cores":1,"loop_trip":1,"tiles_output_dim":false,"tile_rows_per_core":0.0,"is_matmul":false,"matmul_macs":0,"matmul_rows_per_core":0.0,"matmul_cols_per_core":0.0,"matmul_a_bytes":0,"matmul_b_bytes":0,"hbm_pattern":""},{"name":"add_1","is_reduction":false,"out_elems":33554432,"cores":32,"dtype_bytes":2,"args":[{"name":"op1","role":"output","mem":"hbm","elems":33554432,"broadcast":false,"dims":[256,2048,64],"logical":[2048,16384],"loop_factor":1},{"name":"buf0","role":"input","mem":"hbm","elems":33554432,"broadcast":false,"dims":[256,2048,64],"logical":[2048,16384],"loop_factor":1},{"name":"arg2_1","role":"input","mem":"hbm","elems":33554432,"broadcast":false,"dims":[256,2048,64],"logical":[2048,16384],"loop_factor":1}],"reduction_cores":1,"loop_trip":1,"tiles_output_dim":false,"tile_rows_per_core":0.0,"is_matmul":false,"matmul_macs":0,"matmul_rows_per_core":0.0,"matmul_cols_per_core":0.0,"matmul_a_bytes":0,"matmul_b_bytes":0,"hbm_pattern":""}]
SUMMARY op=add3 rows=2048 cols=16384 cores=32 tiles=0 lx=0 io_hbm_bytes=402653184 kernel_us=3739.156 pred_us=3713.872 err_pct=-0.7 bw_gbps=107.7 memset_us=1033.431 other_dev_us=6009.370 total_dev_us=10781.957
-- add4 [2048,16384]
  op_it_space_splits={d0: 32, d1: 1}
  op_it_space_splits={d0: 32, d1: 1}
  op_it_space_splits={d0: 32, d1: 1}
IO -- device-layout I/O (cost model, stick-padded) --
IO   op add
IO     output op0                    torch [2048, 16384] -> device [256, 2048, 64] in HBM = 33554432 elems x 2B = 67108864 B  (hbm counted: 67108864 B)
IO     input  arg0_1                 torch [2048, 16384] -> device [256, 2048, 64] in HBM = 33554432 elems x 2B = 67108864 B  (hbm counted: 67108864 B)
IO     input  arg1_1                 torch [2048, 16384] -> device [256, 2048, 64] in HBM = 33554432 elems x 2B = 67108864 B  (hbm counted: 67108864 B)
IO   op add_1
IO     output op1                    torch [2048, 16384] -> device [256, 2048, 64] in HBM = 33554432 elems x 2B = 67108864 B  (hbm counted: 67108864 B)
IO     input  buf0                   torch [2048, 16384] -> device [256, 2048, 64] in HBM = 33554432 elems x 2B = 67108864 B  (hbm counted: 67108864 B)
IO     input  arg2_1                 torch [2048, 16384] -> device [256, 2048, 64] in HBM = 33554432 elems x 2B = 67108864 B  (hbm counted: 67108864 B)
IO   op add_2
IO     output op2                    torch [2048, 16384] -> device [256, 2048, 64] in HBM = 33554432 elems x 2B = 67108864 B  (hbm counted: 67108864 B)
IO     input  buf1                   torch [2048, 16384] -> device [256, 2048, 64] in HBM = 33554432 elems x 2B = 67108864 B  (hbm counted: 67108864 B)
IO     input  arg3_1                 torch [2048, 16384] -> device [256, 2048, 64] in HBM = 33554432 elems x 2B = 67108864 B  (hbm counted: 67108864 B)
IO   => HBM I/O total = 603979776 B  (lx 0 B, ~free)
MODEL -- estimate (turnaround): T = (R+W)/BW_PEAK + a*min(R,W) --
MODEL   R=402653184 B (read)   W=201326592 B (write)   loop_trip L=1
MODEL   base = (R+W)/150 = 4026.53 us
MODEL   turn = a*min(R,W) = 0.00574*201326592 = 1155.61 us
MODEL   => T_model = 5959.47 us
MODEL FEATS [{"name":"add","is_reduction":false,"out_elems":33554432,"cores":32,"dtype_bytes":2,"args":[{"name":"op0","role":"output","mem":"hbm","elems":33554432,"broadcast":false,"dims":[256,2048,64],"logical":[2048,16384],"loop_factor":1},{"name":"arg0_1","role":"input","mem":"hbm","elems":33554432,"broadcast":false,"dims":[256,2048,64],"logical":[2048,16384],"loop_factor":1},{"name":"arg1_1","role":"input","mem":"hbm","elems":33554432,"broadcast":false,"dims":[256,2048,64],"logical":[2048,16384],"loop_factor":1}],"reduction_cores":1,"loop_trip":1,"tiles_output_dim":false,"tile_rows_per_core":0.0,"is_matmul":false,"matmul_macs":0,"matmul_rows_per_core":0.0,"matmul_cols_per_core":0.0,"matmul_a_bytes":0,"matmul_b_bytes":0,"hbm_pattern":""},{"name":"add_1","is_reduction":false,"out_elems":33554432,"cores":32,"dtype_bytes":2,"args":[{"name":"op1","role":"output","mem":"hbm","elems":33554432,"broadcast":false,"dims":[256,2048,64],"logical":[2048,16384],"loop_factor":1},{"name":"buf0","role":"input","mem":"hbm","elems":33554432,"broadcast":false,"dims":[256,2048,64],"logical":[2048,16384],"loop_factor":1},{"name":"arg2_1","role":"input","mem":"hbm","elems":33554432,"broadcast":false,"dims":[256,2048,64],"logical":[2048,16384],"loop_factor":1}],"reduction_cores":1,"loop_trip":1,"tiles_output_dim":false,"tile_rows_per_core":0.0,"is_matmul":false,"matmul_macs":0,"matmul_rows_per_core":0.0,"matmul_cols_per_core":0.0,"matmul_a_bytes":0,"matmul_b_bytes":0,"hbm_pattern":""},{"name":"add_2","is_reduction":false,"out_elems":33554432,"cores":32,"dtype_bytes":2,"args":[{"name":"op2","role":"output","mem":"hbm","elems":33554432,"broadcast":false,"dims":[256,2048,64],"logical":[2048,16384],"loop_factor":1},{"name":"buf1","role":"input","mem":"hbm","elems":33554432,"broadcast":false,"dims":[256,2048,64],"logical":[2048,16384],"loop_factor":1},{"name":"arg3_1","role":"input","mem":"hbm","elems":33554432,"broadcast":false,"dims":[256,2048,64],"logical":[2048,16384],"loop_factor":1}],"reduction_cores":1,"loop_trip":1,"tiles_output_dim":false,"tile_rows_per_core":0.0,"is_matmul":false,"matmul_macs":0,"matmul_rows_per_core":0.0,"matmul_cols_per_core":0.0,"matmul_a_bytes":0,"matmul_b_bytes":0,"hbm_pattern":""}]
SUMMARY op=add4 rows=2048 cols=16384 cores=32 tiles=0 lx=0 io_hbm_bytes=603979776 kernel_us=6145.452 pred_us=5959.468 err_pct=-3.0 bw_gbps=98.3 memset_us=1034.583 other_dev_us=6284.760 total_dev_us=13464.795
## HB2 reduction: {sumrow,sumcol,amax,mean,sumall,read} x COLS
-- sumrow [2048,2048]
  op_it_space_splits={d0: 32, d1: 1}
IO -- device-layout I/O (cost model, stick-padded) --
IO   op sum_1 [reduction]
IO     output op0                    torch [2048] -> device [1, 2048, 64] in HBM = 131072 elems x 2B = 262144 B  (hbm counted: 262144 B)
IO     input  arg0_1                 torch [2048, 2048] -> device [32, 2048, 64] in HBM = 4194304 elems x 2B = 8388608 B  (hbm counted: 8388608 B)
IO   => HBM I/O total = 8650752 B  (lx 0 B, ~free)
MODEL -- estimate (turnaround): T = (R+W)/BW_PEAK + a*min(R,W) --
MODEL   R=8388608 B (read)   W=262144 B (write)   loop_trip L=1
MODEL   base = (R+W)/150 = 57.67 us
MODEL   turn = a*min(R,W) = 0.00574*262144 = 1.50 us
MODEL   => T_model = 59.18 us
MODEL FEATS [{"name":"sum_1","is_reduction":true,"out_elems":131072,"cores":32,"dtype_bytes":2,"args":[{"name":"op0","role":"output","mem":"hbm","elems":131072,"broadcast":false,"dims":[1,2048,64],"logical":[2048],"loop_factor":1},{"name":"arg0_1","role":"input","mem":"hbm","elems":4194304,"broadcast":false,"dims":[32,2048,64],"logical":[2048,2048],"loop_factor":1}],"reduction_cores":1,"loop_trip":1,"tiles_output_dim":false,"tile_rows_per_core":0.0,"is_matmul":false,"matmul_macs":0,"matmul_rows_per_core":0.0,"matmul_cols_per_core":0.0,"matmul_a_bytes":0,"matmul_b_bytes":0,"hbm_pattern":""}]
SUMMARY op=sumrow rows=2048 cols=2048 cores=32 tiles=0 lx=0 io_hbm_bytes=8650752 kernel_us=58.769 pred_us=59.176 err_pct=+0.7 bw_gbps=147.2 memset_us=23.361 other_dev_us=23.055 total_dev_us=105.185
-- sumcol [2048,2048]
  op_it_space_splits={d0: 32, d1: 1}
IO -- device-layout I/O (cost model, stick-padded) --
IO   op sum_1 [reduction]
IO     output op0                    torch [2048] -> device [32, 64] in HBM = 2048 elems x 2B = 4096 B  (hbm counted: 4096 B)
IO     input  arg0_1                 torch [2048, 2048] -> device [32, 2048, 64] in HBM = 4194304 elems x 2B = 8388608 B  (hbm counted: 8388608 B)
IO   => HBM I/O total = 8392704 B  (lx 0 B, ~free)
MODEL -- estimate (turnaround): T = (R+W)/BW_PEAK + a*min(R,W) --
MODEL   R=8388608 B (read)   W=4096 B (write)   loop_trip L=1
MODEL   base = (R+W)/150 = 55.95 us
MODEL   turn = a*min(R,W) = 0.00574*4096 = 0.02 us
MODEL   => T_model = 74.27 us
MODEL FEATS [{"name":"sum_1","is_reduction":true,"out_elems":2048,"cores":32,"dtype_bytes":2,"args":[{"name":"op0","role":"output","mem":"hbm","elems":2048,"broadcast":false,"dims":[32,64],"logical":[2048],"loop_factor":1},{"name":"arg0_1","role":"input","mem":"hbm","elems":4194304,"broadcast":false,"dims":[32,2048,64],"logical":[2048,2048],"loop_factor":1}],"reduction_cores":1,"loop_trip":1,"tiles_output_dim":false,"tile_rows_per_core":0.0,"is_matmul":false,"matmul_macs":0,"matmul_rows_per_core":0.0,"matmul_cols_per_core":0.0,"matmul_a_bytes":0,"matmul_b_bytes":0,"hbm_pattern":"reduce_outer"}]
SUMMARY op=sumcol rows=2048 cols=2048 cores=32 tiles=0 lx=0 io_hbm_bytes=8392704 kernel_us=70.578 pred_us=74.272 err_pct=+5.2 bw_gbps=118.9 memset_us=17.823 other_dev_us=18.249 total_dev_us=106.650
-- amax [2048,2048]
  op_it_space_splits={d0: 32, d1: 1}
IO -- device-layout I/O (cost model, stick-padded) --
IO   op amax [reduction]
IO     output op0                    torch [2048] -> device [1, 2048, 64] in HBM = 131072 elems x 2B = 262144 B  (hbm counted: 262144 B)
IO     input  arg0_1                 torch [2048, 2048] -> device [32, 2048, 64] in HBM = 4194304 elems x 2B = 8388608 B  (hbm counted: 8388608 B)
IO   => HBM I/O total = 8650752 B  (lx 0 B, ~free)
MODEL -- estimate (turnaround): T = (R+W)/BW_PEAK + a*min(R,W) --
MODEL   R=8388608 B (read)   W=262144 B (write)   loop_trip L=1
MODEL   base = (R+W)/150 = 57.67 us
MODEL   turn = a*min(R,W) = 0.00574*262144 = 1.50 us
MODEL   => T_model = 59.18 us
MODEL FEATS [{"name":"amax","is_reduction":true,"out_elems":131072,"cores":32,"dtype_bytes":2,"args":[{"name":"op0","role":"output","mem":"hbm","elems":131072,"broadcast":false,"dims":[1,2048,64],"logical":[2048],"loop_factor":1},{"name":"arg0_1","role":"input","mem":"hbm","elems":4194304,"broadcast":false,"dims":[32,2048,64],"logical":[2048,2048],"loop_factor":1}],"reduction_cores":1,"loop_trip":1,"tiles_output_dim":false,"tile_rows_per_core":0.0,"is_matmul":false,"matmul_macs":0,"matmul_rows_per_core":0.0,"matmul_cols_per_core":0.0,"matmul_a_bytes":0,"matmul_b_bytes":0,"hbm_pattern":""}]
SUMMARY op=amax rows=2048 cols=2048 cores=32 tiles=0 lx=0 io_hbm_bytes=8650752 kernel_us=57.567 pred_us=59.176 err_pct=+2.8 bw_gbps=150.3 memset_us=26.698 other_dev_us=23.080 total_dev_us=107.345
-- mean [2048,2048]
  op_it_space_splits={d0: 32, d1: 1}
IO -- device-layout I/O (cost model, stick-padded) --
IO   op mean [reduction]
IO     output op0                    torch [2048] -> device [1, 2048, 64] in HBM = 131072 elems x 2B = 262144 B  (hbm counted: 262144 B)
IO     input  arg0_1                 torch [2048, 2048] -> device [32, 2048, 64] in HBM = 4194304 elems x 2B = 8388608 B  (hbm counted: 8388608 B)
IO   => HBM I/O total = 8650752 B  (lx 0 B, ~free)
MODEL -- estimate (turnaround): T = (R+W)/BW_PEAK + a*min(R,W) --
MODEL   R=8388608 B (read)   W=262144 B (write)   loop_trip L=1
MODEL   base = (R+W)/150 = 57.67 us
MODEL   turn = a*min(R,W) = 0.00574*262144 = 1.50 us
MODEL   => T_model = 59.18 us
MODEL FEATS [{"name":"mean","is_reduction":true,"out_elems":131072,"cores":32,"dtype_bytes":2,"args":[{"name":"op0","role":"output","mem":"hbm","elems":131072,"broadcast":false,"dims":[1,2048,64],"logical":[2048],"loop_factor":1},{"name":"arg0_1","role":"input","mem":"hbm","elems":4194304,"broadcast":false,"dims":[32,2048,64],"logical":[2048,2048],"loop_factor":1}],"reduction_cores":1,"loop_trip":1,"tiles_output_dim":false,"tile_rows_per_core":0.0,"is_matmul":false,"matmul_macs":0,"matmul_rows_per_core":0.0,"matmul_cols_per_core":0.0,"matmul_a_bytes":0,"matmul_b_bytes":0,"hbm_pattern":""}]
SUMMARY op=mean rows=2048 cols=2048 cores=32 tiles=0 lx=0 io_hbm_bytes=8650752 kernel_us=58.843 pred_us=59.176 err_pct=+0.6 bw_gbps=147.0 memset_us=20.925 other_dev_us=26.059 total_dev_us=105.827
-- sumall [2048,2048]
  op_it_space_splits={d0: 32, d1: 1}
IO -- device-layout I/O (cost model, stick-padded) --
IO   op sum_1 [reduction]
IO     output op0                    device [1, 64] in HBM = 64 elems x 2B = 128 B  (hbm counted: 128 B)
IO     input  arg0_1                 torch [2048, 2048] -> device [32, 2048, 64] in HBM = 4194304 elems x 2B = 8388608 B  (hbm counted: 8388608 B)
IO   => HBM I/O total = 8388736 B  (lx 0 B, ~free)
MODEL -- estimate (turnaround): T = (R+W)/BW_PEAK + a*min(R,W) --
MODEL   R=8388608 B (read)   W=128 B (write)   loop_trip L=1
MODEL   base = (R+W)/150 = 55.92 us
MODEL   turn = a*min(R,W) = 0.00574*128 = 0.00 us
MODEL   => T_model = 55.93 us
MODEL FEATS [{"name":"sum_1","is_reduction":true,"out_elems":64,"cores":32,"dtype_bytes":2,"args":[{"name":"op0","role":"output","mem":"hbm","elems":64,"broadcast":false,"dims":[1,64],"logical":[],"loop_factor":1},{"name":"arg0_1","role":"input","mem":"hbm","elems":4194304,"broadcast":false,"dims":[32,2048,64],"logical":[2048,2048],"loop_factor":1}],"reduction_cores":1,"loop_trip":1,"tiles_output_dim":false,"tile_rows_per_core":0.0,"is_matmul":false,"matmul_macs":0,"matmul_rows_per_core":0.0,"matmul_cols_per_core":0.0,"matmul_a_bytes":0,"matmul_b_bytes":0,"hbm_pattern":""}]
SUMMARY op=sumall rows=2048 cols=2048 cores=32 tiles=0 lx=0 io_hbm_bytes=8388736 kernel_us=54.211 pred_us=55.926 err_pct=+3.2 bw_gbps=154.7 memset_us=16.569 other_dev_us=14.629 total_dev_us=85.409
-- read [2048,2048]
  op_it_space_splits={d0: 32, d1: 1}
IO -- device-layout I/O (cost model, stick-padded) --
IO   op sum_1 [reduction]
IO     output op0                    torch [2048] -> device [1, 2048, 64] in HBM = 131072 elems x 2B = 262144 B  (hbm counted: 262144 B)
IO     input  arg0_1                 torch [2048, 2048] -> device [32, 2048, 64] in HBM = 4194304 elems x 2B = 8388608 B  (hbm counted: 8388608 B)
IO   => HBM I/O total = 8650752 B  (lx 0 B, ~free)
MODEL -- estimate (turnaround): T = (R+W)/BW_PEAK + a*min(R,W) --
MODEL   R=8388608 B (read)   W=262144 B (write)   loop_trip L=1
MODEL   base = (R+W)/150 = 57.67 us
MODEL   turn = a*min(R,W) = 0.00574*262144 = 1.50 us
MODEL   => T_model = 59.18 us
MODEL FEATS [{"name":"sum_1","is_reduction":true,"out_elems":131072,"cores":32,"dtype_bytes":2,"args":[{"name":"op0","role":"output","mem":"hbm","elems":131072,"broadcast":false,"dims":[1,2048,64],"logical":[2048],"loop_factor":1},{"name":"arg0_1","role":"input","mem":"hbm","elems":4194304,"broadcast":false,"dims":[32,2048,64],"logical":[2048,2048],"loop_factor":1}],"reduction_cores":1,"loop_trip":1,"tiles_output_dim":false,"tile_rows_per_core":0.0,"is_matmul":false,"matmul_macs":0,"matmul_rows_per_core":0.0,"matmul_cols_per_core":0.0,"matmul_a_bytes":0,"matmul_b_bytes":0,"hbm_pattern":""}]
SUMMARY op=read rows=2048 cols=2048 cores=32 tiles=0 lx=0 io_hbm_bytes=8650752 kernel_us=57.567 pred_us=59.176 err_pct=+2.8 bw_gbps=150.3 memset_us=28.732 other_dev_us=23.351 total_dev_us=109.650
-- sumrow [2048,8192]
  op_it_space_splits={d0: 32, d1: 1}
IO -- device-layout I/O (cost model, stick-padded) --
IO   op sum_1 [reduction]
IO     output op0                    torch [2048] -> device [1, 2048, 64] in HBM = 131072 elems x 2B = 262144 B  (hbm counted: 262144 B)
IO     input  arg0_1                 torch [2048, 8192] -> device [128, 2048, 64] in HBM = 16777216 elems x 2B = 33554432 B  (hbm counted: 33554432 B)
IO   => HBM I/O total = 33816576 B  (lx 0 B, ~free)
MODEL -- estimate (turnaround): T = (R+W)/BW_PEAK + a*min(R,W) --
MODEL   R=33554432 B (read)   W=262144 B (write)   loop_trip L=1
MODEL   base = (R+W)/150 = 225.44 us
MODEL   turn = a*min(R,W) = 0.00574*262144 = 1.50 us
MODEL   => T_model = 226.95 us
MODEL FEATS [{"name":"sum_1","is_reduction":true,"out_elems":131072,"cores":32,"dtype_bytes":2,"args":[{"name":"op0","role":"output","mem":"hbm","elems":131072,"broadcast":false,"dims":[1,2048,64],"logical":[2048],"loop_factor":1},{"name":"arg0_1","role":"input","mem":"hbm","elems":16777216,"broadcast":false,"dims":[128,2048,64],"logical":[2048,8192],"loop_factor":1}],"reduction_cores":1,"loop_trip":1,"tiles_output_dim":false,"tile_rows_per_core":0.0,"is_matmul":false,"matmul_macs":0,"matmul_rows_per_core":0.0,"matmul_cols_per_core":0.0,"matmul_a_bytes":0,"matmul_b_bytes":0,"hbm_pattern":""}]
SUMMARY op=sumrow rows=2048 cols=8192 cores=32 tiles=0 lx=0 io_hbm_bytes=33816576 kernel_us=220.464 pred_us=226.949 err_pct=+2.9 bw_gbps=153.4 memset_us=21.875 other_dev_us=20.985 total_dev_us=263.324
-- sumcol [2048,8192]
  op_it_space_splits={d0: 32, d1: 1}
IO -- device-layout I/O (cost model, stick-padded) --
IO   op sum_1 [reduction]
IO     output op0                    torch [8192] -> device [128, 64] in HBM = 8192 elems x 2B = 16384 B  (hbm counted: 16384 B)
IO     input  arg0_1                 torch [2048, 8192] -> device [128, 2048, 64] in HBM = 16777216 elems x 2B = 33554432 B  (hbm counted: 33554432 B)
IO   => HBM I/O total = 33570816 B  (lx 0 B, ~free)
MODEL -- estimate (turnaround): T = (R+W)/BW_PEAK + a*min(R,W) --
MODEL   R=33554432 B (read)   W=16384 B (write)   loop_trip L=1
MODEL   base = (R+W)/150 = 223.81 us
MODEL   turn = a*min(R,W) = 0.00574*16384 = 0.09 us
MODEL   => T_model = 297.09 us
MODEL FEATS [{"name":"sum_1","is_reduction":true,"out_elems":8192,"cores":32,"dtype_bytes":2,"args":[{"name":"op0","role":"output","mem":"hbm","elems":8192,"broadcast":false,"dims":[128,64],"logical":[8192],"loop_factor":1},{"name":"arg0_1","role":"input","mem":"hbm","elems":16777216,"broadcast":false,"dims":[128,2048,64],"logical":[2048,8192],"loop_factor":1}],"reduction_cores":1,"loop_trip":1,"tiles_output_dim":false,"tile_rows_per_core":0.0,"is_matmul":false,"matmul_macs":0,"matmul_rows_per_core":0.0,"matmul_cols_per_core":0.0,"matmul_a_bytes":0,"matmul_b_bytes":0,"hbm_pattern":"reduce_outer"}]
SUMMARY op=sumcol rows=2048 cols=8192 cores=32 tiles=0 lx=0 io_hbm_bytes=33570816 kernel_us=292.913 pred_us=297.087 err_pct=+1.4 bw_gbps=114.6 memset_us=19.334 other_dev_us=15.761 total_dev_us=328.008
-- amax [2048,8192]
  op_it_space_splits={d0: 32, d1: 1}
IO -- device-layout I/O (cost model, stick-padded) --
IO   op amax [reduction]
IO     output op0                    torch [2048] -> device [1, 2048, 64] in HBM = 131072 elems x 2B = 262144 B  (hbm counted: 262144 B)
IO     input  arg0_1                 torch [2048, 8192] -> device [128, 2048, 64] in HBM = 16777216 elems x 2B = 33554432 B  (hbm counted: 33554432 B)
IO   => HBM I/O total = 33816576 B  (lx 0 B, ~free)
MODEL -- estimate (turnaround): T = (R+W)/BW_PEAK + a*min(R,W) --
MODEL   R=33554432 B (read)   W=262144 B (write)   loop_trip L=1
MODEL   base = (R+W)/150 = 225.44 us
MODEL   turn = a*min(R,W) = 0.00574*262144 = 1.50 us
MODEL   => T_model = 226.95 us
MODEL FEATS [{"name":"amax","is_reduction":true,"out_elems":131072,"cores":32,"dtype_bytes":2,"args":[{"name":"op0","role":"output","mem":"hbm","elems":131072,"broadcast":false,"dims":[1,2048,64],"logical":[2048],"loop_factor":1},{"name":"arg0_1","role":"input","mem":"hbm","elems":16777216,"broadcast":false,"dims":[128,2048,64],"logical":[2048,8192],"loop_factor":1}],"reduction_cores":1,"loop_trip":1,"tiles_output_dim":false,"tile_rows_per_core":0.0,"is_matmul":false,"matmul_macs":0,"matmul_rows_per_core":0.0,"matmul_cols_per_core":0.0,"matmul_a_bytes":0,"matmul_b_bytes":0,"hbm_pattern":""}]
SUMMARY op=amax rows=2048 cols=8192 cores=32 tiles=0 lx=0 io_hbm_bytes=33816576 kernel_us=219.650 pred_us=226.949 err_pct=+3.3 bw_gbps=154.0 memset_us=27.412 other_dev_us=23.999 total_dev_us=271.061
-- mean [2048,8192]
  op_it_space_splits={d0: 32, d1: 1}
IO -- device-layout I/O (cost model, stick-padded) --
IO   op mean [reduction]
IO     output op0                    torch [2048] -> device [1, 2048, 64] in HBM = 131072 elems x 2B = 262144 B  (hbm counted: 262144 B)
IO     input  arg0_1                 torch [2048, 8192] -> device [128, 2048, 64] in HBM = 16777216 elems x 2B = 33554432 B  (hbm counted: 33554432 B)
IO   => HBM I/O total = 33816576 B  (lx 0 B, ~free)
MODEL -- estimate (turnaround): T = (R+W)/BW_PEAK + a*min(R,W) --
MODEL   R=33554432 B (read)   W=262144 B (write)   loop_trip L=1
MODEL   base = (R+W)/150 = 225.44 us
MODEL   turn = a*min(R,W) = 0.00574*262144 = 1.50 us
MODEL   => T_model = 226.95 us
MODEL FEATS [{"name":"mean","is_reduction":true,"out_elems":131072,"cores":32,"dtype_bytes":2,"args":[{"name":"op0","role":"output","mem":"hbm","elems":131072,"broadcast":false,"dims":[1,2048,64],"logical":[2048],"loop_factor":1},{"name":"arg0_1","role":"input","mem":"hbm","elems":16777216,"broadcast":false,"dims":[128,2048,64],"logical":[2048,8192],"loop_factor":1}],"reduction_cores":1,"loop_trip":1,"tiles_output_dim":false,"tile_rows_per_core":0.0,"is_matmul":false,"matmul_macs":0,"matmul_rows_per_core":0.0,"matmul_cols_per_core":0.0,"matmul_a_bytes":0,"matmul_b_bytes":0,"hbm_pattern":""}]
SUMMARY op=mean rows=2048 cols=8192 cores=32 tiles=0 lx=0 io_hbm_bytes=33816576 kernel_us=218.877 pred_us=226.949 err_pct=+3.7 bw_gbps=154.5 memset_us=31.625 other_dev_us=25.368 total_dev_us=275.870
-- sumall [2048,8192]
  op_it_space_splits={d0: 32, d1: 1}
IO -- device-layout I/O (cost model, stick-padded) --
IO   op sum_1 [reduction]
IO     output op0                    device [1, 64] in HBM = 64 elems x 2B = 128 B  (hbm counted: 128 B)
IO     input  arg0_1                 torch [2048, 8192] -> device [128, 2048, 64] in HBM = 16777216 elems x 2B = 33554432 B  (hbm counted: 33554432 B)
IO   => HBM I/O total = 33554560 B  (lx 0 B, ~free)
MODEL -- estimate (turnaround): T = (R+W)/BW_PEAK + a*min(R,W) --
MODEL   R=33554432 B (read)   W=128 B (write)   loop_trip L=1
MODEL   base = (R+W)/150 = 223.70 us
MODEL   turn = a*min(R,W) = 0.00574*128 = 0.00 us
MODEL   => T_model = 223.70 us
MODEL FEATS [{"name":"sum_1","is_reduction":true,"out_elems":64,"cores":32,"dtype_bytes":2,"args":[{"name":"op0","role":"output","mem":"hbm","elems":64,"broadcast":false,"dims":[1,64],"logical":[],"loop_factor":1},{"name":"arg0_1","role":"input","mem":"hbm","elems":16777216,"broadcast":false,"dims":[128,2048,64],"logical":[2048,8192],"loop_factor":1}],"reduction_cores":1,"loop_trip":1,"tiles_output_dim":false,"tile_rows_per_core":0.0,"is_matmul":false,"matmul_macs":0,"matmul_rows_per_core":0.0,"matmul_cols_per_core":0.0,"matmul_a_bytes":0,"matmul_b_bytes":0,"hbm_pattern":""}]
SUMMARY op=sumall rows=2048 cols=8192 cores=32 tiles=0 lx=0 io_hbm_bytes=33554560 kernel_us=212.186 pred_us=223.698 err_pct=+5.4 bw_gbps=158.1 memset_us=18.491 other_dev_us=17.030 total_dev_us=247.707
-- read [2048,8192]
  op_it_space_splits={d0: 32, d1: 1}
IO -- device-layout I/O (cost model, stick-padded) --
IO   op sum_1 [reduction]
IO     output op0                    torch [2048] -> device [1, 2048, 64] in HBM = 131072 elems x 2B = 262144 B  (hbm counted: 262144 B)
IO     input  arg0_1                 torch [2048, 8192] -> device [128, 2048, 64] in HBM = 16777216 elems x 2B = 33554432 B  (hbm counted: 33554432 B)
IO   => HBM I/O total = 33816576 B  (lx 0 B, ~free)
MODEL -- estimate (turnaround): T = (R+W)/BW_PEAK + a*min(R,W) --
MODEL   R=33554432 B (read)   W=262144 B (write)   loop_trip L=1
MODEL   base = (R+W)/150 = 225.44 us
MODEL   turn = a*min(R,W) = 0.00574*262144 = 1.50 us
MODEL   => T_model = 226.95 us
MODEL FEATS [{"name":"sum_1","is_reduction":true,"out_elems":131072,"cores":32,"dtype_bytes":2,"args":[{"name":"op0","role":"output","mem":"hbm","elems":131072,"broadcast":false,"dims":[1,2048,64],"logical":[2048],"loop_factor":1},{"name":"arg0_1","role":"input","mem":"hbm","elems":16777216,"broadcast":false,"dims":[128,2048,64],"logical":[2048,8192],"loop_factor":1}],"reduction_cores":1,"loop_trip":1,"tiles_output_dim":false,"tile_rows_per_core":0.0,"is_matmul":false,"matmul_macs":0,"matmul_rows_per_core":0.0,"matmul_cols_per_core":0.0,"matmul_a_bytes":0,"matmul_b_bytes":0,"hbm_pattern":""}]
SUMMARY op=read rows=2048 cols=8192 cores=32 tiles=0 lx=0 io_hbm_bytes=33816576 kernel_us=222.874 pred_us=226.949 err_pct=+1.8 bw_gbps=151.7 memset_us=31.941 other_dev_us=23.146 total_dev_us=277.961
## HB3 broadcast: {bcast,mulbcast,bcastcol,write} x ROWS @ C=16384
-- bcast [64,16384]
  op_it_space_splits={d0: 1, d1: 32}
IO -- device-layout I/O (cost model, stick-padded) --
IO   op add
IO     output op0                    torch [64, 16384] -> device [256, 64, 64] in HBM = 1048576 elems x 2B = 2097152 B  (hbm counted: 2097152 B)
IO     input  arg0_1                 torch [64, 16384] -> device [256, 64, 64] in HBM = 1048576 elems x 2B = 2097152 B  (hbm counted: 2097152 B)
IO     input  arg1_1                 torch [1, 16384] -> device [256, 1, 64] in HBM = 16384 elems x 2B = 32768 B  (hbm counted: 32768 B) broadcast (loaded once)
IO   => HBM I/O total = 4227072 B  (lx 0 B, ~free)
MODEL -- estimate (turnaround): T = (R+W)/BW_PEAK + a*min(R,W) --
MODEL   R=2129920 B (read)   W=2097152 B (write)   loop_trip L=1
MODEL   base = (R+W)/150 = 28.18 us
MODEL   turn = a*min(R,W) = 0.00574*2097152 = 12.04 us
MODEL   => T_model = 40.22 us
MODEL FEATS [{"name":"add","is_reduction":false,"out_elems":1048576,"cores":32,"dtype_bytes":2,"args":[{"name":"op0","role":"output","mem":"hbm","elems":1048576,"broadcast":false,"dims":[256,64,64],"logical":[64,16384],"loop_factor":1},{"name":"arg0_1","role":"input","mem":"hbm","elems":1048576,"broadcast":false,"dims":[256,64,64],"logical":[64,16384],"loop_factor":1},{"name":"arg1_1","role":"input","mem":"hbm","elems":16384,"broadcast":true,"dims":[256,1,64],"logical":[1,16384],"loop_factor":1}],"reduction_cores":1,"loop_trip":1,"tiles_output_dim":false,"tile_rows_per_core":0.0,"is_matmul":false,"matmul_macs":0,"matmul_rows_per_core":0.0,"matmul_cols_per_core":0.0,"matmul_a_bytes":0,"matmul_b_bytes":0,"hbm_pattern":""}]
SUMMARY op=bcast rows=64 cols=16384 cores=32 tiles=0 lx=0 io_hbm_bytes=4227072 kernel_us=34.466 pred_us=40.218 err_pct=+16.7 bw_gbps=122.6 memset_us=54.877 other_dev_us=247.910 total_dev_us=337.253
-- mulbcast [64,16384]
  op_it_space_splits={d0: 1, d1: 32}
IO -- device-layout I/O (cost model, stick-padded) --
IO   op mul
IO     output op0                    torch [64, 16384] -> device [256, 64, 64] in HBM = 1048576 elems x 2B = 2097152 B  (hbm counted: 2097152 B)
IO     input  arg0_1                 torch [64, 16384] -> device [256, 64, 64] in HBM = 1048576 elems x 2B = 2097152 B  (hbm counted: 2097152 B)
IO     input  arg1_1                 torch [1, 16384] -> device [256, 1, 64] in HBM = 16384 elems x 2B = 32768 B  (hbm counted: 32768 B) broadcast (loaded once)
IO   => HBM I/O total = 4227072 B  (lx 0 B, ~free)
MODEL -- estimate (turnaround): T = (R+W)/BW_PEAK + a*min(R,W) --
MODEL   R=2129920 B (read)   W=2097152 B (write)   loop_trip L=1
MODEL   base = (R+W)/150 = 28.18 us
MODEL   turn = a*min(R,W) = 0.00574*2097152 = 12.04 us
MODEL   => T_model = 40.22 us
MODEL FEATS [{"name":"mul","is_reduction":false,"out_elems":1048576,"cores":32,"dtype_bytes":2,"args":[{"name":"op0","role":"output","mem":"hbm","elems":1048576,"broadcast":false,"dims":[256,64,64],"logical":[64,16384],"loop_factor":1},{"name":"arg0_1","role":"input","mem":"hbm","elems":1048576,"broadcast":false,"dims":[256,64,64],"logical":[64,16384],"loop_factor":1},{"name":"arg1_1","role":"input","mem":"hbm","elems":16384,"broadcast":true,"dims":[256,1,64],"logical":[1,16384],"loop_factor":1}],"reduction_cores":1,"loop_trip":1,"tiles_output_dim":false,"tile_rows_per_core":0.0,"is_matmul":false,"matmul_macs":0,"matmul_rows_per_core":0.0,"matmul_cols_per_core":0.0,"matmul_a_bytes":0,"matmul_b_bytes":0,"hbm_pattern":""}]
SUMMARY op=mulbcast rows=64 cols=16384 cores=32 tiles=0 lx=0 io_hbm_bytes=4227072 kernel_us=31.550 pred_us=40.218 err_pct=+27.5 bw_gbps=134.0 memset_us=61.963 other_dev_us=327.016 total_dev_us=420.529
-- bcastcol [64,16384]
  op_it_space_splits={d0: 1, d1: 32}
IO -- device-layout I/O (cost model, stick-padded) --
IO   op add
IO     output op0                    torch [64, 16384] -> device [256, 64, 64] in HBM = 1048576 elems x 2B = 2097152 B  (hbm counted: 2097152 B)
IO     input  arg0_1                 torch [64, 16384] -> device [256, 64, 64] in HBM = 1048576 elems x 2B = 2097152 B  (hbm counted: 2097152 B)
IO     input  arg1_1                 torch [64, 1] -> device [1, 64, 64] in HBM = 4096 elems x 2B = 8192 B  (hbm counted: 8192 B) broadcast (loaded once)
IO   => HBM I/O total = 4202496 B  (lx 0 B, ~free)
MODEL -- estimate (turnaround): T = (R+W)/BW_PEAK + a*min(R,W) --
MODEL   R=2105344 B (read)   W=2097152 B (write)   loop_trip L=1
MODEL   base = (R+W)/150 = 28.02 us
MODEL   turn = a*min(R,W) = 0.00574*2097152 = 12.04 us
MODEL   => T_model = 40.05 us
MODEL FEATS [{"name":"add","is_reduction":false,"out_elems":1048576,"cores":32,"dtype_bytes":2,"args":[{"name":"op0","role":"output","mem":"hbm","elems":1048576,"broadcast":false,"dims":[256,64,64],"logical":[64,16384],"loop_factor":1},{"name":"arg0_1","role":"input","mem":"hbm","elems":1048576,"broadcast":false,"dims":[256,64,64],"logical":[64,16384],"loop_factor":1},{"name":"arg1_1","role":"input","mem":"hbm","elems":4096,"broadcast":true,"dims":[1,64,64],"logical":[64,1],"loop_factor":1}],"reduction_cores":1,"loop_trip":1,"tiles_output_dim":false,"tile_rows_per_core":0.0,"is_matmul":false,"matmul_macs":0,"matmul_rows_per_core":0.0,"matmul_cols_per_core":0.0,"matmul_a_bytes":0,"matmul_b_bytes":0,"hbm_pattern":""}]
SUMMARY op=bcastcol rows=64 cols=16384 cores=32 tiles=0 lx=0 io_hbm_bytes=4202496 kernel_us=33.642 pred_us=40.054 err_pct=+19.1 bw_gbps=124.9 memset_us=122.102 other_dev_us=259.666 total_dev_us=415.410
-- write [64,16384]
  op_it_space_splits={d0: 1, d1: 32}
IO -- device-layout I/O (cost model, stick-padded) --
IO   op add
IO     output op0                    torch [64, 16384] -> device [256, 64, 64] in HBM = 1048576 elems x 2B = 2097152 B  (hbm counted: 2097152 B)
IO     input  arg0_1                 torch [1, 16384] -> device [256, 1, 64] in HBM = 16384 elems x 2B = 32768 B  (hbm counted: 32768 B) broadcast (loaded once)
IO     input  arg1_1                 torch [64, 1] -> device [1, 64, 64] in HBM = 4096 elems x 2B = 8192 B  (hbm counted: 8192 B) broadcast (loaded once)
IO   => HBM I/O total = 2138112 B  (lx 0 B, ~free)
MODEL -- estimate (turnaround): T = (R+W)/BW_PEAK + a*min(R,W) --
MODEL   R=40960 B (read)   W=2097152 B (write)   loop_trip L=1
MODEL   base = (R+W)/150 = 14.25 us
MODEL   turn = a*min(R,W) = 0.00574*40960 = 0.24 us
MODEL   => T_model = 14.49 us
MODEL FEATS [{"name":"add","is_reduction":false,"out_elems":1048576,"cores":32,"dtype_bytes":2,"args":[{"name":"op0","role":"output","mem":"hbm","elems":1048576,"broadcast":false,"dims":[256,64,64],"logical":[64,16384],"loop_factor":1},{"name":"arg0_1","role":"input","mem":"hbm","elems":16384,"broadcast":true,"dims":[256,1,64],"logical":[1,16384],"loop_factor":1},{"name":"arg1_1","role":"input","mem":"hbm","elems":4096,"broadcast":true,"dims":[1,64,64],"logical":[64,1],"loop_factor":1}],"reduction_cores":1,"loop_trip":1,"tiles_output_dim":false,"tile_rows_per_core":0.0,"is_matmul":false,"matmul_macs":0,"matmul_rows_per_core":0.0,"matmul_cols_per_core":0.0,"matmul_a_bytes":0,"matmul_b_bytes":0,"hbm_pattern":""}]
SUMMARY op=write rows=64 cols=16384 cores=32 tiles=0 lx=0 io_hbm_bytes=2138112 kernel_us=15.371 pred_us=14.489 err_pct=-5.7 bw_gbps=139.1 memset_us=70.308 other_dev_us=334.939 total_dev_us=420.618
-- bcast [256,16384]
  op_it_space_splits={d0: 32, d1: 1}
IO -- device-layout I/O (cost model, stick-padded) --
IO   op add
IO     output op0                    torch [256, 16384] -> device [256, 256, 64] in HBM = 4194304 elems x 2B = 8388608 B  (hbm counted: 8388608 B)
IO     input  arg0_1                 torch [256, 16384] -> device [256, 256, 64] in HBM = 4194304 elems x 2B = 8388608 B  (hbm counted: 8388608 B)
IO     input  arg1_1                 torch [1, 16384] -> device [256, 1, 64] in HBM = 16384 elems x 2B = 32768 B  (hbm counted: 32768 B) broadcast (loaded once)
IO   => HBM I/O total = 16809984 B  (lx 0 B, ~free)
MODEL -- estimate (turnaround): T = (R+W)/BW_PEAK + a*min(R,W) --
MODEL   R=8421376 B (read)   W=8388608 B (write)   loop_trip L=1
MODEL   base = (R+W)/150 = 112.07 us
MODEL   turn = a*min(R,W) = 0.00574*8388608 = 48.15 us
MODEL   => T_model = 160.22 us
MODEL FEATS [{"name":"add","is_reduction":false,"out_elems":4194304,"cores":32,"dtype_bytes":2,"args":[{"name":"op0","role":"output","mem":"hbm","elems":4194304,"broadcast":false,"dims":[256,256,64],"logical":[256,16384],"loop_factor":1},{"name":"arg0_1","role":"input","mem":"hbm","elems":4194304,"broadcast":false,"dims":[256,256,64],"logical":[256,16384],"loop_factor":1},{"name":"arg1_1","role":"input","mem":"hbm","elems":16384,"broadcast":true,"dims":[256,1,64],"logical":[1,16384],"loop_factor":1}],"reduction_cores":1,"loop_trip":1,"tiles_output_dim":false,"tile_rows_per_core":0.0,"is_matmul":false,"matmul_macs":0,"matmul_rows_per_core":0.0,"matmul_cols_per_core":0.0,"matmul_a_bytes":0,"matmul_b_bytes":0,"hbm_pattern":""}]
SUMMARY op=bcast rows=256 cols=16384 cores=32 tiles=0 lx=0 io_hbm_bytes=16809984 kernel_us=180.631 pred_us=160.217 err_pct=-11.3 bw_gbps=93.1 memset_us=160.290 other_dev_us=494.231 total_dev_us=835.152
-- mulbcast [256,16384]
  op_it_space_splits={d0: 32, d1: 1}
IO -- device-layout I/O (cost model, stick-padded) --
IO   op mul
IO     output op0                    torch [256, 16384] -> device [256, 256, 64] in HBM = 4194304 elems x 2B = 8388608 B  (hbm counted: 8388608 B)
IO     input  arg0_1                 torch [256, 16384] -> device [256, 256, 64] in HBM = 4194304 elems x 2B = 8388608 B  (hbm counted: 8388608 B)
IO     input  arg1_1                 torch [1, 16384] -> device [256, 1, 64] in HBM = 16384 elems x 2B = 32768 B  (hbm counted: 32768 B) broadcast (loaded once)
IO   => HBM I/O total = 16809984 B  (lx 0 B, ~free)
MODEL -- estimate (turnaround): T = (R+W)/BW_PEAK + a*min(R,W) --
MODEL   R=8421376 B (read)   W=8388608 B (write)   loop_trip L=1
MODEL   base = (R+W)/150 = 112.07 us
MODEL   turn = a*min(R,W) = 0.00574*8388608 = 48.15 us
MODEL   => T_model = 160.22 us
MODEL FEATS [{"name":"mul","is_reduction":false,"out_elems":4194304,"cores":32,"dtype_bytes":2,"args":[{"name":"op0","role":"output","mem":"hbm","elems":4194304,"broadcast":false,"dims":[256,256,64],"logical":[256,16384],"loop_factor":1},{"name":"arg0_1","role":"input","mem":"hbm","elems":4194304,"broadcast":false,"dims":[256,256,64],"logical":[256,16384],"loop_factor":1},{"name":"arg1_1","role":"input","mem":"hbm","elems":16384,"broadcast":true,"dims":[256,1,64],"logical":[1,16384],"loop_factor":1}],"reduction_cores":1,"loop_trip":1,"tiles_output_dim":false,"tile_rows_per_core":0.0,"is_matmul":false,"matmul_macs":0,"matmul_rows_per_core":0.0,"matmul_cols_per_core":0.0,"matmul_a_bytes":0,"matmul_b_bytes":0,"hbm_pattern":""}]
SUMMARY op=mulbcast rows=256 cols=16384 cores=32 tiles=0 lx=0 io_hbm_bytes=16809984 kernel_us=177.793 pred_us=160.217 err_pct=-9.9 bw_gbps=94.5 memset_us=144.194 other_dev_us=593.767 total_dev_us=915.754
-- bcastcol [256,16384]
  op_it_space_splits={d0: 32, d1: 1}
IO -- device-layout I/O (cost model, stick-padded) --
IO   op add
IO     output op0                    torch [256, 16384] -> device [256, 256, 64] in HBM = 4194304 elems x 2B = 8388608 B  (hbm counted: 8388608 B)
IO     input  arg0_1                 torch [256, 16384] -> device [256, 256, 64] in HBM = 4194304 elems x 2B = 8388608 B  (hbm counted: 8388608 B)
IO     input  arg1_1                 torch [256, 1] -> device [1, 256, 64] in HBM = 16384 elems x 2B = 32768 B  (hbm counted: 32768 B) broadcast (loaded once)
IO   => HBM I/O total = 16809984 B  (lx 0 B, ~free)
MODEL -- estimate (turnaround): T = (R+W)/BW_PEAK + a*min(R,W) --
MODEL   R=8421376 B (read)   W=8388608 B (write)   loop_trip L=1
MODEL   base = (R+W)/150 = 112.07 us
MODEL   turn = a*min(R,W) = 0.00574*8388608 = 48.15 us
MODEL   => T_model = 160.22 us
MODEL FEATS [{"name":"add","is_reduction":false,"out_elems":4194304,"cores":32,"dtype_bytes":2,"args":[{"name":"op0","role":"output","mem":"hbm","elems":4194304,"broadcast":false,"dims":[256,256,64],"logical":[256,16384],"loop_factor":1},{"name":"arg0_1","role":"input","mem":"hbm","elems":4194304,"broadcast":false,"dims":[256,256,64],"logical":[256,16384],"loop_factor":1},{"name":"arg1_1","role":"input","mem":"hbm","elems":16384,"broadcast":true,"dims":[1,256,64],"logical":[256,1],"loop_factor":1}],"reduction_cores":1,"loop_trip":1,"tiles_output_dim":false,"tile_rows_per_core":0.0,"is_matmul":false,"matmul_macs":0,"matmul_rows_per_core":0.0,"matmul_cols_per_core":0.0,"matmul_a_bytes":0,"matmul_b_bytes":0,"hbm_pattern":""}]
SUMMARY op=bcastcol rows=256 cols=16384 cores=32 tiles=0 lx=0 io_hbm_bytes=16809984 kernel_us=146.567 pred_us=160.217 err_pct=+9.3 bw_gbps=114.7 memset_us=144.016 other_dev_us=588.784 total_dev_us=879.367
-- write [256,16384]
  op_it_space_splits={d0: 32, d1: 1}
IO -- device-layout I/O (cost model, stick-padded) --
IO   op add
IO     output op0                    torch [256, 16384] -> device [256, 256, 64] in HBM = 4194304 elems x 2B = 8388608 B  (hbm counted: 8388608 B)
IO     input  arg0_1                 torch [1, 16384] -> device [256, 1, 64] in HBM = 16384 elems x 2B = 32768 B  (hbm counted: 32768 B) broadcast (loaded once)
IO     input  arg1_1                 torch [256, 1] -> device [1, 256, 64] in HBM = 16384 elems x 2B = 32768 B  (hbm counted: 32768 B) broadcast (loaded once)
IO   => HBM I/O total = 8454144 B  (lx 0 B, ~free)
MODEL -- estimate (turnaround): T = (R+W)/BW_PEAK + a*min(R,W) --
MODEL   R=65536 B (read)   W=8388608 B (write)   loop_trip L=1
MODEL   base = (R+W)/150 = 56.36 us
MODEL   turn = a*min(R,W) = 0.00574*65536 = 0.38 us
MODEL   => T_model = 56.74 us
MODEL FEATS [{"name":"add","is_reduction":false,"out_elems":4194304,"cores":32,"dtype_bytes":2,"args":[{"name":"op0","role":"output","mem":"hbm","elems":4194304,"broadcast":false,"dims":[256,256,64],"logical":[256,16384],"loop_factor":1},{"name":"arg0_1","role":"input","mem":"hbm","elems":16384,"broadcast":true,"dims":[256,1,64],"logical":[1,16384],"loop_factor":1},{"name":"arg1_1","role":"input","mem":"hbm","elems":16384,"broadcast":true,"dims":[1,256,64],"logical":[256,1],"loop_factor":1}],"reduction_cores":1,"loop_trip":1,"tiles_output_dim":false,"tile_rows_per_core":0.0,"is_matmul":false,"matmul_macs":0,"matmul_rows_per_core":0.0,"matmul_cols_per_core":0.0,"matmul_a_bytes":0,"matmul_b_bytes":0,"hbm_pattern":""}]
SUMMARY op=write rows=256 cols=16384 cores=32 tiles=0 lx=0 io_hbm_bytes=8454144 kernel_us=70.663 pred_us=56.737 err_pct=-19.7 bw_gbps=119.6 memset_us=146.121 other_dev_us=512.953 total_dev_us=729.737
-- bcast [2048,16384]
  op_it_space_splits={d0: 32, d1: 1}
IO -- device-layout I/O (cost model, stick-padded) --
IO   op add
IO     output op0                    torch [2048, 16384] -> device [256, 2048, 64] in HBM = 33554432 elems x 2B = 67108864 B  (hbm counted: 67108864 B)
IO     input  arg0_1                 torch [2048, 16384] -> device [256, 2048, 64] in HBM = 33554432 elems x 2B = 67108864 B  (hbm counted: 67108864 B)
IO     input  arg1_1                 torch [1, 16384] -> device [256, 1, 64] in HBM = 16384 elems x 2B = 32768 B  (hbm counted: 32768 B) broadcast (loaded once)
IO   => HBM I/O total = 134250496 B  (lx 0 B, ~free)
MODEL -- estimate (turnaround): T = (R+W)/BW_PEAK + a*min(R,W) --
MODEL   R=67141632 B (read)   W=67108864 B (write)   loop_trip L=1
MODEL   base = (R+W)/150 = 895.00 us
MODEL   turn = a*min(R,W) = 0.00574*67108864 = 385.20 us
MODEL   => T_model = 1280.21 us
MODEL FEATS [{"name":"add","is_reduction":false,"out_elems":33554432,"cores":32,"dtype_bytes":2,"args":[{"name":"op0","role":"output","mem":"hbm","elems":33554432,"broadcast":false,"dims":[256,2048,64],"logical":[2048,16384],"loop_factor":1},{"name":"arg0_1","role":"input","mem":"hbm","elems":33554432,"broadcast":false,"dims":[256,2048,64],"logical":[2048,16384],"loop_factor":1},{"name":"arg1_1","role":"input","mem":"hbm","elems":16384,"broadcast":true,"dims":[256,1,64],"logical":[1,16384],"loop_factor":1}],"reduction_cores":1,"loop_trip":1,"tiles_output_dim":false,"tile_rows_per_core":0.0,"is_matmul":false,"matmul_macs":0,"matmul_rows_per_core":0.0,"matmul_cols_per_core":0.0,"matmul_a_bytes":0,"matmul_b_bytes":0,"hbm_pattern":""}]
SUMMARY op=bcast rows=2048 cols=16384 cores=32 tiles=0 lx=0 io_hbm_bytes=134250496 kernel_us=1151.327 pred_us=1280.208 err_pct=+11.2 bw_gbps=116.6 memset_us=1044.181 other_dev_us=6051.179 total_dev_us=8246.687
-- mulbcast [2048,16384]
  op_it_space_splits={d0: 32, d1: 1}
IO -- device-layout I/O (cost model, stick-padded) --
IO   op mul
IO     output op0                    torch [2048, 16384] -> device [256, 2048, 64] in HBM = 33554432 elems x 2B = 67108864 B  (hbm counted: 67108864 B)
IO     input  arg0_1                 torch [2048, 16384] -> device [256, 2048, 64] in HBM = 33554432 elems x 2B = 67108864 B  (hbm counted: 67108864 B)
IO     input  arg1_1                 torch [1, 16384] -> device [256, 1, 64] in HBM = 16384 elems x 2B = 32768 B  (hbm counted: 32768 B) broadcast (loaded once)
IO   => HBM I/O total = 134250496 B  (lx 0 B, ~free)
MODEL -- estimate (turnaround): T = (R+W)/BW_PEAK + a*min(R,W) --
MODEL   R=67141632 B (read)   W=67108864 B (write)   loop_trip L=1
MODEL   base = (R+W)/150 = 895.00 us
MODEL   turn = a*min(R,W) = 0.00574*67108864 = 385.20 us
MODEL   => T_model = 1280.21 us
MODEL FEATS [{"name":"mul","is_reduction":false,"out_elems":33554432,"cores":32,"dtype_bytes":2,"args":[{"name":"op0","role":"output","mem":"hbm","elems":33554432,"broadcast":false,"dims":[256,2048,64],"logical":[2048,16384],"loop_factor":1},{"name":"arg0_1","role":"input","mem":"hbm","elems":33554432,"broadcast":false,"dims":[256,2048,64],"logical":[2048,16384],"loop_factor":1},{"name":"arg1_1","role":"input","mem":"hbm","elems":16384,"broadcast":true,"dims":[256,1,64],"logical":[1,16384],"loop_factor":1}],"reduction_cores":1,"loop_trip":1,"tiles_output_dim":false,"tile_rows_per_core":0.0,"is_matmul":false,"matmul_macs":0,"matmul_rows_per_core":0.0,"matmul_cols_per_core":0.0,"matmul_a_bytes":0,"matmul_b_bytes":0,"hbm_pattern":""}]
SUMMARY op=mulbcast rows=2048 cols=16384 cores=32 tiles=0 lx=0 io_hbm_bytes=134250496 kernel_us=1159.194 pred_us=1280.208 err_pct=+10.4 bw_gbps=115.8 memset_us=1040.362 other_dev_us=5969.335 total_dev_us=8168.891
-- bcastcol [2048,16384]
  op_it_space_splits={d0: 32, d1: 1}
IO -- device-layout I/O (cost model, stick-padded) --
IO   op add
IO     output op0                    torch [2048, 16384] -> device [256, 2048, 64] in HBM = 33554432 elems x 2B = 67108864 B  (hbm counted: 67108864 B)
IO     input  arg0_1                 torch [2048, 16384] -> device [256, 2048, 64] in HBM = 33554432 elems x 2B = 67108864 B  (hbm counted: 67108864 B)
IO     input  arg1_1                 torch [2048, 1] -> device [1, 2048, 64] in HBM = 131072 elems x 2B = 262144 B  (hbm counted: 262144 B) broadcast (loaded once)
IO   => HBM I/O total = 134479872 B  (lx 0 B, ~free)
MODEL -- estimate (turnaround): T = (R+W)/BW_PEAK + a*min(R,W) --
MODEL   R=67371008 B (read)   W=67108864 B (write)   loop_trip L=1
MODEL   base = (R+W)/150 = 896.53 us
MODEL   turn = a*min(R,W) = 0.00574*67108864 = 385.20 us
MODEL   => T_model = 1281.74 us
MODEL FEATS [{"name":"add","is_reduction":false,"out_elems":33554432,"cores":32,"dtype_bytes":2,"args":[{"name":"op0","role":"output","mem":"hbm","elems":33554432,"broadcast":false,"dims":[256,2048,64],"logical":[2048,16384],"loop_factor":1},{"name":"arg0_1","role":"input","mem":"hbm","elems":33554432,"broadcast":false,"dims":[256,2048,64],"logical":[2048,16384],"loop_factor":1},{"name":"arg1_1","role":"input","mem":"hbm","elems":131072,"broadcast":true,"dims":[1,2048,64],"logical":[2048,1],"loop_factor":1}],"reduction_cores":1,"loop_trip":1,"tiles_output_dim":false,"tile_rows_per_core":0.0,"is_matmul":false,"matmul_macs":0,"matmul_rows_per_core":0.0,"matmul_cols_per_core":0.0,"matmul_a_bytes":0,"matmul_b_bytes":0,"hbm_pattern":""}]
SUMMARY op=bcastcol rows=2048 cols=16384 cores=32 tiles=0 lx=0 io_hbm_bytes=134479872 kernel_us=1138.565 pred_us=1281.737 err_pct=+12.6 bw_gbps=118.1 memset_us=1056.817 other_dev_us=5759.280 total_dev_us=7954.662
-- write [2048,16384]
  op_it_space_splits={d0: 32, d1: 1}
IO -- device-layout I/O (cost model, stick-padded) --
IO   op add
IO     output op0                    torch [2048, 16384] -> device [256, 2048, 64] in HBM = 33554432 elems x 2B = 67108864 B  (hbm counted: 67108864 B)
IO     input  arg0_1                 torch [1, 16384] -> device [256, 1, 64] in HBM = 16384 elems x 2B = 32768 B  (hbm counted: 32768 B) broadcast (loaded once)
IO     input  arg1_1                 torch [2048, 1] -> device [1, 2048, 64] in HBM = 131072 elems x 2B = 262144 B  (hbm counted: 262144 B) broadcast (loaded once)
IO   => HBM I/O total = 67403776 B  (lx 0 B, ~free)
MODEL -- estimate (turnaround): T = (R+W)/BW_PEAK + a*min(R,W) --
MODEL   R=294912 B (read)   W=67108864 B (write)   loop_trip L=1
MODEL   base = (R+W)/150 = 449.36 us
MODEL   turn = a*min(R,W) = 0.00574*294912 = 1.69 us
MODEL   => T_model = 451.05 us
MODEL FEATS [{"name":"add","is_reduction":false,"out_elems":33554432,"cores":32,"dtype_bytes":2,"args":[{"name":"op0","role":"output","mem":"hbm","elems":33554432,"broadcast":false,"dims":[256,2048,64],"logical":[2048,16384],"loop_factor":1},{"name":"arg0_1","role":"input","mem":"hbm","elems":16384,"broadcast":true,"dims":[256,1,64],"logical":[1,16384],"loop_factor":1},{"name":"arg1_1","role":"input","mem":"hbm","elems":131072,"broadcast":true,"dims":[1,2048,64],"logical":[2048,1],"loop_factor":1}],"reduction_cores":1,"loop_trip":1,"tiles_output_dim":false,"tile_rows_per_core":0.0,"is_matmul":false,"matmul_macs":0,"matmul_rows_per_core":0.0,"matmul_cols_per_core":0.0,"matmul_a_bytes":0,"matmul_b_bytes":0,"hbm_pattern":""}]
SUMMARY op=write rows=2048 cols=16384 cores=32 tiles=0 lx=0 io_hbm_bytes=67403776 kernel_us=1299.569 pred_us=451.051 err_pct=-65.3 bw_gbps=51.9 memset_us=1084.299 other_dev_us=5409.254 total_dev_us=7793.122
==== DONE -> forward /dev/null ====

################################################################
## >>> run_transport_sweep.sh 
################################################################
==== transport (data-movement) sweep Thu Jul  9 21:21:08 UTC 2026 ====
git: 2012d4f  sections: T1 T2
## T1 op variety (neg vs transport) at [2048,2048] and [4096,4096]
-- neg [2048,2048]
  op_it_space_splits={d0: 32, d1: 1}
IO -- device-layout I/O (cost model, stick-padded) --
IO   op neg
IO     output op0                    torch [2048, 2048] -> device [32, 2048, 64] in HBM = 4194304 elems x 2B = 8388608 B  (hbm counted: 8388608 B)
IO     input  arg0_1                 torch [2048, 2048] -> device [32, 2048, 64] in HBM = 4194304 elems x 2B = 8388608 B  (hbm counted: 8388608 B)
IO   => HBM I/O total = 16777216 B  (lx 0 B, ~free)
MODEL -- estimate (turnaround): T = (R+W)/BW_PEAK + a*min(R,W) --
MODEL   R=8388608 B (read)   W=8388608 B (write)   loop_trip L=1
MODEL   base = (R+W)/150 = 111.85 us
MODEL   turn = a*min(R,W) = 0.00574*8388608 = 48.15 us
MODEL   => T_model = 160.00 us
MODEL FEATS [{"name":"neg","is_reduction":false,"out_elems":4194304,"cores":32,"dtype_bytes":2,"args":[{"name":"op0","role":"output","mem":"hbm","elems":4194304,"broadcast":false,"dims":[32,2048,64],"logical":[2048,2048],"loop_factor":1},{"name":"arg0_1","role":"input","mem":"hbm","elems":4194304,"broadcast":false,"dims":[32,2048,64],"logical":[2048,2048],"loop_factor":1}],"reduction_cores":1,"loop_trip":1,"tiles_output_dim":false,"tile_rows_per_core":0.0,"is_matmul":false,"matmul_macs":0,"matmul_rows_per_core":0.0,"matmul_cols_per_core":0.0,"matmul_a_bytes":0,"matmul_b_bytes":0,"hbm_pattern":""}]
SUMMARY op=neg rows=2048 cols=2048 cores=32 tiles=0 lx=0 io_hbm_bytes=16777216 kernel_us=159.516 pred_us=159.999 err_pct=+0.3 bw_gbps=105.2 memset_us=170.740 other_dev_us=506.684 total_dev_us=836.940
-- transpose [2048,2048]
  op_it_space_splits={d0: 32, d1: 1}
IO -- device-layout I/O (cost model, stick-padded) --
IO   op clone
IO     output op0                    torch [2048, 2048] -> device [32, 2048, 64] in HBM = 4194304 elems x 2B = 8388608 B  (hbm counted: 8388608 B)
IO     input  arg0_1                 torch [2048, 2048] -> device [32, 2048, 64] in HBM = 4194304 elems x 2B = 8388608 B  (hbm counted: 8388608 B)
IO   => HBM I/O total = 16777216 B  (lx 0 B, ~free)
MODEL -- estimate (turnaround): T = (R+W)/BW_PEAK + a*min(R,W) --
MODEL   R=8388608 B (read)   W=8388608 B (write)   loop_trip L=1
MODEL   base = (R+W)/150 = 111.85 us
MODEL   turn = a*min(R,W) = 0.00574*8388608 = 48.15 us
MODEL   => T_model = 144.63 us
MODEL FEATS [{"name":"clone","is_reduction":false,"out_elems":4194304,"cores":32,"dtype_bytes":2,"args":[{"name":"op0","role":"output","mem":"hbm","elems":4194304,"broadcast":false,"dims":[32,2048,64],"logical":[2048,2048],"loop_factor":1},{"name":"arg0_1","role":"input","mem":"hbm","elems":4194304,"broadcast":false,"dims":[32,2048,64],"logical":[2048,2048],"loop_factor":1}],"reduction_cores":1,"loop_trip":1,"tiles_output_dim":false,"tile_rows_per_core":0.0,"is_matmul":false,"matmul_macs":0,"matmul_rows_per_core":0.0,"matmul_cols_per_core":0.0,"matmul_a_bytes":0,"matmul_b_bytes":0,"hbm_pattern":"restickify"}]
SUMMARY op=transpose rows=2048 cols=2048 cores=32 tiles=0 lx=0 io_hbm_bytes=16777216 kernel_us=145.289 pred_us=144.631 err_pct=-0.5 bw_gbps=115.5 memset_us=150.682 other_dev_us=505.725 total_dev_us=801.696
-- transpose_outer [2048,2048]
  op_it_space_splits={d0: 1, d1: 32, d2: 1}
IO -- device-layout I/O (cost model, stick-padded) --
IO   op clone
IO     output op0                    torch [8, 2048, 2048] -> device [2048, 32, 8, 64] in HBM = 33554432 elems x 2B = 67108864 B  (hbm counted: 67108864 B)
IO     input  arg0_1                 torch [2048, 8, 2048] -> device [8, 32, 2048, 64] in HBM = 33554432 elems x 2B = 67108864 B  (hbm counted: 67108864 B)
IO   => HBM I/O total = 134217728 B  (lx 0 B, ~free)
MODEL -- estimate (turnaround): T = (R+W)/BW_PEAK + a*min(R,W) --
MODEL   R=67108864 B (read)   W=67108864 B (write)   loop_trip L=1
MODEL   base = (R+W)/150 = 894.78 us
MODEL   turn = a*min(R,W) = 0.00574*67108864 = 385.20 us
MODEL   => T_model = 1279.99 us
MODEL FEATS [{"name":"clone","is_reduction":false,"out_elems":33554432,"cores":32,"dtype_bytes":2,"args":[{"name":"op0","role":"output","mem":"hbm","elems":33554432,"broadcast":false,"dims":[2048,32,8,64],"logical":[8,2048,2048],"loop_factor":1},{"name":"arg0_1","role":"input","mem":"hbm","elems":33554432,"broadcast":false,"dims":[8,32,2048,64],"logical":[2048,8,2048],"loop_factor":1}],"reduction_cores":1,"loop_trip":1,"tiles_output_dim":false,"tile_rows_per_core":0.0,"is_matmul":false,"matmul_macs":0,"matmul_rows_per_core":0.0,"matmul_cols_per_core":0.0,"matmul_a_bytes":0,"matmul_b_bytes":0,"hbm_pattern":""}]
SUMMARY op=transpose_outer rows=2048 cols=2048 cores=32 tiles=0 lx=0 io_hbm_bytes=134217728 kernel_us=1340.030 pred_us=1279.990 err_pct=-4.5 bw_gbps=100.2 memset_us=1038.768 other_dev_us=6087.831 total_dev_us=8466.629
-- cat0 [2048,2048]
  op_it_space_splits={d0: 1, d1: 32, d2: 1}
IO -- device-layout I/O (cost model, stick-padded) --
IO   op clone
IO     output op0                    torch [2, 2048, 2048] -> device [2048, 32, 2, 64] in HBM = 8388608 elems x 2B = 16777216 B  (hbm counted: 16777216 B)
IO     input  arg0_1                 torch [2048, 2048] -> device [32, 2048, 64] in HBM = 4194304 elems x 2B = 8388608 B  (hbm counted: 8388608 B) broadcast (loaded once)
IO   => HBM I/O total = 25165824 B  (lx 0 B, ~free)
MODEL -- estimate (turnaround): T = (R+W)/BW_PEAK + a*min(R,W) --
MODEL   R=8388608 B (read)   W=16777216 B (write)   loop_trip L=1
MODEL   base = (R+W)/150 = 167.77 us
MODEL   turn = a*min(R,W) = 0.00574*8388608 = 48.15 us
MODEL   => T_model = 419.43 us
MODEL FEATS [{"name":"clone","is_reduction":false,"out_elems":8388608,"cores":32,"dtype_bytes":2,"args":[{"name":"op0","role":"output","mem":"hbm","elems":8388608,"broadcast":false,"dims":[2048,32,2,64],"logical":[2,2048,2048],"loop_factor":1},{"name":"arg0_1","role":"input","mem":"hbm","elems":4194304,"broadcast":true,"dims":[32,2048,64],"logical":[2048,2048],"loop_factor":1}],"reduction_cores":1,"loop_trip":1,"tiles_output_dim":false,"tile_rows_per_core":0.0,"is_matmul":false,"matmul_macs":0,"matmul_rows_per_core":0.0,"matmul_cols_per_core":0.0,"matmul_a_bytes":0,"matmul_b_bytes":0,"hbm_pattern":"stick_scatter"}]
SUMMARY op=cat0 rows=2048 cols=2048 cores=32 tiles=0 lx=0 io_hbm_bytes=25165824 kernel_us=396.623 pred_us=419.430 err_pct=+5.8 bw_gbps=63.5 memset_us=237.833 other_dev_us=998.865 total_dev_us=1633.321
-- cat1 [2048,2048]
  op_it_space_splits={d0: 32, d1: 1, d2: 1}
IO -- device-layout I/O (cost model, stick-padded) --
IO   op clone
IO     output op0                    torch [2048, 2, 2048] -> device [2, 32, 2048, 64] in HBM = 8388608 elems x 2B = 16777216 B  (hbm counted: 16777216 B)
IO     input  arg0_1                 torch [2048, 2048] -> device [32, 2048, 64] in HBM = 4194304 elems x 2B = 8388608 B  (hbm counted: 8388608 B) broadcast (loaded once)
IO   => HBM I/O total = 25165824 B  (lx 0 B, ~free)
MODEL -- estimate (turnaround): T = (R+W)/BW_PEAK + a*min(R,W) --
MODEL   R=8388608 B (read)   W=16777216 B (write)   loop_trip L=1
MODEL   base = (R+W)/150 = 167.77 us
MODEL   turn = a*min(R,W) = 0.00574*8388608 = 48.15 us
MODEL   => T_model = 215.92 us
MODEL FEATS [{"name":"clone","is_reduction":false,"out_elems":8388608,"cores":32,"dtype_bytes":2,"args":[{"name":"op0","role":"output","mem":"hbm","elems":8388608,"broadcast":false,"dims":[2,32,2048,64],"logical":[2048,2,2048],"loop_factor":1},{"name":"arg0_1","role":"input","mem":"hbm","elems":4194304,"broadcast":true,"dims":[32,2048,64],"logical":[2048,2048],"loop_factor":1}],"reduction_cores":1,"loop_trip":1,"tiles_output_dim":false,"tile_rows_per_core":0.0,"is_matmul":false,"matmul_macs":0,"matmul_rows_per_core":0.0,"matmul_cols_per_core":0.0,"matmul_a_bytes":0,"matmul_b_bytes":0,"hbm_pattern":""}]
SUMMARY op=cat1 rows=2048 cols=2048 cores=32 tiles=0 lx=0 io_hbm_bytes=25165824 kernel_us=231.044 pred_us=215.923 err_pct=-6.5 bw_gbps=108.9 memset_us=221.211 other_dev_us=970.555 total_dev_us=1422.810
-- neg [4096,4096]
  op_it_space_splits={d0: 32, d1: 1}
IO -- device-layout I/O (cost model, stick-padded) --
IO   op neg
IO     output op0                    torch [4096, 4096] -> device [64, 4096, 64] in HBM = 16777216 elems x 2B = 33554432 B  (hbm counted: 33554432 B)
IO     input  arg0_1                 torch [4096, 4096] -> device [64, 4096, 64] in HBM = 16777216 elems x 2B = 33554432 B  (hbm counted: 33554432 B)
IO   => HBM I/O total = 67108864 B  (lx 0 B, ~free)
MODEL -- estimate (turnaround): T = (R+W)/BW_PEAK + a*min(R,W) --
MODEL   R=33554432 B (read)   W=33554432 B (write)   loop_trip L=1
MODEL   base = (R+W)/150 = 447.39 us
MODEL   turn = a*min(R,W) = 0.00574*33554432 = 192.60 us
MODEL   => T_model = 639.99 us
MODEL FEATS [{"name":"neg","is_reduction":false,"out_elems":16777216,"cores":32,"dtype_bytes":2,"args":[{"name":"op0","role":"output","mem":"hbm","elems":16777216,"broadcast":false,"dims":[64,4096,64],"logical":[4096,4096],"loop_factor":1},{"name":"arg0_1","role":"input","mem":"hbm","elems":16777216,"broadcast":false,"dims":[64,4096,64],"logical":[4096,4096],"loop_factor":1}],"reduction_cores":1,"loop_trip":1,"tiles_output_dim":false,"tile_rows_per_core":0.0,"is_matmul":false,"matmul_macs":0,"matmul_rows_per_core":0.0,"matmul_cols_per_core":0.0,"matmul_a_bytes":0,"matmul_b_bytes":0,"hbm_pattern":""}]
SUMMARY op=neg rows=4096 cols=4096 cores=32 tiles=0 lx=0 io_hbm_bytes=67108864 kernel_us=639.934 pred_us=639.995 err_pct=+0.0 bw_gbps=104.9 memset_us=406.239 other_dev_us=2250.828 total_dev_us=3297.001
-- transpose [4096,4096]
  op_it_space_splits={d0: 32, d1: 1}
IO -- device-layout I/O (cost model, stick-padded) --
IO   op clone
IO     output op0                    torch [4096, 4096] -> device [64, 4096, 64] in HBM = 16777216 elems x 2B = 33554432 B  (hbm counted: 33554432 B)
IO     input  arg0_1                 torch [4096, 4096] -> device [64, 4096, 64] in HBM = 16777216 elems x 2B = 33554432 B  (hbm counted: 33554432 B)
IO   => HBM I/O total = 67108864 B  (lx 0 B, ~free)
MODEL -- estimate (turnaround): T = (R+W)/BW_PEAK + a*min(R,W) --
MODEL   R=33554432 B (read)   W=33554432 B (write)   loop_trip L=1
MODEL   base = (R+W)/150 = 447.39 us
MODEL   turn = a*min(R,W) = 0.00574*33554432 = 192.60 us
MODEL   => T_model = 578.52 us
MODEL FEATS [{"name":"clone","is_reduction":false,"out_elems":16777216,"cores":32,"dtype_bytes":2,"args":[{"name":"op0","role":"output","mem":"hbm","elems":16777216,"broadcast":false,"dims":[64,4096,64],"logical":[4096,4096],"loop_factor":1},{"name":"arg0_1","role":"input","mem":"hbm","elems":16777216,"broadcast":false,"dims":[64,4096,64],"logical":[4096,4096],"loop_factor":1}],"reduction_cores":1,"loop_trip":1,"tiles_output_dim":false,"tile_rows_per_core":0.0,"is_matmul":false,"matmul_macs":0,"matmul_rows_per_core":0.0,"matmul_cols_per_core":0.0,"matmul_a_bytes":0,"matmul_b_bytes":0,"hbm_pattern":"restickify"}]
SUMMARY op=transpose rows=4096 cols=4096 cores=32 tiles=0 lx=0 io_hbm_bytes=67108864 kernel_us=575.581 pred_us=578.525 err_pct=+0.5 bw_gbps=116.6 memset_us=427.016 other_dev_us=2255.206 total_dev_us=3257.803
-- transpose_outer [4096,4096]
  op_it_space_splits={d0: 1, d1: 32, d2: 1}
IO -- device-layout I/O (cost model, stick-padded) --
IO   op clone
IO     output op0                    torch [8, 4096, 4096] -> device [4096, 64, 8, 64] in HBM = 134217728 elems x 2B = 268435456 B  (hbm counted: 268435456 B)
IO     input  arg0_1                 torch [4096, 8, 4096] -> device [8, 64, 4096, 64] in HBM = 134217728 elems x 2B = 268435456 B  (hbm counted: 268435456 B)
IO   => HBM I/O total = 536870912 B  (lx 0 B, ~free)
MODEL -- estimate (turnaround): T = (R+W)/BW_PEAK + a*min(R,W) --
MODEL   R=268435456 B (read)   W=268435456 B (write)   loop_trip L=1
MODEL   base = (R+W)/150 = 3579.14 us
MODEL   turn = a*min(R,W) = 0.00574*268435456 = 1540.82 us
MODEL   => T_model = 5119.96 us
MODEL FEATS [{"name":"clone","is_reduction":false,"out_elems":134217728,"cores":32,"dtype_bytes":2,"args":[{"name":"op0","role":"output","mem":"hbm","elems":134217728,"broadcast":false,"dims":[4096,64,8,64],"logical":[8,4096,4096],"loop_factor":1},{"name":"arg0_1","role":"input","mem":"hbm","elems":134217728,"broadcast":false,"dims":[8,64,4096,64],"logical":[4096,8,4096],"loop_factor":1}],"reduction_cores":1,"loop_trip":1,"tiles_output_dim":false,"tile_rows_per_core":0.0,"is_matmul":false,"matmul_macs":0,"matmul_rows_per_core":0.0,"matmul_cols_per_core":0.0,"matmul_a_bytes":0,"matmul_b_bytes":0,"hbm_pattern":""}]
SUMMARY op=transpose_outer rows=4096 cols=4096 cores=32 tiles=0 lx=0 io_hbm_bytes=536870912 kernel_us=6010.764 pred_us=5119.959 err_pct=-14.8 bw_gbps=89.3 memset_us=4788.218 other_dev_us=40903.771 total_dev_us=51702.753
-- cat0 [4096,4096]
  op_it_space_splits={d0: 1, d1: 32, d2: 1}
IO -- device-layout I/O (cost model, stick-padded) --
IO   op clone
IO     output op0                    torch [2, 4096, 4096] -> device [4096, 64, 2, 64] in HBM = 33554432 elems x 2B = 67108864 B  (hbm counted: 67108864 B)
IO     input  arg0_1                 torch [4096, 4096] -> device [64, 4096, 64] in HBM = 16777216 elems x 2B = 33554432 B  (hbm counted: 33554432 B) broadcast (loaded once)
IO   => HBM I/O total = 100663296 B  (lx 0 B, ~free)
MODEL -- estimate (turnaround): T = (R+W)/BW_PEAK + a*min(R,W) --
MODEL   R=33554432 B (read)   W=67108864 B (write)   loop_trip L=1
MODEL   base = (R+W)/150 = 671.09 us
MODEL   turn = a*min(R,W) = 0.00574*33554432 = 192.60 us
MODEL   => T_model = 1677.72 us
MODEL FEATS [{"name":"clone","is_reduction":false,"out_elems":33554432,"cores":32,"dtype_bytes":2,"args":[{"name":"op0","role":"output","mem":"hbm","elems":33554432,"broadcast":false,"dims":[4096,64,2,64],"logical":[2,4096,4096],"loop_factor":1},{"name":"arg0_1","role":"input","mem":"hbm","elems":16777216,"broadcast":true,"dims":[64,4096,64],"logical":[4096,4096],"loop_factor":1}],"reduction_cores":1,"loop_trip":1,"tiles_output_dim":false,"tile_rows_per_core":0.0,"is_matmul":false,"matmul_macs":0,"matmul_rows_per_core":0.0,"matmul_cols_per_core":0.0,"matmul_a_bytes":0,"matmul_b_bytes":0,"hbm_pattern":"stick_scatter"}]
SUMMARY op=cat0 rows=4096 cols=4096 cores=32 tiles=0 lx=0 io_hbm_bytes=100663296 kernel_us=1709.373 pred_us=1677.722 err_pct=-1.9 bw_gbps=58.9 memset_us=1023.579 other_dev_us=6386.009 total_dev_us=9118.961
-- cat1 [4096,4096]
  op_it_space_splits={d0: 32, d1: 1, d2: 1}
IO -- device-layout I/O (cost model, stick-padded) --
IO   op clone
IO     output op0                    torch [4096, 2, 4096] -> device [2, 64, 4096, 64] in HBM = 33554432 elems x 2B = 67108864 B  (hbm counted: 67108864 B)
IO     input  arg0_1                 torch [4096, 4096] -> device [64, 4096, 64] in HBM = 16777216 elems x 2B = 33554432 B  (hbm counted: 33554432 B) broadcast (loaded once)
IO   => HBM I/O total = 100663296 B  (lx 0 B, ~free)
MODEL -- estimate (turnaround): T = (R+W)/BW_PEAK + a*min(R,W) --
MODEL   R=33554432 B (read)   W=67108864 B (write)   loop_trip L=1
MODEL   base = (R+W)/150 = 671.09 us
MODEL   turn = a*min(R,W) = 0.00574*33554432 = 192.60 us
MODEL   => T_model = 863.69 us
MODEL FEATS [{"name":"clone","is_reduction":false,"out_elems":33554432,"cores":32,"dtype_bytes":2,"args":[{"name":"op0","role":"output","mem":"hbm","elems":33554432,"broadcast":false,"dims":[2,64,4096,64],"logical":[4096,2,4096],"loop_factor":1},{"name":"arg0_1","role":"input","mem":"hbm","elems":16777216,"broadcast":true,"dims":[64,4096,64],"logical":[4096,4096],"loop_factor":1}],"reduction_cores":1,"loop_trip":1,"tiles_output_dim":false,"tile_rows_per_core":0.0,"is_matmul":false,"matmul_macs":0,"matmul_rows_per_core":0.0,"matmul_cols_per_core":0.0,"matmul_a_bytes":0,"matmul_b_bytes":0,"hbm_pattern":""}]
SUMMARY op=cat1 rows=4096 cols=4096 cores=32 tiles=0 lx=0 io_hbm_bytes=100663296 kernel_us=935.038 pred_us=863.691 err_pct=-7.6 bw_gbps=107.7 memset_us=1173.603 other_dev_us=5453.512 total_dev_us=7562.153
## T2 transpose vs neg, aspect-ratio sweep (bytes ~ const)
-- neg [2048,2048]
  op_it_space_splits={d0: 32, d1: 1}
IO -- device-layout I/O (cost model, stick-padded) --
IO   op neg
IO     output op0                    torch [2048, 2048] -> device [32, 2048, 64] in HBM = 4194304 elems x 2B = 8388608 B  (hbm counted: 8388608 B)
IO     input  arg0_1                 torch [2048, 2048] -> device [32, 2048, 64] in HBM = 4194304 elems x 2B = 8388608 B  (hbm counted: 8388608 B)
IO   => HBM I/O total = 16777216 B  (lx 0 B, ~free)
MODEL -- estimate (turnaround): T = (R+W)/BW_PEAK + a*min(R,W) --
MODEL   R=8388608 B (read)   W=8388608 B (write)   loop_trip L=1
MODEL   base = (R+W)/150 = 111.85 us
MODEL   turn = a*min(R,W) = 0.00574*8388608 = 48.15 us
MODEL   => T_model = 160.00 us
MODEL FEATS [{"name":"neg","is_reduction":false,"out_elems":4194304,"cores":32,"dtype_bytes":2,"args":[{"name":"op0","role":"output","mem":"hbm","elems":4194304,"broadcast":false,"dims":[32,2048,64],"logical":[2048,2048],"loop_factor":1},{"name":"arg0_1","role":"input","mem":"hbm","elems":4194304,"broadcast":false,"dims":[32,2048,64],"logical":[2048,2048],"loop_factor":1}],"reduction_cores":1,"loop_trip":1,"tiles_output_dim":false,"tile_rows_per_core":0.0,"is_matmul":false,"matmul_macs":0,"matmul_rows_per_core":0.0,"matmul_cols_per_core":0.0,"matmul_a_bytes":0,"matmul_b_bytes":0,"hbm_pattern":""}]
SUMMARY op=neg rows=2048 cols=2048 cores=32 tiles=0 lx=0 io_hbm_bytes=16777216 kernel_us=160.662 pred_us=159.999 err_pct=-0.4 bw_gbps=104.4 memset_us=149.804 other_dev_us=527.489 total_dev_us=837.955
-- transpose [2048,2048]
  op_it_space_splits={d0: 32, d1: 1}
IO -- device-layout I/O (cost model, stick-padded) --
IO   op clone
IO     output op0                    torch [2048, 2048] -> device [32, 2048, 64] in HBM = 4194304 elems x 2B = 8388608 B  (hbm counted: 8388608 B)
IO     input  arg0_1                 torch [2048, 2048] -> device [32, 2048, 64] in HBM = 4194304 elems x 2B = 8388608 B  (hbm counted: 8388608 B)
IO   => HBM I/O total = 16777216 B  (lx 0 B, ~free)
MODEL -- estimate (turnaround): T = (R+W)/BW_PEAK + a*min(R,W) --
MODEL   R=8388608 B (read)   W=8388608 B (write)   loop_trip L=1
MODEL   base = (R+W)/150 = 111.85 us
MODEL   turn = a*min(R,W) = 0.00574*8388608 = 48.15 us
MODEL   => T_model = 144.63 us
MODEL FEATS [{"name":"clone","is_reduction":false,"out_elems":4194304,"cores":32,"dtype_bytes":2,"args":[{"name":"op0","role":"output","mem":"hbm","elems":4194304,"broadcast":false,"dims":[32,2048,64],"logical":[2048,2048],"loop_factor":1},{"name":"arg0_1","role":"input","mem":"hbm","elems":4194304,"broadcast":false,"dims":[32,2048,64],"logical":[2048,2048],"loop_factor":1}],"reduction_cores":1,"loop_trip":1,"tiles_output_dim":false,"tile_rows_per_core":0.0,"is_matmul":false,"matmul_macs":0,"matmul_rows_per_core":0.0,"matmul_cols_per_core":0.0,"matmul_a_bytes":0,"matmul_b_bytes":0,"hbm_pattern":"restickify"}]
SUMMARY op=transpose rows=2048 cols=2048 cores=32 tiles=0 lx=0 io_hbm_bytes=16777216 kernel_us=145.478 pred_us=144.631 err_pct=-0.6 bw_gbps=115.3 memset_us=145.023 other_dev_us=504.537 total_dev_us=795.038
-- neg [4096,1024]
  op_it_space_splits={d0: 32, d1: 1}
IO -- device-layout I/O (cost model, stick-padded) --
IO   op neg
IO     output op0                    torch [4096, 1024] -> device [16, 4096, 64] in HBM = 4194304 elems x 2B = 8388608 B  (hbm counted: 8388608 B)
IO     input  arg0_1                 torch [4096, 1024] -> device [16, 4096, 64] in HBM = 4194304 elems x 2B = 8388608 B  (hbm counted: 8388608 B)
IO   => HBM I/O total = 16777216 B  (lx 0 B, ~free)
MODEL -- estimate (turnaround): T = (R+W)/BW_PEAK + a*min(R,W) --
MODEL   R=8388608 B (read)   W=8388608 B (write)   loop_trip L=1
MODEL   base = (R+W)/150 = 111.85 us
MODEL   turn = a*min(R,W) = 0.00574*8388608 = 48.15 us
MODEL   => T_model = 160.00 us
MODEL FEATS [{"name":"neg","is_reduction":false,"out_elems":4194304,"cores":32,"dtype_bytes":2,"args":[{"name":"op0","role":"output","mem":"hbm","elems":4194304,"broadcast":false,"dims":[16,4096,64],"logical":[4096,1024],"loop_factor":1},{"name":"arg0_1","role":"input","mem":"hbm","elems":4194304,"broadcast":false,"dims":[16,4096,64],"logical":[4096,1024],"loop_factor":1}],"reduction_cores":1,"loop_trip":1,"tiles_output_dim":false,"tile_rows_per_core":0.0,"is_matmul":false,"matmul_macs":0,"matmul_rows_per_core":0.0,"matmul_cols_per_core":0.0,"matmul_a_bytes":0,"matmul_b_bytes":0,"hbm_pattern":""}]
SUMMARY op=neg rows=4096 cols=1024 cores=32 tiles=0 lx=0 io_hbm_bytes=16777216 kernel_us=160.758 pred_us=159.999 err_pct=-0.5 bw_gbps=104.4 memset_us=156.166 other_dev_us=538.886 total_dev_us=855.810
-- transpose [4096,1024]
  op_it_space_splits={d0: 1, d1: 32}
IO -- device-layout I/O (cost model, stick-padded) --
IO   op clone
IO     output op0                    torch [1024, 4096] -> device [64, 1024, 64] in HBM = 4194304 elems x 2B = 8388608 B  (hbm counted: 8388608 B)
IO     input  arg0_1                 torch [4096, 1024] -> device [16, 4096, 64] in HBM = 4194304 elems x 2B = 8388608 B  (hbm counted: 8388608 B)
IO   => HBM I/O total = 16777216 B  (lx 0 B, ~free)
MODEL -- estimate (turnaround): T = (R+W)/BW_PEAK + a*min(R,W) --
MODEL   R=8388608 B (read)   W=8388608 B (write)   loop_trip L=1
MODEL   base = (R+W)/150 = 111.85 us
MODEL   turn = a*min(R,W) = 0.00574*8388608 = 48.15 us
MODEL   => T_model = 144.63 us
MODEL FEATS [{"name":"clone","is_reduction":false,"out_elems":4194304,"cores":32,"dtype_bytes":2,"args":[{"name":"op0","role":"output","mem":"hbm","elems":4194304,"broadcast":false,"dims":[64,1024,64],"logical":[1024,4096],"loop_factor":1},{"name":"arg0_1","role":"input","mem":"hbm","elems":4194304,"broadcast":false,"dims":[16,4096,64],"logical":[4096,1024],"loop_factor":1}],"reduction_cores":1,"loop_trip":1,"tiles_output_dim":false,"tile_rows_per_core":0.0,"is_matmul":false,"matmul_macs":0,"matmul_rows_per_core":0.0,"matmul_cols_per_core":0.0,"matmul_a_bytes":0,"matmul_b_bytes":0,"hbm_pattern":"restickify"}]
SUMMARY op=transpose rows=4096 cols=1024 cores=32 tiles=0 lx=0 io_hbm_bytes=16777216 kernel_us=142.667 pred_us=144.631 err_pct=+1.4 bw_gbps=117.6 memset_us=191.365 other_dev_us=561.819 total_dev_us=895.851
-- neg [1024,4096]
  op_it_space_splits={d0: 32, d1: 1}
IO -- device-layout I/O (cost model, stick-padded) --
IO   op neg
IO     output op0                    torch [1024, 4096] -> device [64, 1024, 64] in HBM = 4194304 elems x 2B = 8388608 B  (hbm counted: 8388608 B)
IO     input  arg0_1                 torch [1024, 4096] -> device [64, 1024, 64] in HBM = 4194304 elems x 2B = 8388608 B  (hbm counted: 8388608 B)
IO   => HBM I/O total = 16777216 B  (lx 0 B, ~free)
MODEL -- estimate (turnaround): T = (R+W)/BW_PEAK + a*min(R,W) --
MODEL   R=8388608 B (read)   W=8388608 B (write)   loop_trip L=1
MODEL   base = (R+W)/150 = 111.85 us
MODEL   turn = a*min(R,W) = 0.00574*8388608 = 48.15 us
MODEL   => T_model = 160.00 us
MODEL FEATS [{"name":"neg","is_reduction":false,"out_elems":4194304,"cores":32,"dtype_bytes":2,"args":[{"name":"op0","role":"output","mem":"hbm","elems":4194304,"broadcast":false,"dims":[64,1024,64],"logical":[1024,4096],"loop_factor":1},{"name":"arg0_1","role":"input","mem":"hbm","elems":4194304,"broadcast":false,"dims":[64,1024,64],"logical":[1024,4096],"loop_factor":1}],"reduction_cores":1,"loop_trip":1,"tiles_output_dim":false,"tile_rows_per_core":0.0,"is_matmul":false,"matmul_macs":0,"matmul_rows_per_core":0.0,"matmul_cols_per_core":0.0,"matmul_a_bytes":0,"matmul_b_bytes":0,"hbm_pattern":""}]
SUMMARY op=neg rows=1024 cols=4096 cores=32 tiles=0 lx=0 io_hbm_bytes=16777216 kernel_us=151.156 pred_us=159.999 err_pct=+5.9 bw_gbps=111.0 memset_us=144.963 other_dev_us=623.458 total_dev_us=919.577
-- transpose [1024,4096]
  op_it_space_splits={d0: 32, d1: 1}
IO -- device-layout I/O (cost model, stick-padded) --
IO   op clone
IO     output op0                    torch [4096, 1024] -> device [16, 4096, 64] in HBM = 4194304 elems x 2B = 8388608 B  (hbm counted: 8388608 B)
IO     input  arg0_1                 torch [1024, 4096] -> device [64, 1024, 64] in HBM = 4194304 elems x 2B = 8388608 B  (hbm counted: 8388608 B)
IO   => HBM I/O total = 16777216 B  (lx 0 B, ~free)
MODEL -- estimate (turnaround): T = (R+W)/BW_PEAK + a*min(R,W) --
MODEL   R=8388608 B (read)   W=8388608 B (write)   loop_trip L=1
MODEL   base = (R+W)/150 = 111.85 us
MODEL   turn = a*min(R,W) = 0.00574*8388608 = 48.15 us
MODEL   => T_model = 144.63 us
MODEL FEATS [{"name":"clone","is_reduction":false,"out_elems":4194304,"cores":32,"dtype_bytes":2,"args":[{"name":"op0","role":"output","mem":"hbm","elems":4194304,"broadcast":false,"dims":[16,4096,64],"logical":[4096,1024],"loop_factor":1},{"name":"arg0_1","role":"input","mem":"hbm","elems":4194304,"broadcast":false,"dims":[64,1024,64],"logical":[1024,4096],"loop_factor":1}],"reduction_cores":1,"loop_trip":1,"tiles_output_dim":false,"tile_rows_per_core":0.0,"is_matmul":false,"matmul_macs":0,"matmul_rows_per_core":0.0,"matmul_cols_per_core":0.0,"matmul_a_bytes":0,"matmul_b_bytes":0,"hbm_pattern":"restickify"}]
SUMMARY op=transpose rows=1024 cols=4096 cores=32 tiles=0 lx=0 io_hbm_bytes=16777216 kernel_us=144.904 pred_us=144.631 err_pct=-0.2 bw_gbps=115.8 memset_us=130.449 other_dev_us=610.804 total_dev_us=886.157
-- neg [8192,512]
  op_it_space_splits={d0: 32, d1: 1}
IO -- device-layout I/O (cost model, stick-padded) --
IO   op neg
IO     output op0                    torch [8192, 512] -> device [8, 8192, 64] in HBM = 4194304 elems x 2B = 8388608 B  (hbm counted: 8388608 B)
IO     input  arg0_1                 torch [8192, 512] -> device [8, 8192, 64] in HBM = 4194304 elems x 2B = 8388608 B  (hbm counted: 8388608 B)
IO   => HBM I/O total = 16777216 B  (lx 0 B, ~free)
MODEL -- estimate (turnaround): T = (R+W)/BW_PEAK + a*min(R,W) --
MODEL   R=8388608 B (read)   W=8388608 B (write)   loop_trip L=1
MODEL   base = (R+W)/150 = 111.85 us
MODEL   turn = a*min(R,W) = 0.00574*8388608 = 48.15 us
MODEL   => T_model = 160.00 us
MODEL FEATS [{"name":"neg","is_reduction":false,"out_elems":4194304,"cores":32,"dtype_bytes":2,"args":[{"name":"op0","role":"output","mem":"hbm","elems":4194304,"broadcast":false,"dims":[8,8192,64],"logical":[8192,512],"loop_factor":1},{"name":"arg0_1","role":"input","mem":"hbm","elems":4194304,"broadcast":false,"dims":[8,8192,64],"logical":[8192,512],"loop_factor":1}],"reduction_cores":1,"loop_trip":1,"tiles_output_dim":false,"tile_rows_per_core":0.0,"is_matmul":false,"matmul_macs":0,"matmul_rows_per_core":0.0,"matmul_cols_per_core":0.0,"matmul_a_bytes":0,"matmul_b_bytes":0,"hbm_pattern":""}]
SUMMARY op=neg rows=8192 cols=512 cores=32 tiles=0 lx=0 io_hbm_bytes=16777216 kernel_us=160.121 pred_us=159.999 err_pct=-0.1 bw_gbps=104.8 memset_us=119.323 other_dev_us=654.662 total_dev_us=934.106
-- transpose [8192,512]
  op_it_space_splits={d0: 1, d1: 32}
IO -- device-layout I/O (cost model, stick-padded) --
IO   op clone
IO     output op0                    torch [512, 8192] -> device [128, 512, 64] in HBM = 4194304 elems x 2B = 8388608 B  (hbm counted: 8388608 B)
IO     input  arg0_1                 torch [8192, 512] -> device [8, 8192, 64] in HBM = 4194304 elems x 2B = 8388608 B  (hbm counted: 8388608 B)
IO   => HBM I/O total = 16777216 B  (lx 0 B, ~free)
MODEL -- estimate (turnaround): T = (R+W)/BW_PEAK + a*min(R,W) --
MODEL   R=8388608 B (read)   W=8388608 B (write)   loop_trip L=1
MODEL   base = (R+W)/150 = 111.85 us
MODEL   turn = a*min(R,W) = 0.00574*8388608 = 48.15 us
MODEL   => T_model = 144.63 us
MODEL FEATS [{"name":"clone","is_reduction":false,"out_elems":4194304,"cores":32,"dtype_bytes":2,"args":[{"name":"op0","role":"output","mem":"hbm","elems":4194304,"broadcast":false,"dims":[128,512,64],"logical":[512,8192],"loop_factor":1},{"name":"arg0_1","role":"input","mem":"hbm","elems":4194304,"broadcast":false,"dims":[8,8192,64],"logical":[8192,512],"loop_factor":1}],"reduction_cores":1,"loop_trip":1,"tiles_output_dim":false,"tile_rows_per_core":0.0,"is_matmul":false,"matmul_macs":0,"matmul_rows_per_core":0.0,"matmul_cols_per_core":0.0,"matmul_a_bytes":0,"matmul_b_bytes":0,"hbm_pattern":"restickify"}]
SUMMARY op=transpose rows=8192 cols=512 cores=32 tiles=0 lx=0 io_hbm_bytes=16777216 kernel_us=143.680 pred_us=144.631 err_pct=+0.7 bw_gbps=116.8 memset_us=146.128 other_dev_us=476.191 total_dev_us=765.999
-- neg [512,8192]
  op_it_space_splits={d0: 32, d1: 1}
IO -- device-layout I/O (cost model, stick-padded) --
IO   op neg
IO     output op0                    torch [512, 8192] -> device [128, 512, 64] in HBM = 4194304 elems x 2B = 8388608 B  (hbm counted: 8388608 B)
IO     input  arg0_1                 torch [512, 8192] -> device [128, 512, 64] in HBM = 4194304 elems x 2B = 8388608 B  (hbm counted: 8388608 B)
IO   => HBM I/O total = 16777216 B  (lx 0 B, ~free)
MODEL -- estimate (turnaround): T = (R+W)/BW_PEAK + a*min(R,W) --
MODEL   R=8388608 B (read)   W=8388608 B (write)   loop_trip L=1
MODEL   base = (R+W)/150 = 111.85 us
MODEL   turn = a*min(R,W) = 0.00574*8388608 = 48.15 us
MODEL   => T_model = 160.00 us
MODEL FEATS [{"name":"neg","is_reduction":false,"out_elems":4194304,"cores":32,"dtype_bytes":2,"args":[{"name":"op0","role":"output","mem":"hbm","elems":4194304,"broadcast":false,"dims":[128,512,64],"logical":[512,8192],"loop_factor":1},{"name":"arg0_1","role":"input","mem":"hbm","elems":4194304,"broadcast":false,"dims":[128,512,64],"logical":[512,8192],"loop_factor":1}],"reduction_cores":1,"loop_trip":1,"tiles_output_dim":false,"tile_rows_per_core":0.0,"is_matmul":false,"matmul_macs":0,"matmul_rows_per_core":0.0,"matmul_cols_per_core":0.0,"matmul_a_bytes":0,"matmul_b_bytes":0,"hbm_pattern":""}]
SUMMARY op=neg rows=512 cols=8192 cores=32 tiles=0 lx=0 io_hbm_bytes=16777216 kernel_us=158.370 pred_us=159.999 err_pct=+1.0 bw_gbps=105.9 memset_us=144.459 other_dev_us=598.520 total_dev_us=901.349
-- transpose [512,8192]
  op_it_space_splits={d0: 32, d1: 1}
IO -- device-layout I/O (cost model, stick-padded) --
IO   op clone
IO     output op0                    torch [8192, 512] -> device [8, 8192, 64] in HBM = 4194304 elems x 2B = 8388608 B  (hbm counted: 8388608 B)
IO     input  arg0_1                 torch [512, 8192] -> device [128, 512, 64] in HBM = 4194304 elems x 2B = 8388608 B  (hbm counted: 8388608 B)
IO   => HBM I/O total = 16777216 B  (lx 0 B, ~free)
MODEL -- estimate (turnaround): T = (R+W)/BW_PEAK + a*min(R,W) --
MODEL   R=8388608 B (read)   W=8388608 B (write)   loop_trip L=1
MODEL   base = (R+W)/150 = 111.85 us
MODEL   turn = a*min(R,W) = 0.00574*8388608 = 48.15 us
MODEL   => T_model = 144.63 us
MODEL FEATS [{"name":"clone","is_reduction":false,"out_elems":4194304,"cores":32,"dtype_bytes":2,"args":[{"name":"op0","role":"output","mem":"hbm","elems":4194304,"broadcast":false,"dims":[8,8192,64],"logical":[8192,512],"loop_factor":1},{"name":"arg0_1","role":"input","mem":"hbm","elems":4194304,"broadcast":false,"dims":[128,512,64],"logical":[512,8192],"loop_factor":1}],"reduction_cores":1,"loop_trip":1,"tiles_output_dim":false,"tile_rows_per_core":0.0,"is_matmul":false,"matmul_macs":0,"matmul_rows_per_core":0.0,"matmul_cols_per_core":0.0,"matmul_a_bytes":0,"matmul_b_bytes":0,"hbm_pattern":"restickify"}]
SUMMARY op=transpose rows=512 cols=8192 cores=32 tiles=0 lx=0 io_hbm_bytes=16777216 kernel_us=145.989 pred_us=144.631 err_pct=-0.9 bw_gbps=114.9 memset_us=140.499 other_dev_us=584.254 total_dev_us=870.742
==== DONE -> forward /dev/null ====

################################################################
## >>> run_matmul_validate_sweep.sh (SECTIONS=M1)
################################################################
==== matmul model-validation sweep Thu Jul  9 21:25:13 UTC 2026 ====
git: 2012d4f  sections: M1
## M1 HBM compute-free (write-dom thin-K + read-dom thin-M)
# M1a write-dom: M=N=2048, vary K  (split m4 n8; ~2-7% compute)
-- mmwd M=2048 K=16 N=2048 split m=4 n=8 k=1 (cores=32)
  op_it_space_splits={d0: 32, d1: 1}
  op_it_space_splits={d0: 1, d1: 32}
  op_it_space_splits={d0: 4, d1: 8, d2: 1}
  op_it_space_splits={d0: 32, d1: 1}
  op_it_space_splits={d0: 1, d1: 32}
  op_it_space_splits={d0: 4, d1: 8, d2: 1}
  op_it_space_splits={d0: 32, d1: 1}
  op_it_space_splits={d0: 1, d1: 32}
  op_it_space_splits={d0: 4, d1: 8, d2: 1}
  op_it_space_splits={d0: 32, d1: 1}
  op_it_space_splits={d0: 1, d1: 32}
  op_it_space_splits={d0: 4, d1: 8, d2: 1}
  op_it_space_splits={d0: 32, d1: 1}
  op_it_space_splits={d0: 1, d1: 32}
  op_it_space_splits={d0: 4, d1: 8, d2: 1}
  op_it_space_splits={d0: 32, d1: 1}
  op_it_space_splits={d0: 1, d1: 32}
  op_it_space_splits={d0: 4, d1: 8, d2: 1}
IO -- device-layout I/O (cost model, stick-padded) --
IO   op constant_pad_nd_default
IO     output op1                    torch [64, 2048] -> device [32, 64, 64] in HBM = 131072 elems x 2B = 262144 B  (hbm counted: 262144 B)
IO   op Pointwise
IO     output op3                    torch [64, 2048] -> device [64, 2048] in HBM = 131072 elems x 2B = 262144 B  (hbm counted: 262144 B)
IO     input  buf2                   device [1, 64] in HBM = 64 elems x 2B = 128 B  (hbm counted: 128 B) broadcast (loaded once)
IO   op Pointwise
IO     output op4                    torch [16, 2048] -> device [16, 2048] in HBM = 32768 elems x 2B = 65536 B  (hbm counted: 65536 B)
IO     input  arg1_1                 torch [16, 2048] -> device [32, 16, 64] in HBM = 32768 elems x 2B = 65536 B  (hbm counted: 65536 B)
IO   op mm [reduction]
IO     output op0                    torch [2048, 2048] -> device [32, 2048, 64] in HBM = 4194304 elems x 2B = 8388608 B  (hbm counted: 8388608 B)
IO     input  arg0_1                 torch [2048, 16] -> device [1, 2048, 64] in HBM = 131072 elems x 2B = 262144 B  (hbm counted: 262144 B)
IO     input  arg1_1                 torch [16, 2048] -> device [32, 16, 64] in HBM = 32768 elems x 2B = 65536 B  (hbm counted: 65536 B)
IO     input  buf1                   torch [64, 2048] -> device [32, 64, 64] in HBM = 131072 elems x 2B = 262144 B  (hbm counted: 262144 B)
IO   => HBM I/O total = 9633920 B  (lx 0 B, ~free)
MODEL -- estimate (turnaround): T = compute + (R+W)/BW_PEAK + a*min(R,W) --
MODEL   R=589952 B (read)   W=8978432 B (write)   loop_trip L=1
MODEL   compute = MACs/cores/(mac_peak*pt_eff) = 67108864/32/(1140*1.000) = 1.84 us  (M/m=512, pt_eff=1.000)
MODEL   base = R/143+W/156 = 61.68 us
MODEL   turn = a*min(R,W) = 0.00574*589952 = 3.39 us
MODEL   => T_model = 66.16 us
MODEL FEATS [{"name":"constant_pad_nd_default","is_reduction":false,"out_elems":131072,"cores":1,"dtype_bytes":2,"args":[{"name":"op1","role":"output","mem":"hbm","elems":131072,"broadcast":false,"dims":[32,64,64],"logical":[64,2048],"loop_factor":1}],"reduction_cores":1,"loop_trip":1,"tiles_output_dim":false,"tile_rows_per_core":0.0,"is_matmul":false,"matmul_macs":0,"matmul_rows_per_core":0.0,"matmul_cols_per_core":0.0,"matmul_a_bytes":0,"matmul_b_bytes":0,"hbm_pattern":""},{"name":"Pointwise","is_reduction":false,"out_elems":131072,"cores":32,"dtype_bytes":2,"args":[{"name":"op3","role":"output","mem":"hbm","elems":131072,"broadcast":false,"dims":[64,2048],"logical":[64,2048],"loop_factor":1},{"name":"buf2","role":"input","mem":"hbm","elems":64,"broadcast":true,"dims":[1,64],"logical":[],"loop_factor":1}],"reduction_cores":1,"loop_trip":1,"tiles_output_dim":false,"tile_rows_per_core":0.0,"is_matmul":false,"matmul_macs":0,"matmul_rows_per_core":0.0,"matmul_cols_per_core":0.0,"matmul_a_bytes":0,"matmul_b_bytes":0,"hbm_pattern":""},{"name":"Pointwise","is_reduction":false,"out_elems":32768,"cores":32,"dtype_bytes":2,"args":[{"name":"op4","role":"output","mem":"hbm","elems":32768,"broadcast":false,"dims":[16,2048],"logical":[16,2048],"loop_factor":1},{"name":"arg1_1","role":"input","mem":"hbm","elems":32768,"broadcast":false,"dims":[32,16,64],"logical":[16,2048],"loop_factor":1}],"reduction_cores":1,"loop_trip":1,"tiles_output_dim":false,"tile_rows_per_core":0.0,"is_matmul":false,"matmul_macs":0,"matmul_rows_per_core":0.0,"matmul_cols_per_core":0.0,"matmul_a_bytes":0,"matmul_b_bytes":0,"hbm_pattern":""},{"name":"mm","is_reduction":true,"out_elems":4194304,"cores":32,"dtype_bytes":2,"args":[{"name":"op0","role":"output","mem":"hbm","elems":4194304,"broadcast":false,"dims":[32,2048,64],"logical":[2048,2048],"loop_factor":1},{"name":"arg0_1","role":"input","mem":"hbm","elems":131072,"broadcast":false,"dims":[1,2048,64],"logical":[2048,16],"loop_factor":1},{"name":"arg1_1","role":"input","mem":"hbm","elems":32768,"broadcast":false,"dims":[32,16,64],"logical":[16,2048],"loop_factor":1},{"name":"buf1","role":"input","mem":"hbm","elems":131072,"broadcast":false,"dims":[32,64,64],"logical":[64,2048],"loop_factor":1}],"reduction_cores":1,"loop_trip":1,"tiles_output_dim":false,"tile_rows_per_core":0.0,"is_matmul":true,"matmul_macs":67108864,"matmul_rows_per_core":512.0,"matmul_cols_per_core":256.0,"matmul_a_bytes":65536,"matmul_b_bytes":65536,"hbm_pattern":""}]
SUMMARY op=mmwd rows=2048 cols=16 cores=32 tiles=0 lx=1 io_hbm_bytes=9633920 kernel_us=64.722 pred_us=66.156 err_pct=+2.2 bw_gbps=148.9 memset_us=283.284 other_dev_us=398.292 total_dev_us=746.298
-- mmwd M=2048 K=32 N=2048 split m=4 n=8 k=1 (cores=32)
  op_it_space_splits={d0: 32, d1: 1}
  op_it_space_splits={d0: 32, d1: 1}
  op_it_space_splits={d0: 4, d1: 8, d2: 1}
  op_it_space_splits={d0: 32, d1: 1}
  op_it_space_splits={d0: 32, d1: 1}
  op_it_space_splits={d0: 4, d1: 8, d2: 1}
  op_it_space_splits={d0: 32, d1: 1}
  op_it_space_splits={d0: 32, d1: 1}
  op_it_space_splits={d0: 4, d1: 8, d2: 1}
  op_it_space_splits={d0: 32, d1: 1}
  op_it_space_splits={d0: 32, d1: 1}
  op_it_space_splits={d0: 4, d1: 8, d2: 1}
  op_it_space_splits={d0: 32, d1: 1}
  op_it_space_splits={d0: 32, d1: 1}
  op_it_space_splits={d0: 4, d1: 8, d2: 1}
  op_it_space_splits={d0: 32, d1: 1}
  op_it_space_splits={d0: 32, d1: 1}
  op_it_space_splits={d0: 4, d1: 8, d2: 1}
IO -- device-layout I/O (cost model, stick-padded) --
IO   op constant_pad_nd_default
IO     output op1                    torch [64, 2048] -> device [32, 64, 64] in HBM = 131072 elems x 2B = 262144 B  (hbm counted: 262144 B)
IO   op Pointwise
IO     output op3                    torch [64, 2048] -> device [64, 2048] in HBM = 131072 elems x 2B = 262144 B  (hbm counted: 262144 B)
IO     input  buf2                   device [1, 64] in HBM = 64 elems x 2B = 128 B  (hbm counted: 128 B) broadcast (loaded once)
IO   op Pointwise
IO     output op4                    torch [32, 2048] -> device [32, 2048] in HBM = 65536 elems x 2B = 131072 B  (hbm counted: 131072 B)
IO     input  arg1_1                 torch [32, 2048] -> device [32, 32, 64] in HBM = 65536 elems x 2B = 131072 B  (hbm counted: 131072 B)
IO   op mm [reduction]
IO     output op0                    torch [2048, 2048] -> device [32, 2048, 64] in HBM = 4194304 elems x 2B = 8388608 B  (hbm counted: 8388608 B)
IO     input  arg0_1                 torch [2048, 32] -> device [1, 2048, 64] in HBM = 131072 elems x 2B = 262144 B  (hbm counted: 262144 B)
IO     input  arg1_1                 torch [32, 2048] -> device [32, 32, 64] in HBM = 65536 elems x 2B = 131072 B  (hbm counted: 131072 B)
IO     input  buf1                   torch [64, 2048] -> device [32, 64, 64] in HBM = 131072 elems x 2B = 262144 B  (hbm counted: 262144 B)
IO   => HBM I/O total = 9830528 B  (lx 0 B, ~free)
MODEL -- estimate (turnaround): T = compute + (R+W)/BW_PEAK + a*min(R,W) --
MODEL   R=655488 B (read)   W=9043968 B (write)   loop_trip L=1
MODEL   compute = MACs/cores/(mac_peak*pt_eff) = 134217728/32/(1140*1.000) = 3.68 us  (M/m=512, pt_eff=1.000)
MODEL   base = R/143+W/156 = 62.56 us
MODEL   turn = a*min(R,W) = 0.00574*655488 = 3.76 us
MODEL   => T_model = 68.50 us
MODEL FEATS [{"name":"constant_pad_nd_default","is_reduction":false,"out_elems":131072,"cores":1,"dtype_bytes":2,"args":[{"name":"op1","role":"output","mem":"hbm","elems":131072,"broadcast":false,"dims":[32,64,64],"logical":[64,2048],"loop_factor":1}],"reduction_cores":1,"loop_trip":1,"tiles_output_dim":false,"tile_rows_per_core":0.0,"is_matmul":false,"matmul_macs":0,"matmul_rows_per_core":0.0,"matmul_cols_per_core":0.0,"matmul_a_bytes":0,"matmul_b_bytes":0,"hbm_pattern":""},{"name":"Pointwise","is_reduction":false,"out_elems":131072,"cores":32,"dtype_bytes":2,"args":[{"name":"op3","role":"output","mem":"hbm","elems":131072,"broadcast":false,"dims":[64,2048],"logical":[64,2048],"loop_factor":1},{"name":"buf2","role":"input","mem":"hbm","elems":64,"broadcast":true,"dims":[1,64],"logical":[],"loop_factor":1}],"reduction_cores":1,"loop_trip":1,"tiles_output_dim":false,"tile_rows_per_core":0.0,"is_matmul":false,"matmul_macs":0,"matmul_rows_per_core":0.0,"matmul_cols_per_core":0.0,"matmul_a_bytes":0,"matmul_b_bytes":0,"hbm_pattern":""},{"name":"Pointwise","is_reduction":false,"out_elems":65536,"cores":32,"dtype_bytes":2,"args":[{"name":"op4","role":"output","mem":"hbm","elems":65536,"broadcast":false,"dims":[32,2048],"logical":[32,2048],"loop_factor":1},{"name":"arg1_1","role":"input","mem":"hbm","elems":65536,"broadcast":false,"dims":[32,32,64],"logical":[32,2048],"loop_factor":1}],"reduction_cores":1,"loop_trip":1,"tiles_output_dim":false,"tile_rows_per_core":0.0,"is_matmul":false,"matmul_macs":0,"matmul_rows_per_core":0.0,"matmul_cols_per_core":0.0,"matmul_a_bytes":0,"matmul_b_bytes":0,"hbm_pattern":""},{"name":"mm","is_reduction":true,"out_elems":4194304,"cores":32,"dtype_bytes":2,"args":[{"name":"op0","role":"output","mem":"hbm","elems":4194304,"broadcast":false,"dims":[32,2048,64],"logical":[2048,2048],"loop_factor":1},{"name":"arg0_1","role":"input","mem":"hbm","elems":131072,"broadcast":false,"dims":[1,2048,64],"logical":[2048,32],"loop_factor":1},{"name":"arg1_1","role":"input","mem":"hbm","elems":65536,"broadcast":false,"dims":[32,32,64],"logical":[32,2048],"loop_factor":1},{"name":"buf1","role":"input","mem":"hbm","elems":131072,"broadcast":false,"dims":[32,64,64],"logical":[64,2048],"loop_factor":1}],"reduction_cores":1,"loop_trip":1,"tiles_output_dim":false,"tile_rows_per_core":0.0,"is_matmul":true,"matmul_macs":134217728,"matmul_rows_per_core":512.0,"matmul_cols_per_core":256.0,"matmul_a_bytes":131072,"matmul_b_bytes":131072,"hbm_pattern":""}]
SUMMARY op=mmwd rows=2048 cols=32 cores=32 tiles=0 lx=1 io_hbm_bytes=9830528 kernel_us=69.556 pred_us=68.501 err_pct=-1.5 bw_gbps=141.3 memset_us=243.215 other_dev_us=462.105 total_dev_us=774.876
-- mmwd M=2048 K=64 N=2048 split m=4 n=8 k=1 (cores=32)
  op_it_space_splits={d0: 4, d1: 8, d2: 1}
  op_it_space_splits={d0: 4, d1: 8, d2: 1}
  op_it_space_splits={d0: 4, d1: 8, d2: 1}
  op_it_space_splits={d0: 4, d1: 8, d2: 1}
  op_it_space_splits={d0: 4, d1: 8, d2: 1}
  op_it_space_splits={d0: 4, d1: 8, d2: 1}
IO -- device-layout I/O (cost model, stick-padded) --
IO   op mm [reduction]
IO     output op0                    torch [2048, 2048] -> device [32, 2048, 64] in HBM = 4194304 elems x 2B = 8388608 B  (hbm counted: 8388608 B)
IO     input  arg0_1                 torch [2048, 64] -> device [1, 2048, 64] in HBM = 131072 elems x 2B = 262144 B  (hbm counted: 262144 B)
IO     input  arg1_1                 torch [64, 2048] -> device [32, 64, 64] in HBM = 131072 elems x 2B = 262144 B  (hbm counted: 262144 B)
IO   => HBM I/O total = 8912896 B  (lx 0 B, ~free)
MODEL -- estimate (turnaround): T = compute + (R+W)/BW_PEAK + a*min(R,W) --
MODEL   R=524288 B (read)   W=8388608 B (write)   loop_trip L=1
MODEL   compute = MACs/cores/(mac_peak*pt_eff) = 268435456/32/(1140*1.000) = 7.36 us  (M/m=512, pt_eff=1.000)
MODEL   base = R/143+W/156 = 57.44 us
MODEL   turn = a*min(R,W) = 0.00574*524288 = 3.01 us
MODEL   => T_model = 64.81 us
MODEL FEATS [{"name":"mm","is_reduction":true,"out_elems":4194304,"cores":32,"dtype_bytes":2,"args":[{"name":"op0","role":"output","mem":"hbm","elems":4194304,"broadcast":false,"dims":[32,2048,64],"logical":[2048,2048],"loop_factor":1},{"name":"arg0_1","role":"input","mem":"hbm","elems":131072,"broadcast":false,"dims":[1,2048,64],"logical":[2048,64],"loop_factor":1},{"name":"arg1_1","role":"input","mem":"hbm","elems":131072,"broadcast":false,"dims":[32,64,64],"logical":[64,2048],"loop_factor":1}],"reduction_cores":1,"loop_trip":1,"tiles_output_dim":false,"tile_rows_per_core":0.0,"is_matmul":true,"matmul_macs":268435456,"matmul_rows_per_core":512.0,"matmul_cols_per_core":256.0,"matmul_a_bytes":262144,"matmul_b_bytes":262144,"hbm_pattern":""}]
SUMMARY op=mmwd rows=2048 cols=64 cores=32 tiles=0 lx=1 io_hbm_bytes=8912896 kernel_us=56.559 pred_us=64.811 err_pct=+14.6 bw_gbps=157.6 memset_us=208.099 other_dev_us=610.186 total_dev_us=874.844
# M1b write-dom: K=32, vary M=N  (size sweep; hbm ~ bytes?)
-- mmwd M=4096 K=32 N=2048 split m=4 n=8 k=1 (cores=32)
  op_it_space_splits={d0: 32, d1: 1}
  op_it_space_splits={d0: 32, d1: 1}
  op_it_space_splits={d0: 4, d1: 8, d2: 1}
  op_it_space_splits={d0: 32, d1: 1}
  op_it_space_splits={d0: 32, d1: 1}
  op_it_space_splits={d0: 4, d1: 8, d2: 1}
  op_it_space_splits={d0: 32, d1: 1}
  op_it_space_splits={d0: 32, d1: 1}
  op_it_space_splits={d0: 4, d1: 8, d2: 1}
  op_it_space_splits={d0: 32, d1: 1}
  op_it_space_splits={d0: 32, d1: 1}
  op_it_space_splits={d0: 4, d1: 8, d2: 1}
  op_it_space_splits={d0: 32, d1: 1}
  op_it_space_splits={d0: 32, d1: 1}
  op_it_space_splits={d0: 4, d1: 8, d2: 1}
  op_it_space_splits={d0: 32, d1: 1}
  op_it_space_splits={d0: 32, d1: 1}
  op_it_space_splits={d0: 4, d1: 8, d2: 1}
IO -- device-layout I/O (cost model, stick-padded) --
IO   op constant_pad_nd_default
IO     output op1                    torch [64, 2048] -> device [32, 64, 64] in HBM = 131072 elems x 2B = 262144 B  (hbm counted: 262144 B)
IO   op Pointwise
IO     output op3                    torch [64, 2048] -> device [64, 2048] in HBM = 131072 elems x 2B = 262144 B  (hbm counted: 262144 B)
IO     input  buf2                   device [1, 64] in HBM = 64 elems x 2B = 128 B  (hbm counted: 128 B) broadcast (loaded once)
IO   op Pointwise
IO     output op4                    torch [32, 2048] -> device [32, 2048] in HBM = 65536 elems x 2B = 131072 B  (hbm counted: 131072 B)
IO     input  arg1_1                 torch [32, 2048] -> device [32, 32, 64] in HBM = 65536 elems x 2B = 131072 B  (hbm counted: 131072 B)
IO   op mm [reduction]
IO     output op0                    torch [4096, 2048] -> device [32, 4096, 64] in HBM = 8388608 elems x 2B = 16777216 B  (hbm counted: 16777216 B)
IO     input  arg0_1                 torch [4096, 32] -> device [1, 4096, 64] in HBM = 262144 elems x 2B = 524288 B  (hbm counted: 524288 B)
IO     input  arg1_1                 torch [32, 2048] -> device [32, 32, 64] in HBM = 65536 elems x 2B = 131072 B  (hbm counted: 131072 B)
IO     input  buf1                   torch [64, 2048] -> device [32, 64, 64] in HBM = 131072 elems x 2B = 262144 B  (hbm counted: 262144 B)
IO   => HBM I/O total = 18481280 B  (lx 0 B, ~free)
MODEL -- estimate (turnaround): T = compute + (R+W)/BW_PEAK + a*min(R,W) --
MODEL   R=917632 B (read)   W=17432576 B (write)   loop_trip L=1
MODEL   compute = MACs/cores/(mac_peak*pt_eff) = 268435456/32/(1140*1.000) = 7.36 us  (M/m=1024, pt_eff=1.000)
MODEL   base = R/143+W/156 = 118.16 us
MODEL   turn = a*min(R,W) = 0.00574*917632 = 5.27 us
MODEL   => T_model = 129.81 us
MODEL FEATS [{"name":"constant_pad_nd_default","is_reduction":false,"out_elems":131072,"cores":1,"dtype_bytes":2,"args":[{"name":"op1","role":"output","mem":"hbm","elems":131072,"broadcast":false,"dims":[32,64,64],"logical":[64,2048],"loop_factor":1}],"reduction_cores":1,"loop_trip":1,"tiles_output_dim":false,"tile_rows_per_core":0.0,"is_matmul":false,"matmul_macs":0,"matmul_rows_per_core":0.0,"matmul_cols_per_core":0.0,"matmul_a_bytes":0,"matmul_b_bytes":0,"hbm_pattern":""},{"name":"Pointwise","is_reduction":false,"out_elems":131072,"cores":32,"dtype_bytes":2,"args":[{"name":"op3","role":"output","mem":"hbm","elems":131072,"broadcast":false,"dims":[64,2048],"logical":[64,2048],"loop_factor":1},{"name":"buf2","role":"input","mem":"hbm","elems":64,"broadcast":true,"dims":[1,64],"logical":[],"loop_factor":1}],"reduction_cores":1,"loop_trip":1,"tiles_output_dim":false,"tile_rows_per_core":0.0,"is_matmul":false,"matmul_macs":0,"matmul_rows_per_core":0.0,"matmul_cols_per_core":0.0,"matmul_a_bytes":0,"matmul_b_bytes":0,"hbm_pattern":""},{"name":"Pointwise","is_reduction":false,"out_elems":65536,"cores":32,"dtype_bytes":2,"args":[{"name":"op4","role":"output","mem":"hbm","elems":65536,"broadcast":false,"dims":[32,2048],"logical":[32,2048],"loop_factor":1},{"name":"arg1_1","role":"input","mem":"hbm","elems":65536,"broadcast":false,"dims":[32,32,64],"logical":[32,2048],"loop_factor":1}],"reduction_cores":1,"loop_trip":1,"tiles_output_dim":false,"tile_rows_per_core":0.0,"is_matmul":false,"matmul_macs":0,"matmul_rows_per_core":0.0,"matmul_cols_per_core":0.0,"matmul_a_bytes":0,"matmul_b_bytes":0,"hbm_pattern":""},{"name":"mm","is_reduction":true,"out_elems":8388608,"cores":32,"dtype_bytes":2,"args":[{"name":"op0","role":"output","mem":"hbm","elems":8388608,"broadcast":false,"dims":[32,4096,64],"logical":[4096,2048],"loop_factor":1},{"name":"arg0_1","role":"input","mem":"hbm","elems":262144,"broadcast":false,"dims":[1,4096,64],"logical":[4096,32],"loop_factor":1},{"name":"arg1_1","role":"input","mem":"hbm","elems":65536,"broadcast":false,"dims":[32,32,64],"logical":[32,2048],"loop_factor":1},{"name":"buf1","role":"input","mem":"hbm","elems":131072,"broadcast":false,"dims":[32,64,64],"logical":[64,2048],"loop_factor":1}],"reduction_cores":1,"loop_trip":1,"tiles_output_dim":false,"tile_rows_per_core":0.0,"is_matmul":true,"matmul_macs":268435456,"matmul_rows_per_core":1024.0,"matmul_cols_per_core":256.0,"matmul_a_bytes":262144,"matmul_b_bytes":131072,"hbm_pattern":""}]
SUMMARY op=mmwd rows=4096 cols=32 cores=32 tiles=0 lx=1 io_hbm_bytes=18481280 kernel_us=131.779 pred_us=129.810 err_pct=-1.5 bw_gbps=140.2 memset_us=351.623 other_dev_us=682.529 total_dev_us=1165.931
-- mmwd M=4096 K=32 N=4096 split m=4 n=8 k=1 (cores=32)
  op_it_space_splits={d0: 32, d1: 1}
  op_it_space_splits={d0: 1, d1: 32}
  op_it_space_splits={d0: 4, d1: 8, d2: 1}
  op_it_space_splits={d0: 32, d1: 1}
  op_it_space_splits={d0: 1, d1: 32}
  op_it_space_splits={d0: 4, d1: 8, d2: 1}
  op_it_space_splits={d0: 32, d1: 1}
  op_it_space_splits={d0: 1, d1: 32}
  op_it_space_splits={d0: 4, d1: 8, d2: 1}
  op_it_space_splits={d0: 32, d1: 1}
  op_it_space_splits={d0: 1, d1: 32}
  op_it_space_splits={d0: 4, d1: 8, d2: 1}
  op_it_space_splits={d0: 32, d1: 1}
  op_it_space_splits={d0: 1, d1: 32}
  op_it_space_splits={d0: 4, d1: 8, d2: 1}
  op_it_space_splits={d0: 32, d1: 1}
  op_it_space_splits={d0: 1, d1: 32}
  op_it_space_splits={d0: 4, d1: 8, d2: 1}
IO -- device-layout I/O (cost model, stick-padded) --
IO   op constant_pad_nd_default
IO     output op1                    torch [64, 4096] -> device [64, 64, 64] in HBM = 262144 elems x 2B = 524288 B  (hbm counted: 524288 B)
IO   op Pointwise
IO     output op3                    torch [64, 4096] -> device [64, 4096] in HBM = 262144 elems x 2B = 524288 B  (hbm counted: 524288 B)
IO     input  buf2                   device [1, 64] in HBM = 64 elems x 2B = 128 B  (hbm counted: 128 B) broadcast (loaded once)
IO   op Pointwise
IO     output op4                    torch [32, 4096] -> device [32, 4096] in HBM = 131072 elems x 2B = 262144 B  (hbm counted: 262144 B)
IO     input  arg1_1                 torch [32, 4096] -> device [64, 32, 64] in HBM = 131072 elems x 2B = 262144 B  (hbm counted: 262144 B)
IO   op mm [reduction]
IO     output op0                    torch [4096, 4096] -> device [64, 4096, 64] in HBM = 16777216 elems x 2B = 33554432 B  (hbm counted: 33554432 B)
IO     input  arg0_1                 torch [4096, 32] -> device [1, 4096, 64] in HBM = 262144 elems x 2B = 524288 B  (hbm counted: 524288 B)
IO     input  arg1_1                 torch [32, 4096] -> device [64, 32, 64] in HBM = 131072 elems x 2B = 262144 B  (hbm counted: 262144 B)
IO     input  buf1                   torch [64, 4096] -> device [64, 64, 64] in HBM = 262144 elems x 2B = 524288 B  (hbm counted: 524288 B)
IO   => HBM I/O total = 36438144 B  (lx 0 B, ~free)
MODEL -- estimate (turnaround): T = compute + (R+W)/BW_PEAK + a*min(R,W) --
MODEL   R=1310848 B (read)   W=34865152 B (write)   loop_trip L=1
MODEL   compute = MACs/cores/(mac_peak*pt_eff) = 536870912/32/(1140*1.000) = 14.72 us  (M/m=1024, pt_eff=1.000)
MODEL   base = R/143+W/156 = 232.66 us
MODEL   turn = a*min(R,W) = 0.00574*1310848 = 7.52 us
MODEL   => T_model = 250.93 us
MODEL FEATS [{"name":"constant_pad_nd_default","is_reduction":false,"out_elems":262144,"cores":1,"dtype_bytes":2,"args":[{"name":"op1","role":"output","mem":"hbm","elems":262144,"broadcast":false,"dims":[64,64,64],"logical":[64,4096],"loop_factor":1}],"reduction_cores":1,"loop_trip":1,"tiles_output_dim":false,"tile_rows_per_core":0.0,"is_matmul":false,"matmul_macs":0,"matmul_rows_per_core":0.0,"matmul_cols_per_core":0.0,"matmul_a_bytes":0,"matmul_b_bytes":0,"hbm_pattern":""},{"name":"Pointwise","is_reduction":false,"out_elems":262144,"cores":32,"dtype_bytes":2,"args":[{"name":"op3","role":"output","mem":"hbm","elems":262144,"broadcast":false,"dims":[64,4096],"logical":[64,4096],"loop_factor":1},{"name":"buf2","role":"input","mem":"hbm","elems":64,"broadcast":true,"dims":[1,64],"logical":[],"loop_factor":1}],"reduction_cores":1,"loop_trip":1,"tiles_output_dim":false,"tile_rows_per_core":0.0,"is_matmul":false,"matmul_macs":0,"matmul_rows_per_core":0.0,"matmul_cols_per_core":0.0,"matmul_a_bytes":0,"matmul_b_bytes":0,"hbm_pattern":""},{"name":"Pointwise","is_reduction":false,"out_elems":131072,"cores":32,"dtype_bytes":2,"args":[{"name":"op4","role":"output","mem":"hbm","elems":131072,"broadcast":false,"dims":[32,4096],"logical":[32,4096],"loop_factor":1},{"name":"arg1_1","role":"input","mem":"hbm","elems":131072,"broadcast":false,"dims":[64,32,64],"logical":[32,4096],"loop_factor":1}],"reduction_cores":1,"loop_trip":1,"tiles_output_dim":false,"tile_rows_per_core":0.0,"is_matmul":false,"matmul_macs":0,"matmul_rows_per_core":0.0,"matmul_cols_per_core":0.0,"matmul_a_bytes":0,"matmul_b_bytes":0,"hbm_pattern":""},{"name":"mm","is_reduction":true,"out_elems":16777216,"cores":32,"dtype_bytes":2,"args":[{"name":"op0","role":"output","mem":"hbm","elems":16777216,"broadcast":false,"dims":[64,4096,64],"logical":[4096,4096],"loop_factor":1},{"name":"arg0_1","role":"input","mem":"hbm","elems":262144,"broadcast":false,"dims":[1,4096,64],"logical":[4096,32],"loop_factor":1},{"name":"arg1_1","role":"input","mem":"hbm","elems":131072,"broadcast":false,"dims":[64,32,64],"logical":[32,4096],"loop_factor":1},{"name":"buf1","role":"input","mem":"hbm","elems":262144,"broadcast":false,"dims":[64,64,64],"logical":[64,4096],"loop_factor":1}],"reduction_cores":1,"loop_trip":1,"tiles_output_dim":false,"tile_rows_per_core":0.0,"is_matmul":true,"matmul_macs":536870912,"matmul_rows_per_core":1024.0,"matmul_cols_per_core":512.0,"matmul_a_bytes":262144,"matmul_b_bytes":262144,"hbm_pattern":""}]
SUMMARY op=mmwd rows=4096 cols=32 cores=32 tiles=0 lx=1 io_hbm_bytes=36438144 kernel_us=257.894 pred_us=250.926 err_pct=-2.7 bw_gbps=141.3 memset_us=443.371 other_dev_us=2360.512 total_dev_us=3061.777
# M1c read-dom: K=N=4096, vary M (<=64 -> tiny output, big reads; split N)
-- mmwd M=32 K=4096 N=4096 split m=1 n=32 k=1 (cores=32)
  op_it_space_splits={d0: 1, d1: 32, d2: 1}
  op_it_space_splits={d0: 1, d1: 32, d2: 1}
  op_it_space_splits={d0: 1, d1: 32, d2: 1}
  op_it_space_splits={d0: 1, d1: 32, d2: 1}
  op_it_space_splits={d0: 1, d1: 32, d2: 1}
  op_it_space_splits={d0: 1, d1: 32, d2: 1}
IO -- device-layout I/O (cost model, stick-padded) --
IO   op mm [reduction]
IO     output op0                    torch [32, 4096] -> device [64, 32, 64] in HBM = 131072 elems x 2B = 262144 B  (hbm counted: 262144 B)
IO     input  arg0_1                 torch [32, 4096] -> device [64, 32, 64] in HBM = 131072 elems x 2B = 262144 B  (hbm counted: 262144 B)
IO     input  arg1_1                 torch [4096, 4096] -> device [64, 4096, 64] in HBM = 16777216 elems x 2B = 33554432 B  (hbm counted: 33554432 B)
IO   => HBM I/O total = 34078720 B  (lx 0 B, ~free)
MODEL -- estimate (turnaround): T = compute + (R+W)/BW_PEAK + a*min(R,W) --
MODEL   R=33816576 B (read)   W=262144 B (write)   loop_trip L=1
MODEL   compute = MACs/cores/(mac_peak*pt_eff) = 536870912/32/(1140*0.785) = 18.76 us  (M/m=32, pt_eff=0.785)
MODEL   base = R/143+W/156 = 238.16 us
MODEL   turn = a*min(R,W) = 0.00574*262144 = 1.50 us
MODEL   => T_model = 249.79 us
MODEL FEATS [{"name":"mm","is_reduction":true,"out_elems":131072,"cores":32,"dtype_bytes":2,"args":[{"name":"op0","role":"output","mem":"hbm","elems":131072,"broadcast":false,"dims":[64,32,64],"logical":[32,4096],"loop_factor":1},{"name":"arg0_1","role":"input","mem":"hbm","elems":131072,"broadcast":false,"dims":[64,32,64],"logical":[32,4096],"loop_factor":1},{"name":"arg1_1","role":"input","mem":"hbm","elems":16777216,"broadcast":false,"dims":[64,4096,64],"logical":[4096,4096],"loop_factor":1}],"reduction_cores":1,"loop_trip":1,"tiles_output_dim":false,"tile_rows_per_core":0.0,"is_matmul":true,"matmul_macs":536870912,"matmul_rows_per_core":32.0,"matmul_cols_per_core":128.0,"matmul_a_bytes":262144,"matmul_b_bytes":33554432,"hbm_pattern":""}]
SUMMARY op=mmwd rows=32 cols=4096 cores=32 tiles=0 lx=1 io_hbm_bytes=34078720 kernel_us=264.921 pred_us=249.794 err_pct=-5.7 bw_gbps=128.6 memset_us=67.444 other_dev_us=148.439 total_dev_us=480.804
-- mmwd M=64 K=4096 N=4096 split m=1 n=32 k=1 (cores=32)
  op_it_space_splits={d0: 1, d1: 32, d2: 1}
  op_it_space_splits={d0: 1, d1: 32, d2: 1}
  op_it_space_splits={d0: 1, d1: 32, d2: 1}
  op_it_space_splits={d0: 1, d1: 32, d2: 1}
  op_it_space_splits={d0: 1, d1: 32, d2: 1}
  op_it_space_splits={d0: 1, d1: 32, d2: 1}
IO -- device-layout I/O (cost model, stick-padded) --
IO   op mm [reduction]
IO     output op0                    torch [64, 4096] -> device [64, 64, 64] in HBM = 262144 elems x 2B = 524288 B  (hbm counted: 524288 B)
IO     input  arg0_1                 torch [64, 4096] -> device [64, 64, 64] in HBM = 262144 elems x 2B = 524288 B  (hbm counted: 524288 B)
IO     input  arg1_1                 torch [4096, 4096] -> device [64, 4096, 64] in HBM = 16777216 elems x 2B = 33554432 B  (hbm counted: 33554432 B)
IO   => HBM I/O total = 34603008 B  (lx 0 B, ~free)
MODEL -- estimate (turnaround): T = compute + (R+W)/BW_PEAK + a*min(R,W) --
MODEL   R=34078720 B (read)   W=524288 B (write)   loop_trip L=1
MODEL   compute = MACs/cores/(mac_peak*pt_eff) = 1073741824/32/(1140*1.000) = 29.43 us  (M/m=64, pt_eff=1.000)
MODEL   base = R/143+W/156 = 241.67 us
MODEL   turn = a*min(R,W) = 0.00574*524288 = 3.01 us
MODEL   => T_model = 260.58 us
MODEL FEATS [{"name":"mm","is_reduction":true,"out_elems":262144,"cores":32,"dtype_bytes":2,"args":[{"name":"op0","role":"output","mem":"hbm","elems":262144,"broadcast":false,"dims":[64,64,64],"logical":[64,4096],"loop_factor":1},{"name":"arg0_1","role":"input","mem":"hbm","elems":262144,"broadcast":false,"dims":[64,64,64],"logical":[64,4096],"loop_factor":1},{"name":"arg1_1","role":"input","mem":"hbm","elems":16777216,"broadcast":false,"dims":[64,4096,64],"logical":[4096,4096],"loop_factor":1}],"reduction_cores":1,"loop_trip":1,"tiles_output_dim":false,"tile_rows_per_core":0.0,"is_matmul":true,"matmul_macs":1073741824,"matmul_rows_per_core":64.0,"matmul_cols_per_core":128.0,"matmul_a_bytes":524288,"matmul_b_bytes":33554432,"hbm_pattern":""}]
SUMMARY op=mmwd rows=64 cols=4096 cores=32 tiles=0 lx=1 io_hbm_bytes=34603008 kernel_us=276.380 pred_us=260.577 err_pct=-5.7 bw_gbps=125.2 memset_us=77.155 other_dev_us=217.362 total_dev_us=570.897
# M1d read-dom: M=64, K=4096, vary N (R/W mix)
-- mmwd M=64 K=4096 N=2048 split m=1 n=32 k=1 (cores=32)
  op_it_space_splits={d0: 1, d1: 32, d2: 1}
  op_it_space_splits={d0: 1, d1: 32, d2: 1}
  op_it_space_splits={d0: 1, d1: 32, d2: 1}
  op_it_space_splits={d0: 1, d1: 32, d2: 1}
  op_it_space_splits={d0: 1, d1: 32, d2: 1}
  op_it_space_splits={d0: 1, d1: 32, d2: 1}
IO -- device-layout I/O (cost model, stick-padded) --
IO   op mm [reduction]
IO     output op0                    torch [64, 2048] -> device [32, 64, 64] in HBM = 131072 elems x 2B = 262144 B  (hbm counted: 262144 B)
IO     input  arg0_1                 torch [64, 4096] -> device [64, 64, 64] in HBM = 262144 elems x 2B = 524288 B  (hbm counted: 524288 B)
IO     input  arg1_1                 torch [4096, 2048] -> device [32, 4096, 64] in HBM = 8388608 elems x 2B = 16777216 B  (hbm counted: 16777216 B)
IO   => HBM I/O total = 17563648 B  (lx 0 B, ~free)
MODEL -- estimate (turnaround): T = compute + (R+W)/BW_PEAK + a*min(R,W) --
MODEL   R=17301504 B (read)   W=262144 B (write)   loop_trip L=1
MODEL   compute = MACs/cores/(mac_peak*pt_eff) = 536870912/32/(1140*1.000) = 14.72 us  (M/m=64, pt_eff=1.000)
MODEL   base = R/143+W/156 = 122.67 us
MODEL   turn = a*min(R,W) = 0.00574*262144 = 1.50 us
MODEL   => T_model = 132.12 us
MODEL FEATS [{"name":"mm","is_reduction":true,"out_elems":131072,"cores":32,"dtype_bytes":2,"args":[{"name":"op0","role":"output","mem":"hbm","elems":131072,"broadcast":false,"dims":[32,64,64],"logical":[64,2048],"loop_factor":1},{"name":"arg0_1","role":"input","mem":"hbm","elems":262144,"broadcast":false,"dims":[64,64,64],"logical":[64,4096],"loop_factor":1},{"name":"arg1_1","role":"input","mem":"hbm","elems":8388608,"broadcast":false,"dims":[32,4096,64],"logical":[4096,2048],"loop_factor":1}],"reduction_cores":1,"loop_trip":1,"tiles_output_dim":false,"tile_rows_per_core":0.0,"is_matmul":true,"matmul_macs":536870912,"matmul_rows_per_core":64.0,"matmul_cols_per_core":64.0,"matmul_a_bytes":524288,"matmul_b_bytes":16777216,"hbm_pattern":""}]
SUMMARY op=mmwd rows=64 cols=4096 cores=32 tiles=0 lx=1 io_hbm_bytes=17563648 kernel_us=127.873 pred_us=132.122 err_pct=+3.3 bw_gbps=137.4 memset_us=72.676 other_dev_us=176.157 total_dev_us=376.706
==== DONE -> forward /dev/null ====

################################################################
## >>> run_matmul_compute_sweep.sh 
################################################################
==== matmul compute sweep Thu Jul  9 21:27:40 UTC 2026 ====
git: 2012d4f  sections: MC1 MC2 MC3
## MC1 mac_peak compute-dominant: cores 4 (2x2) + 8 (2x4)
-- mmwd M=2048 K=2048 N=2048 m=2 n=2 k=1 (cores=4,  M/m=1024, N/n=1024)
  op_it_space_splits={d0: 2, d1: 2, d2: 1}
  op_it_space_splits={d0: 2, d1: 2, d2: 1}
  op_it_space_splits={d0: 2, d1: 2, d2: 1}
  op_it_space_splits={d0: 2, d1: 2, d2: 1}
  op_it_space_splits={d0: 2, d1: 2, d2: 1}
  op_it_space_splits={d0: 2, d1: 2, d2: 1}
IO -- device-layout I/O (cost model, stick-padded) --
IO   op mm [reduction]
IO     output op0                    torch [2048, 2048] -> device [32, 2048, 64] in HBM = 4194304 elems x 2B = 8388608 B  (hbm counted: 8388608 B)
IO     input  arg0_1                 torch [2048, 2048] -> device [32, 2048, 64] in HBM = 4194304 elems x 2B = 8388608 B  (hbm counted: 8388608 B)
IO     input  arg1_1                 torch [2048, 2048] -> device [32, 2048, 64] in HBM = 4194304 elems x 2B = 8388608 B  (hbm counted: 8388608 B)
IO   => HBM I/O total = 25165824 B  (lx 0 B, ~free)
MODEL -- estimate (turnaround): T = compute + (R+W)/BW_PEAK + a*min(R,W) --
MODEL   R=16777216 B (read)   W=8388608 B (write)   loop_trip L=1
MODEL   compute = MACs/cores/(mac_peak*pt_eff) = 8589934592/4/(1140*1.000) = 1883.76 us  (M/m=1024, pt_eff=1.000)
MODEL   base = R/143+W/156 = 171.10 us
MODEL   turn = a*min(R,W) = 0.00574*8388608 = 48.15 us
MODEL   => T_model = 2085.27 us
MODEL FEATS [{"name":"mm","is_reduction":true,"out_elems":4194304,"cores":4,"dtype_bytes":2,"args":[{"name":"op0","role":"output","mem":"hbm","elems":4194304,"broadcast":false,"dims":[32,2048,64],"logical":[2048,2048],"loop_factor":1},{"name":"arg0_1","role":"input","mem":"hbm","elems":4194304,"broadcast":false,"dims":[32,2048,64],"logical":[2048,2048],"loop_factor":1},{"name":"arg1_1","role":"input","mem":"hbm","elems":4194304,"broadcast":false,"dims":[32,2048,64],"logical":[2048,2048],"loop_factor":1}],"reduction_cores":1,"loop_trip":1,"tiles_output_dim":false,"tile_rows_per_core":0.0,"is_matmul":true,"matmul_macs":8589934592,"matmul_rows_per_core":1024.0,"matmul_cols_per_core":1024.0,"matmul_a_bytes":8388608,"matmul_b_bytes":8388608,"hbm_pattern":""}]
SUMMARY op=mmwd rows=2048 cols=2048 cores=4 tiles=0 lx=1 io_hbm_bytes=25165824 kernel_us=2013.517 pred_us=2085.266 err_pct=+3.6 bw_gbps=12.5 memset_us=219.210 other_dev_us=456.339 total_dev_us=2689.066
-- mmwd M=2048 K=4096 N=2048 m=2 n=2 k=1 (cores=4,  M/m=1024, N/n=1024)
  op_it_space_splits={d0: 2, d1: 2, d2: 1}
  op_it_space_splits={d0: 2, d1: 2, d2: 1}
  op_it_space_splits={d0: 2, d1: 2, d2: 1}
  op_it_space_splits={d0: 2, d1: 2, d2: 1}
  op_it_space_splits={d0: 2, d1: 2, d2: 1}
  op_it_space_splits={d0: 2, d1: 2, d2: 1}
IO -- device-layout I/O (cost model, stick-padded) --
IO   op mm [reduction]
IO     output op0                    torch [2048, 2048] -> device [32, 2048, 64] in HBM = 4194304 elems x 2B = 8388608 B  (hbm counted: 8388608 B)
IO     input  arg0_1                 torch [2048, 4096] -> device [64, 2048, 64] in HBM = 8388608 elems x 2B = 16777216 B  (hbm counted: 16777216 B)
IO     input  arg1_1                 torch [4096, 2048] -> device [32, 4096, 64] in HBM = 8388608 elems x 2B = 16777216 B  (hbm counted: 16777216 B)
IO   => HBM I/O total = 41943040 B  (lx 0 B, ~free)
MODEL -- estimate (turnaround): T = compute + (R+W)/BW_PEAK + a*min(R,W) --
MODEL   R=33554432 B (read)   W=8388608 B (write)   loop_trip L=1
MODEL   compute = MACs/cores/(mac_peak*pt_eff) = 17179869184/4/(1140*1.000) = 3767.52 us  (M/m=1024, pt_eff=1.000)
MODEL   base = R/143+W/156 = 288.42 us
MODEL   turn = a*min(R,W) = 0.00574*8388608 = 48.15 us
MODEL   => T_model = 4115.49 us
MODEL FEATS [{"name":"mm","is_reduction":true,"out_elems":4194304,"cores":4,"dtype_bytes":2,"args":[{"name":"op0","role":"output","mem":"hbm","elems":4194304,"broadcast":false,"dims":[32,2048,64],"logical":[2048,2048],"loop_factor":1},{"name":"arg0_1","role":"input","mem":"hbm","elems":8388608,"broadcast":false,"dims":[64,2048,64],"logical":[2048,4096],"loop_factor":1},{"name":"arg1_1","role":"input","mem":"hbm","elems":8388608,"broadcast":false,"dims":[32,4096,64],"logical":[4096,2048],"loop_factor":1}],"reduction_cores":1,"loop_trip":1,"tiles_output_dim":false,"tile_rows_per_core":0.0,"is_matmul":true,"matmul_macs":17179869184,"matmul_rows_per_core":1024.0,"matmul_cols_per_core":1024.0,"matmul_a_bytes":16777216,"matmul_b_bytes":16777216,"hbm_pattern":""}]
SUMMARY op=mmwd rows=2048 cols=4096 cores=4 tiles=0 lx=1 io_hbm_bytes=41943040 kernel_us=4021.217 pred_us=4115.494 err_pct=+2.3 bw_gbps=10.4 memset_us=241.793 other_dev_us=712.374 total_dev_us=4975.384
-- mmwd M=1024 K=4096 N=1024 m=2 n=2 k=1 (cores=4,  M/m=512, N/n=512)
  op_it_space_splits={d0: 2, d1: 2, d2: 1}
  op_it_space_splits={d0: 2, d1: 2, d2: 1}
  op_it_space_splits={d0: 2, d1: 2, d2: 1}
  op_it_space_splits={d0: 2, d1: 2, d2: 1}
  op_it_space_splits={d0: 2, d1: 2, d2: 1}
  op_it_space_splits={d0: 2, d1: 2, d2: 1}
IO -- device-layout I/O (cost model, stick-padded) --
IO   op mm [reduction]
IO     output op0                    torch [1024, 1024] -> device [16, 1024, 64] in HBM = 1048576 elems x 2B = 2097152 B  (hbm counted: 2097152 B)
IO     input  arg0_1                 torch [1024, 4096] -> device [64, 1024, 64] in HBM = 4194304 elems x 2B = 8388608 B  (hbm counted: 8388608 B)
IO     input  arg1_1                 torch [4096, 1024] -> device [16, 4096, 64] in HBM = 4194304 elems x 2B = 8388608 B  (hbm counted: 8388608 B)
IO   => HBM I/O total = 18874368 B  (lx 0 B, ~free)
MODEL -- estimate (turnaround): T = compute + (R+W)/BW_PEAK + a*min(R,W) --
MODEL   R=16777216 B (read)   W=2097152 B (write)   loop_trip L=1
MODEL   compute = MACs/cores/(mac_peak*pt_eff) = 4294967296/4/(1140*1.000) = 941.88 us  (M/m=512, pt_eff=1.000)
MODEL   base = R/143+W/156 = 130.77 us
MODEL   turn = a*min(R,W) = 0.00574*2097152 = 12.04 us
MODEL   => T_model = 1032.42 us
MODEL FEATS [{"name":"mm","is_reduction":true,"out_elems":1048576,"cores":4,"dtype_bytes":2,"args":[{"name":"op0","role":"output","mem":"hbm","elems":1048576,"broadcast":false,"dims":[16,1024,64],"logical":[1024,1024],"loop_factor":1},{"name":"arg0_1","role":"input","mem":"hbm","elems":4194304,"broadcast":false,"dims":[64,1024,64],"logical":[1024,4096],"loop_factor":1},{"name":"arg1_1","role":"input","mem":"hbm","elems":4194304,"broadcast":false,"dims":[16,4096,64],"logical":[4096,1024],"loop_factor":1}],"reduction_cores":1,"loop_trip":1,"tiles_output_dim":false,"tile_rows_per_core":0.0,"is_matmul":true,"matmul_macs":4294967296,"matmul_rows_per_core":512.0,"matmul_cols_per_core":512.0,"matmul_a_bytes":8388608,"matmul_b_bytes":8388608,"hbm_pattern":""}]
SUMMARY op=mmwd rows=1024 cols=4096 cores=4 tiles=0 lx=1 io_hbm_bytes=18874368 kernel_us=1006.343 pred_us=1032.418 err_pct=+2.6 bw_gbps=18.8 memset_us=129.543 other_dev_us=538.534 total_dev_us=1674.420
-- mmwd M=2048 K=2048 N=2048 m=2 n=4 k=1 (cores=8,  M/m=1024, N/n=512)
  op_it_space_splits={d0: 2, d1: 4, d2: 1}
  op_it_space_splits={d0: 2, d1: 4, d2: 1}
  op_it_space_splits={d0: 2, d1: 4, d2: 1}
  op_it_space_splits={d0: 2, d1: 4, d2: 1}
  op_it_space_splits={d0: 2, d1: 4, d2: 1}
  op_it_space_splits={d0: 2, d1: 4, d2: 1}
IO -- device-layout I/O (cost model, stick-padded) --
IO   op mm [reduction]
IO     output op0                    torch [2048, 2048] -> device [32, 2048, 64] in HBM = 4194304 elems x 2B = 8388608 B  (hbm counted: 8388608 B)
IO     input  arg0_1                 torch [2048, 2048] -> device [32, 2048, 64] in HBM = 4194304 elems x 2B = 8388608 B  (hbm counted: 8388608 B)
IO     input  arg1_1                 torch [2048, 2048] -> device [32, 2048, 64] in HBM = 4194304 elems x 2B = 8388608 B  (hbm counted: 8388608 B)
IO   => HBM I/O total = 25165824 B  (lx 0 B, ~free)
MODEL -- estimate (turnaround): T = compute + (R+W)/BW_PEAK + a*min(R,W) --
MODEL   R=16777216 B (read)   W=8388608 B (write)   loop_trip L=1
MODEL   compute = MACs/cores/(mac_peak*pt_eff) = 8589934592/8/(1140*1.000) = 941.88 us  (M/m=1024, pt_eff=1.000)
MODEL   base = R/143+W/156 = 171.10 us
MODEL   turn = a*min(R,W) = 0.00574*8388608 = 48.15 us
MODEL   => T_model = 1108.54 us
MODEL FEATS [{"name":"mm","is_reduction":true,"out_elems":4194304,"cores":8,"dtype_bytes":2,"args":[{"name":"op0","role":"output","mem":"hbm","elems":4194304,"broadcast":false,"dims":[32,2048,64],"logical":[2048,2048],"loop_factor":1},{"name":"arg0_1","role":"input","mem":"hbm","elems":4194304,"broadcast":false,"dims":[32,2048,64],"logical":[2048,2048],"loop_factor":1},{"name":"arg1_1","role":"input","mem":"hbm","elems":4194304,"broadcast":false,"dims":[32,2048,64],"logical":[2048,2048],"loop_factor":1}],"reduction_cores":1,"loop_trip":1,"tiles_output_dim":false,"tile_rows_per_core":0.0,"is_matmul":true,"matmul_macs":8589934592,"matmul_rows_per_core":1024.0,"matmul_cols_per_core":512.0,"matmul_a_bytes":8388608,"matmul_b_bytes":8388608,"hbm_pattern":""}]
SUMMARY op=mmwd rows=2048 cols=2048 cores=8 tiles=0 lx=1 io_hbm_bytes=25165824 kernel_us=1095.946 pred_us=1108.543 err_pct=+1.1 bw_gbps=23.0 memset_us=230.851 other_dev_us=371.476 total_dev_us=1698.273
-- mmwd M=2048 K=4096 N=2048 m=2 n=4 k=1 (cores=8,  M/m=1024, N/n=512)
  op_it_space_splits={d0: 2, d1: 4, d2: 1}
  op_it_space_splits={d0: 2, d1: 4, d2: 1}
  op_it_space_splits={d0: 2, d1: 4, d2: 1}
  op_it_space_splits={d0: 2, d1: 4, d2: 1}
  op_it_space_splits={d0: 2, d1: 4, d2: 1}
  op_it_space_splits={d0: 2, d1: 4, d2: 1}
IO -- device-layout I/O (cost model, stick-padded) --
IO   op mm [reduction]
IO     output op0                    torch [2048, 2048] -> device [32, 2048, 64] in HBM = 4194304 elems x 2B = 8388608 B  (hbm counted: 8388608 B)
IO     input  arg0_1                 torch [2048, 4096] -> device [64, 2048, 64] in HBM = 8388608 elems x 2B = 16777216 B  (hbm counted: 16777216 B)
IO     input  arg1_1                 torch [4096, 2048] -> device [32, 4096, 64] in HBM = 8388608 elems x 2B = 16777216 B  (hbm counted: 16777216 B)
IO   => HBM I/O total = 41943040 B  (lx 0 B, ~free)
MODEL -- estimate (turnaround): T = compute + (R+W)/BW_PEAK + a*min(R,W) --
MODEL   R=33554432 B (read)   W=8388608 B (write)   loop_trip L=1
MODEL   compute = MACs/cores/(mac_peak*pt_eff) = 17179869184/8/(1140*1.000) = 1883.76 us  (M/m=1024, pt_eff=1.000)
MODEL   base = R/143+W/156 = 288.42 us
MODEL   turn = a*min(R,W) = 0.00574*8388608 = 48.15 us
MODEL   => T_model = 2162.05 us
MODEL FEATS [{"name":"mm","is_reduction":true,"out_elems":4194304,"cores":8,"dtype_bytes":2,"args":[{"name":"op0","role":"output","mem":"hbm","elems":4194304,"broadcast":false,"dims":[32,2048,64],"logical":[2048,2048],"loop_factor":1},{"name":"arg0_1","role":"input","mem":"hbm","elems":8388608,"broadcast":false,"dims":[64,2048,64],"logical":[2048,4096],"loop_factor":1},{"name":"arg1_1","role":"input","mem":"hbm","elems":8388608,"broadcast":false,"dims":[32,4096,64],"logical":[4096,2048],"loop_factor":1}],"reduction_cores":1,"loop_trip":1,"tiles_output_dim":false,"tile_rows_per_core":0.0,"is_matmul":true,"matmul_macs":17179869184,"matmul_rows_per_core":1024.0,"matmul_cols_per_core":512.0,"matmul_a_bytes":16777216,"matmul_b_bytes":16777216,"hbm_pattern":""}]
SUMMARY op=mmwd rows=2048 cols=4096 cores=8 tiles=0 lx=1 io_hbm_bytes=41943040 kernel_us=2125.002 pred_us=2162.046 err_pct=+1.7 bw_gbps=19.7 memset_us=199.284 other_dev_us=315.042 total_dev_us=2639.328
## MC2 cores-scaling M=N=2048 K=4096: {4,8,16,32}=2x2/2x4/4x4/4x8
-- mmwd M=2048 K=4096 N=2048 m=2 n=2 k=1 (cores=4,  M/m=1024, N/n=1024)
  op_it_space_splits={d0: 2, d1: 2, d2: 1}
  op_it_space_splits={d0: 2, d1: 2, d2: 1}
  op_it_space_splits={d0: 2, d1: 2, d2: 1}
  op_it_space_splits={d0: 2, d1: 2, d2: 1}
  op_it_space_splits={d0: 2, d1: 2, d2: 1}
  op_it_space_splits={d0: 2, d1: 2, d2: 1}
IO -- device-layout I/O (cost model, stick-padded) --
IO   op mm [reduction]
IO     output op0                    torch [2048, 2048] -> device [32, 2048, 64] in HBM = 4194304 elems x 2B = 8388608 B  (hbm counted: 8388608 B)
IO     input  arg0_1                 torch [2048, 4096] -> device [64, 2048, 64] in HBM = 8388608 elems x 2B = 16777216 B  (hbm counted: 16777216 B)
IO     input  arg1_1                 torch [4096, 2048] -> device [32, 4096, 64] in HBM = 8388608 elems x 2B = 16777216 B  (hbm counted: 16777216 B)
IO   => HBM I/O total = 41943040 B  (lx 0 B, ~free)
MODEL -- estimate (turnaround): T = compute + (R+W)/BW_PEAK + a*min(R,W) --
MODEL   R=33554432 B (read)   W=8388608 B (write)   loop_trip L=1
MODEL   compute = MACs/cores/(mac_peak*pt_eff) = 17179869184/4/(1140*1.000) = 3767.52 us  (M/m=1024, pt_eff=1.000)
MODEL   base = R/143+W/156 = 288.42 us
MODEL   turn = a*min(R,W) = 0.00574*8388608 = 48.15 us
MODEL   => T_model = 4115.49 us
MODEL FEATS [{"name":"mm","is_reduction":true,"out_elems":4194304,"cores":4,"dtype_bytes":2,"args":[{"name":"op0","role":"output","mem":"hbm","elems":4194304,"broadcast":false,"dims":[32,2048,64],"logical":[2048,2048],"loop_factor":1},{"name":"arg0_1","role":"input","mem":"hbm","elems":8388608,"broadcast":false,"dims":[64,2048,64],"logical":[2048,4096],"loop_factor":1},{"name":"arg1_1","role":"input","mem":"hbm","elems":8388608,"broadcast":false,"dims":[32,4096,64],"logical":[4096,2048],"loop_factor":1}],"reduction_cores":1,"loop_trip":1,"tiles_output_dim":false,"tile_rows_per_core":0.0,"is_matmul":true,"matmul_macs":17179869184,"matmul_rows_per_core":1024.0,"matmul_cols_per_core":1024.0,"matmul_a_bytes":16777216,"matmul_b_bytes":16777216,"hbm_pattern":""}]
SUMMARY op=mmwd rows=2048 cols=4096 cores=4 tiles=0 lx=1 io_hbm_bytes=41943040 kernel_us=4024.166 pred_us=4115.494 err_pct=+2.3 bw_gbps=10.4 memset_us=200.681 other_dev_us=318.708 total_dev_us=4543.555
-- mmwd M=2048 K=4096 N=2048 m=2 n=4 k=1 (cores=8,  M/m=1024, N/n=512)
  op_it_space_splits={d0: 2, d1: 4, d2: 1}
  op_it_space_splits={d0: 2, d1: 4, d2: 1}
  op_it_space_splits={d0: 2, d1: 4, d2: 1}
  op_it_space_splits={d0: 2, d1: 4, d2: 1}
  op_it_space_splits={d0: 2, d1: 4, d2: 1}
  op_it_space_splits={d0: 2, d1: 4, d2: 1}
IO -- device-layout I/O (cost model, stick-padded) --
IO   op mm [reduction]
IO     output op0                    torch [2048, 2048] -> device [32, 2048, 64] in HBM = 4194304 elems x 2B = 8388608 B  (hbm counted: 8388608 B)
IO     input  arg0_1                 torch [2048, 4096] -> device [64, 2048, 64] in HBM = 8388608 elems x 2B = 16777216 B  (hbm counted: 16777216 B)
IO     input  arg1_1                 torch [4096, 2048] -> device [32, 4096, 64] in HBM = 8388608 elems x 2B = 16777216 B  (hbm counted: 16777216 B)
IO   => HBM I/O total = 41943040 B  (lx 0 B, ~free)
MODEL -- estimate (turnaround): T = compute + (R+W)/BW_PEAK + a*min(R,W) --
MODEL   R=33554432 B (read)   W=8388608 B (write)   loop_trip L=1
MODEL   compute = MACs/cores/(mac_peak*pt_eff) = 17179869184/8/(1140*1.000) = 1883.76 us  (M/m=1024, pt_eff=1.000)
MODEL   base = R/143+W/156 = 288.42 us
MODEL   turn = a*min(R,W) = 0.00574*8388608 = 48.15 us
MODEL   => T_model = 2162.05 us
MODEL FEATS [{"name":"mm","is_reduction":true,"out_elems":4194304,"cores":8,"dtype_bytes":2,"args":[{"name":"op0","role":"output","mem":"hbm","elems":4194304,"broadcast":false,"dims":[32,2048,64],"logical":[2048,2048],"loop_factor":1},{"name":"arg0_1","role":"input","mem":"hbm","elems":8388608,"broadcast":false,"dims":[64,2048,64],"logical":[2048,4096],"loop_factor":1},{"name":"arg1_1","role":"input","mem":"hbm","elems":8388608,"broadcast":false,"dims":[32,4096,64],"logical":[4096,2048],"loop_factor":1}],"reduction_cores":1,"loop_trip":1,"tiles_output_dim":false,"tile_rows_per_core":0.0,"is_matmul":true,"matmul_macs":17179869184,"matmul_rows_per_core":1024.0,"matmul_cols_per_core":512.0,"matmul_a_bytes":16777216,"matmul_b_bytes":16777216,"hbm_pattern":""}]
SUMMARY op=mmwd rows=2048 cols=4096 cores=8 tiles=0 lx=1 io_hbm_bytes=41943040 kernel_us=2125.655 pred_us=2162.046 err_pct=+1.7 bw_gbps=19.7 memset_us=208.067 other_dev_us=570.208 total_dev_us=2903.930
-- mmwd M=2048 K=4096 N=2048 m=4 n=4 k=1 (cores=16,  M/m=512, N/n=512)
  op_it_space_splits={d0: 4, d1: 4, d2: 1}
  op_it_space_splits={d0: 4, d1: 4, d2: 1}
  op_it_space_splits={d0: 4, d1: 4, d2: 1}
  op_it_space_splits={d0: 4, d1: 4, d2: 1}
  op_it_space_splits={d0: 4, d1: 4, d2: 1}
  op_it_space_splits={d0: 4, d1: 4, d2: 1}
IO -- device-layout I/O (cost model, stick-padded) --
IO   op mm [reduction]
IO     output op0                    torch [2048, 2048] -> device [32, 2048, 64] in HBM = 4194304 elems x 2B = 8388608 B  (hbm counted: 8388608 B)
IO     input  arg0_1                 torch [2048, 4096] -> device [64, 2048, 64] in HBM = 8388608 elems x 2B = 16777216 B  (hbm counted: 16777216 B)
IO     input  arg1_1                 torch [4096, 2048] -> device [32, 4096, 64] in HBM = 8388608 elems x 2B = 16777216 B  (hbm counted: 16777216 B)
IO   => HBM I/O total = 41943040 B  (lx 0 B, ~free)
MODEL -- estimate (turnaround): T = compute + (R+W)/BW_PEAK + a*min(R,W) --
MODEL   R=33554432 B (read)   W=8388608 B (write)   loop_trip L=1
MODEL   compute = MACs/cores/(mac_peak*pt_eff) = 17179869184/16/(1140*1.000) = 941.88 us  (M/m=512, pt_eff=1.000)
MODEL   base = R/143+W/156 = 288.42 us
MODEL   turn = a*min(R,W) = 0.00574*8388608 = 48.15 us
MODEL   => T_model = 1150.48 us
MODEL FEATS [{"name":"mm","is_reduction":true,"out_elems":4194304,"cores":16,"dtype_bytes":2,"args":[{"name":"op0","role":"output","mem":"hbm","elems":4194304,"broadcast":false,"dims":[32,2048,64],"logical":[2048,2048],"loop_factor":1},{"name":"arg0_1","role":"input","mem":"hbm","elems":8388608,"broadcast":false,"dims":[64,2048,64],"logical":[2048,4096],"loop_factor":1},{"name":"arg1_1","role":"input","mem":"hbm","elems":8388608,"broadcast":false,"dims":[32,4096,64],"logical":[4096,2048],"loop_factor":1}],"reduction_cores":1,"loop_trip":1,"tiles_output_dim":false,"tile_rows_per_core":0.0,"is_matmul":true,"matmul_macs":17179869184,"matmul_rows_per_core":512.0,"matmul_cols_per_core":512.0,"matmul_a_bytes":16777216,"matmul_b_bytes":16777216,"hbm_pattern":""}]
SUMMARY op=mmwd rows=2048 cols=4096 cores=16 tiles=0 lx=1 io_hbm_bytes=41943040 kernel_us=1093.362 pred_us=1150.478 err_pct=+5.2 bw_gbps=38.4 memset_us=250.241 other_dev_us=388.951 total_dev_us=1732.554
-- mmwd M=2048 K=4096 N=2048 m=4 n=8 k=1 (cores=32,  M/m=512, N/n=256)
  op_it_space_splits={d0: 4, d1: 8, d2: 1}
  op_it_space_splits={d0: 4, d1: 8, d2: 1}
  op_it_space_splits={d0: 4, d1: 8, d2: 1}
  op_it_space_splits={d0: 4, d1: 8, d2: 1}
  op_it_space_splits={d0: 4, d1: 8, d2: 1}
  op_it_space_splits={d0: 4, d1: 8, d2: 1}
IO -- device-layout I/O (cost model, stick-padded) --
IO   op mm [reduction]
IO     output op0                    torch [2048, 2048] -> device [32, 2048, 64] in HBM = 4194304 elems x 2B = 8388608 B  (hbm counted: 8388608 B)
IO     input  arg0_1                 torch [2048, 4096] -> device [64, 2048, 64] in HBM = 8388608 elems x 2B = 16777216 B  (hbm counted: 16777216 B)
IO     input  arg1_1                 torch [4096, 2048] -> device [32, 4096, 64] in HBM = 8388608 elems x 2B = 16777216 B  (hbm counted: 16777216 B)
IO   => HBM I/O total = 41943040 B  (lx 0 B, ~free)
MODEL -- estimate (turnaround): T = compute + (R+W)/BW_PEAK + a*min(R,W) --
MODEL   R=33554432 B (read)   W=8388608 B (write)   loop_trip L=1
MODEL   compute = MACs/cores/(mac_peak*pt_eff) = 17179869184/32/(1140*1.000) = 470.94 us  (M/m=512, pt_eff=1.000)
MODEL   base = R/143+W/156 = 288.42 us
MODEL   turn = a*min(R,W) = 0.00574*8388608 = 48.15 us
MODEL   => T_model = 666.11 us
MODEL FEATS [{"name":"mm","is_reduction":true,"out_elems":4194304,"cores":32,"dtype_bytes":2,"args":[{"name":"op0","role":"output","mem":"hbm","elems":4194304,"broadcast":false,"dims":[32,2048,64],"logical":[2048,2048],"loop_factor":1},{"name":"arg0_1","role":"input","mem":"hbm","elems":8388608,"broadcast":false,"dims":[64,2048,64],"logical":[2048,4096],"loop_factor":1},{"name":"arg1_1","role":"input","mem":"hbm","elems":8388608,"broadcast":false,"dims":[32,4096,64],"logical":[4096,2048],"loop_factor":1}],"reduction_cores":1,"loop_trip":1,"tiles_output_dim":false,"tile_rows_per_core":0.0,"is_matmul":true,"matmul_macs":17179869184,"matmul_rows_per_core":512.0,"matmul_cols_per_core":256.0,"matmul_a_bytes":16777216,"matmul_b_bytes":16777216,"hbm_pattern":""}]
SUMMARY op=mmwd rows=2048 cols=4096 cores=32 tiles=0 lx=1 io_hbm_bytes=41943040 kernel_us=667.147 pred_us=666.113 err_pct=-0.2 bw_gbps=62.9 memset_us=254.992 other_dev_us=292.253 total_dev_us=1214.392
## MC3 peak across shapes cores=4 (2x2), MNK~1.7e10: big M / N / K
-- mmwd M=4096 K=2048 N=2048 m=2 n=2 k=1 (cores=4,  M/m=2048, N/n=1024)
  op_it_space_splits={d0: 2, d1: 2, d2: 1}
  op_it_space_splits={d0: 2, d1: 2, d2: 1}
  op_it_space_splits={d0: 2, d1: 2, d2: 1}
  op_it_space_splits={d0: 2, d1: 2, d2: 1}
  op_it_space_splits={d0: 2, d1: 2, d2: 1}
  op_it_space_splits={d0: 2, d1: 2, d2: 1}
IO -- device-layout I/O (cost model, stick-padded) --
IO   op mm [reduction]
IO     output op0                    torch [4096, 2048] -> device [32, 4096, 64] in HBM = 8388608 elems x 2B = 16777216 B  (hbm counted: 16777216 B)
IO     input  arg0_1                 torch [4096, 2048] -> device [32, 4096, 64] in HBM = 8388608 elems x 2B = 16777216 B  (hbm counted: 16777216 B)
IO     input  arg1_1                 torch [2048, 2048] -> device [32, 2048, 64] in HBM = 4194304 elems x 2B = 8388608 B  (hbm counted: 8388608 B)
IO   => HBM I/O total = 41943040 B  (lx 0 B, ~free)
MODEL -- estimate (turnaround): T = compute + (R+W)/BW_PEAK + a*min(R,W) --
MODEL   R=25165824 B (read)   W=16777216 B (write)   loop_trip L=1
MODEL   compute = MACs/cores/(mac_peak*pt_eff) = 17179869184/4/(1140*1.000) = 3767.52 us  (M/m=2048, pt_eff=1.000)
MODEL   base = R/143+W/156 = 283.53 us
MODEL   turn = a*min(R,W) = 0.00574*16777216 = 96.30 us
MODEL   => T_model = 4121.88 us
MODEL FEATS [{"name":"mm","is_reduction":true,"out_elems":8388608,"cores":4,"dtype_bytes":2,"args":[{"name":"op0","role":"output","mem":"hbm","elems":8388608,"broadcast":false,"dims":[32,4096,64],"logical":[4096,2048],"loop_factor":1},{"name":"arg0_1","role":"input","mem":"hbm","elems":8388608,"broadcast":false,"dims":[32,4096,64],"logical":[4096,2048],"loop_factor":1},{"name":"arg1_1","role":"input","mem":"hbm","elems":4194304,"broadcast":false,"dims":[32,2048,64],"logical":[2048,2048],"loop_factor":1}],"reduction_cores":1,"loop_trip":1,"tiles_output_dim":false,"tile_rows_per_core":0.0,"is_matmul":true,"matmul_macs":17179869184,"matmul_rows_per_core":2048.0,"matmul_cols_per_core":1024.0,"matmul_a_bytes":16777216,"matmul_b_bytes":8388608,"hbm_pattern":""}]
SUMMARY op=mmwd rows=4096 cols=2048 cores=4 tiles=0 lx=1 io_hbm_bytes=41943040 kernel_us=4027.047 pred_us=4121.885 err_pct=+2.4 bw_gbps=10.4 memset_us=315.213 other_dev_us=864.241 total_dev_us=5206.501
-- mmwd M=2048 K=2048 N=4096 m=2 n=2 k=1 (cores=4,  M/m=1024, N/n=2048)
  op_it_space_splits={d0: 2, d1: 2, d2: 1}
  op_it_space_splits={d0: 2, d1: 2, d2: 1}
  op_it_space_splits={d0: 2, d1: 2, d2: 1}
  op_it_space_splits={d0: 2, d1: 2, d2: 1}
  op_it_space_splits={d0: 2, d1: 2, d2: 1}
  op_it_space_splits={d0: 2, d1: 2, d2: 1}
IO -- device-layout I/O (cost model, stick-padded) --
IO   op mm [reduction]
IO     output op0                    torch [2048, 4096] -> device [64, 2048, 64] in HBM = 8388608 elems x 2B = 16777216 B  (hbm counted: 16777216 B)
IO     input  arg0_1                 torch [2048, 2048] -> device [32, 2048, 64] in HBM = 4194304 elems x 2B = 8388608 B  (hbm counted: 8388608 B)
IO     input  arg1_1                 torch [2048, 4096] -> device [64, 2048, 64] in HBM = 8388608 elems x 2B = 16777216 B  (hbm counted: 16777216 B)
IO   => HBM I/O total = 41943040 B  (lx 0 B, ~free)
MODEL -- estimate (turnaround): T = compute + (R+W)/BW_PEAK + a*min(R,W) --
MODEL   R=25165824 B (read)   W=16777216 B (write)   loop_trip L=1
MODEL   compute = MACs/cores/(mac_peak*pt_eff) = 17179869184/4/(1140*1.000) = 3767.52 us  (M/m=1024, pt_eff=1.000)
MODEL   base = R/143+W/156 = 283.53 us
MODEL   turn = a*min(R,W) = 0.00574*16777216 = 96.30 us
MODEL   => T_model = 4121.88 us
MODEL FEATS [{"name":"mm","is_reduction":true,"out_elems":8388608,"cores":4,"dtype_bytes":2,"args":[{"name":"op0","role":"output","mem":"hbm","elems":8388608,"broadcast":false,"dims":[64,2048,64],"logical":[2048,4096],"loop_factor":1},{"name":"arg0_1","role":"input","mem":"hbm","elems":4194304,"broadcast":false,"dims":[32,2048,64],"logical":[2048,2048],"loop_factor":1},{"name":"arg1_1","role":"input","mem":"hbm","elems":8388608,"broadcast":false,"dims":[64,2048,64],"logical":[2048,4096],"loop_factor":1}],"reduction_cores":1,"loop_trip":1,"tiles_output_dim":false,"tile_rows_per_core":0.0,"is_matmul":true,"matmul_macs":17179869184,"matmul_rows_per_core":1024.0,"matmul_cols_per_core":2048.0,"matmul_a_bytes":8388608,"matmul_b_bytes":16777216,"hbm_pattern":""}]
SUMMARY op=mmwd rows=2048 cols=2048 cores=4 tiles=0 lx=1 io_hbm_bytes=41943040 kernel_us=4026.846 pred_us=4121.885 err_pct=+2.4 bw_gbps=10.4 memset_us=239.829 other_dev_us=968.792 total_dev_us=5235.467
-- mmwd M=2048 K=4096 N=2048 m=2 n=2 k=1 (cores=4,  M/m=1024, N/n=1024)
  op_it_space_splits={d0: 2, d1: 2, d2: 1}
  op_it_space_splits={d0: 2, d1: 2, d2: 1}
  op_it_space_splits={d0: 2, d1: 2, d2: 1}
  op_it_space_splits={d0: 2, d1: 2, d2: 1}
  op_it_space_splits={d0: 2, d1: 2, d2: 1}
  op_it_space_splits={d0: 2, d1: 2, d2: 1}
IO -- device-layout I/O (cost model, stick-padded) --
IO   op mm [reduction]
IO     output op0                    torch [2048, 2048] -> device [32, 2048, 64] in HBM = 4194304 elems x 2B = 8388608 B  (hbm counted: 8388608 B)
IO     input  arg0_1                 torch [2048, 4096] -> device [64, 2048, 64] in HBM = 8388608 elems x 2B = 16777216 B  (hbm counted: 16777216 B)
IO     input  arg1_1                 torch [4096, 2048] -> device [32, 4096, 64] in HBM = 8388608 elems x 2B = 16777216 B  (hbm counted: 16777216 B)
IO   => HBM I/O total = 41943040 B  (lx 0 B, ~free)
MODEL -- estimate (turnaround): T = compute + (R+W)/BW_PEAK + a*min(R,W) --
MODEL   R=33554432 B (read)   W=8388608 B (write)   loop_trip L=1
MODEL   compute = MACs/cores/(mac_peak*pt_eff) = 17179869184/4/(1140*1.000) = 3767.52 us  (M/m=1024, pt_eff=1.000)
MODEL   base = R/143+W/156 = 288.42 us
MODEL   turn = a*min(R,W) = 0.00574*8388608 = 48.15 us
MODEL   => T_model = 4115.49 us
MODEL FEATS [{"name":"mm","is_reduction":true,"out_elems":4194304,"cores":4,"dtype_bytes":2,"args":[{"name":"op0","role":"output","mem":"hbm","elems":4194304,"broadcast":false,"dims":[32,2048,64],"logical":[2048,2048],"loop_factor":1},{"name":"arg0_1","role":"input","mem":"hbm","elems":8388608,"broadcast":false,"dims":[64,2048,64],"logical":[2048,4096],"loop_factor":1},{"name":"arg1_1","role":"input","mem":"hbm","elems":8388608,"broadcast":false,"dims":[32,4096,64],"logical":[4096,2048],"loop_factor":1}],"reduction_cores":1,"loop_trip":1,"tiles_output_dim":false,"tile_rows_per_core":0.0,"is_matmul":true,"matmul_macs":17179869184,"matmul_rows_per_core":1024.0,"matmul_cols_per_core":1024.0,"matmul_a_bytes":16777216,"matmul_b_bytes":16777216,"hbm_pattern":""}]
SUMMARY op=mmwd rows=2048 cols=4096 cores=4 tiles=0 lx=1 io_hbm_bytes=41943040 kernel_us=4022.113 pred_us=4115.494 err_pct=+2.3 bw_gbps=10.4 memset_us=244.592 other_dev_us=487.722 total_dev_us=4754.427
==== DONE -> forward /dev/null ====

################################################################
## >>> run_split_sweep.sh 
################################################################
==== matmul split sweep Thu Jul  9 21:30:51 UTC 2026 ====
git: 2012d4f  sections: SP1 SP2 SP3
## SP1 M=4096 N=K=2048 cores=32: m in {1,2,4,8,16,32}
-- mmwd M=4096 K=2048 N=2048 m=1 n=32 k=1 (cores=32,  B-fanout=1, M-tile=4096)
  op_it_space_splits={d0: 1, d1: 32, d2: 1}
  op_it_space_splits={d0: 1, d1: 32, d2: 1}
  op_it_space_splits={d0: 1, d1: 32, d2: 1}
  op_it_space_splits={d0: 1, d1: 32, d2: 1}
  op_it_space_splits={d0: 1, d1: 32, d2: 1}
  op_it_space_splits={d0: 1, d1: 32, d2: 1}
IO -- device-layout I/O (cost model, stick-padded) --
IO   op mm [reduction]
IO     output op0                    torch [4096, 2048] -> device [32, 4096, 64] in HBM = 8388608 elems x 2B = 16777216 B  (hbm counted: 16777216 B)
IO     input  arg0_1                 torch [4096, 2048] -> device [32, 4096, 64] in HBM = 8388608 elems x 2B = 16777216 B  (hbm counted: 16777216 B)
IO     input  arg1_1                 torch [2048, 2048] -> device [32, 2048, 64] in HBM = 4194304 elems x 2B = 8388608 B  (hbm counted: 8388608 B)
IO   => HBM I/O total = 41943040 B  (lx 0 B, ~free)
MODEL -- estimate (turnaround): T = compute + (R+W)/BW_PEAK + a*min(R,W) --
MODEL   R=25165824 B (read)   W=16777216 B (write)   loop_trip L=1
MODEL   compute = MACs/cores/(mac_peak*pt_eff) = 17179869184/32/(1140*1.000) = 470.94 us  (M/m=4096, pt_eff=1.000)
MODEL   base = R/143+W/156 = 283.53 us
MODEL   turn = a*min(R,W) = 0.00574*16777216 = 96.30 us
MODEL   => T_model = 833.59 us
MODEL FEATS [{"name":"mm","is_reduction":true,"out_elems":8388608,"cores":32,"dtype_bytes":2,"args":[{"name":"op0","role":"output","mem":"hbm","elems":8388608,"broadcast":false,"dims":[32,4096,64],"logical":[4096,2048],"loop_factor":1},{"name":"arg0_1","role":"input","mem":"hbm","elems":8388608,"broadcast":false,"dims":[32,4096,64],"logical":[4096,2048],"loop_factor":1},{"name":"arg1_1","role":"input","mem":"hbm","elems":4194304,"broadcast":false,"dims":[32,2048,64],"logical":[2048,2048],"loop_factor":1}],"reduction_cores":1,"loop_trip":1,"tiles_output_dim":false,"tile_rows_per_core":0.0,"is_matmul":true,"matmul_macs":17179869184,"matmul_rows_per_core":4096.0,"matmul_cols_per_core":64.0,"matmul_a_bytes":16777216,"matmul_b_bytes":8388608,"hbm_pattern":""}]
SUMMARY op=mmwd rows=4096 cols=2048 cores=32 tiles=0 lx=1 io_hbm_bytes=41943040 kernel_us=1381.755 pred_us=833.589 err_pct=-39.7 bw_gbps=30.4 memset_us=242.630 other_dev_us=1100.929 total_dev_us=2725.314
-- mmwd M=4096 K=2048 N=2048 m=2 n=16 k=1 (cores=32,  B-fanout=2, M-tile=2048)
  op_it_space_splits={d0: 2, d1: 16, d2: 1}
  op_it_space_splits={d0: 2, d1: 16, d2: 1}
  op_it_space_splits={d0: 2, d1: 16, d2: 1}
  op_it_space_splits={d0: 2, d1: 16, d2: 1}
  op_it_space_splits={d0: 2, d1: 16, d2: 1}
  op_it_space_splits={d0: 2, d1: 16, d2: 1}
IO -- device-layout I/O (cost model, stick-padded) --
IO   op mm [reduction]
IO     output op0                    torch [4096, 2048] -> device [32, 4096, 64] in HBM = 8388608 elems x 2B = 16777216 B  (hbm counted: 16777216 B)
IO     input  arg0_1                 torch [4096, 2048] -> device [32, 4096, 64] in HBM = 8388608 elems x 2B = 16777216 B  (hbm counted: 16777216 B)
IO     input  arg1_1                 torch [2048, 2048] -> device [32, 2048, 64] in HBM = 4194304 elems x 2B = 8388608 B  (hbm counted: 8388608 B)
IO   => HBM I/O total = 41943040 B  (lx 0 B, ~free)
MODEL -- estimate (turnaround): T = compute + (R+W)/BW_PEAK + a*min(R,W) --
MODEL   R=25165824 B (read)   W=16777216 B (write)   loop_trip L=1
MODEL   compute = MACs/cores/(mac_peak*pt_eff) = 17179869184/32/(1140*1.000) = 470.94 us  (M/m=2048, pt_eff=1.000)
MODEL   base = R/143+W/156 = 283.53 us
MODEL   turn = a*min(R,W) = 0.00574*16777216 = 96.30 us
MODEL   => T_model = 833.59 us
MODEL FEATS [{"name":"mm","is_reduction":true,"out_elems":8388608,"cores":32,"dtype_bytes":2,"args":[{"name":"op0","role":"output","mem":"hbm","elems":8388608,"broadcast":false,"dims":[32,4096,64],"logical":[4096,2048],"loop_factor":1},{"name":"arg0_1","role":"input","mem":"hbm","elems":8388608,"broadcast":false,"dims":[32,4096,64],"logical":[4096,2048],"loop_factor":1},{"name":"arg1_1","role":"input","mem":"hbm","elems":4194304,"broadcast":false,"dims":[32,2048,64],"logical":[2048,2048],"loop_factor":1}],"reduction_cores":1,"loop_trip":1,"tiles_output_dim":false,"tile_rows_per_core":0.0,"is_matmul":true,"matmul_macs":17179869184,"matmul_rows_per_core":2048.0,"matmul_cols_per_core":128.0,"matmul_a_bytes":16777216,"matmul_b_bytes":8388608,"hbm_pattern":""}]
SUMMARY op=mmwd rows=4096 cols=2048 cores=32 tiles=0 lx=1 io_hbm_bytes=41943040 kernel_us=811.069 pred_us=833.589 err_pct=+2.8 bw_gbps=51.7 memset_us=315.481 other_dev_us=933.318 total_dev_us=2059.868
-- mmwd M=4096 K=2048 N=2048 m=4 n=8 k=1 (cores=32,  B-fanout=4, M-tile=1024)
  op_it_space_splits={d0: 4, d1: 8, d2: 1}
  op_it_space_splits={d0: 4, d1: 8, d2: 1}
  op_it_space_splits={d0: 4, d1: 8, d2: 1}
  op_it_space_splits={d0: 4, d1: 8, d2: 1}
  op_it_space_splits={d0: 4, d1: 8, d2: 1}
  op_it_space_splits={d0: 4, d1: 8, d2: 1}
IO -- device-layout I/O (cost model, stick-padded) --
IO   op mm [reduction]
IO     output op0                    torch [4096, 2048] -> device [32, 4096, 64] in HBM = 8388608 elems x 2B = 16777216 B  (hbm counted: 16777216 B)
IO     input  arg0_1                 torch [4096, 2048] -> device [32, 4096, 64] in HBM = 8388608 elems x 2B = 16777216 B  (hbm counted: 16777216 B)
IO     input  arg1_1                 torch [2048, 2048] -> device [32, 2048, 64] in HBM = 4194304 elems x 2B = 8388608 B  (hbm counted: 8388608 B)
IO   => HBM I/O total = 41943040 B  (lx 0 B, ~free)
MODEL -- estimate (turnaround): T = compute + (R+W)/BW_PEAK + a*min(R,W) --
MODEL   R=25165824 B (read)   W=16777216 B (write)   loop_trip L=1
MODEL   compute = MACs/cores/(mac_peak*pt_eff) = 17179869184/32/(1140*1.000) = 470.94 us  (M/m=1024, pt_eff=1.000)
MODEL   base = R/143+W/156 = 283.53 us
MODEL   turn = a*min(R,W) = 0.00574*16777216 = 96.30 us
MODEL   => T_model = 788.06 us
MODEL FEATS [{"name":"mm","is_reduction":true,"out_elems":8388608,"cores":32,"dtype_bytes":2,"args":[{"name":"op0","role":"output","mem":"hbm","elems":8388608,"broadcast":false,"dims":[32,4096,64],"logical":[4096,2048],"loop_factor":1},{"name":"arg0_1","role":"input","mem":"hbm","elems":8388608,"broadcast":false,"dims":[32,4096,64],"logical":[4096,2048],"loop_factor":1},{"name":"arg1_1","role":"input","mem":"hbm","elems":4194304,"broadcast":false,"dims":[32,2048,64],"logical":[2048,2048],"loop_factor":1}],"reduction_cores":1,"loop_trip":1,"tiles_output_dim":false,"tile_rows_per_core":0.0,"is_matmul":true,"matmul_macs":17179869184,"matmul_rows_per_core":1024.0,"matmul_cols_per_core":256.0,"matmul_a_bytes":16777216,"matmul_b_bytes":8388608,"hbm_pattern":""}]
SUMMARY op=mmwd rows=4096 cols=2048 cores=32 tiles=0 lx=1 io_hbm_bytes=41943040 kernel_us=806.101 pred_us=788.057 err_pct=-2.2 bw_gbps=52.0 memset_us=310.742 other_dev_us=1086.572 total_dev_us=2203.415
-- mmwd M=4096 K=2048 N=2048 m=8 n=4 k=1 (cores=32,  B-fanout=8, M-tile=512)
  op_it_space_splits={d0: 8, d1: 4, d2: 1}
  op_it_space_splits={d0: 8, d1: 4, d2: 1}
  op_it_space_splits={d0: 8, d1: 4, d2: 1}
  op_it_space_splits={d0: 8, d1: 4, d2: 1}
  op_it_space_splits={d0: 8, d1: 4, d2: 1}
  op_it_space_splits={d0: 8, d1: 4, d2: 1}
IO -- device-layout I/O (cost model, stick-padded) --
IO   op mm [reduction]
IO     output op0                    torch [4096, 2048] -> device [32, 4096, 64] in HBM = 8388608 elems x 2B = 16777216 B  (hbm counted: 16777216 B)
IO     input  arg0_1                 torch [4096, 2048] -> device [32, 4096, 64] in HBM = 8388608 elems x 2B = 16777216 B  (hbm counted: 16777216 B)
IO     input  arg1_1                 torch [2048, 2048] -> device [32, 2048, 64] in HBM = 4194304 elems x 2B = 8388608 B  (hbm counted: 8388608 B)
IO   => HBM I/O total = 41943040 B  (lx 0 B, ~free)
MODEL -- estimate (turnaround): T = compute + (R+W)/BW_PEAK + a*min(R,W) --
MODEL   R=25165824 B (read)   W=16777216 B (write)   loop_trip L=1
MODEL   compute = MACs/cores/(mac_peak*pt_eff) = 17179869184/32/(1140*1.000) = 470.94 us  (M/m=512, pt_eff=1.000)
MODEL   base = R/143+W/156 = 283.53 us
MODEL   turn = a*min(R,W) = 0.00574*16777216 = 96.30 us
MODEL   => T_model = 696.19 us
MODEL FEATS [{"name":"mm","is_reduction":true,"out_elems":8388608,"cores":32,"dtype_bytes":2,"args":[{"name":"op0","role":"output","mem":"hbm","elems":8388608,"broadcast":false,"dims":[32,4096,64],"logical":[4096,2048],"loop_factor":1},{"name":"arg0_1","role":"input","mem":"hbm","elems":8388608,"broadcast":false,"dims":[32,4096,64],"logical":[4096,2048],"loop_factor":1},{"name":"arg1_1","role":"input","mem":"hbm","elems":4194304,"broadcast":false,"dims":[32,2048,64],"logical":[2048,2048],"loop_factor":1}],"reduction_cores":1,"loop_trip":1,"tiles_output_dim":false,"tile_rows_per_core":0.0,"is_matmul":true,"matmul_macs":17179869184,"matmul_rows_per_core":512.0,"matmul_cols_per_core":512.0,"matmul_a_bytes":16777216,"matmul_b_bytes":8388608,"hbm_pattern":""}]
SUMMARY op=mmwd rows=4096 cols=2048 cores=32 tiles=0 lx=1 io_hbm_bytes=41943040 kernel_us=831.503 pred_us=696.187 err_pct=-16.3 bw_gbps=50.4 memset_us=318.707 other_dev_us=859.320 total_dev_us=2009.530
-- mmwd M=4096 K=2048 N=2048 m=16 n=2 k=1 (cores=32,  B-fanout=16, M-tile=256)
  op_it_space_splits={d0: 16, d1: 2, d2: 1}
  op_it_space_splits={d0: 16, d1: 2, d2: 1}
  op_it_space_splits={d0: 16, d1: 2, d2: 1}
  op_it_space_splits={d0: 16, d1: 2, d2: 1}
  op_it_space_splits={d0: 16, d1: 2, d2: 1}
  op_it_space_splits={d0: 16, d1: 2, d2: 1}
IO -- device-layout I/O (cost model, stick-padded) --
IO   op mm [reduction]
IO     output op0                    torch [4096, 2048] -> device [32, 4096, 64] in HBM = 8388608 elems x 2B = 16777216 B  (hbm counted: 16777216 B)
IO     input  arg0_1                 torch [4096, 2048] -> device [32, 4096, 64] in HBM = 8388608 elems x 2B = 16777216 B  (hbm counted: 16777216 B)
IO     input  arg1_1                 torch [2048, 2048] -> device [32, 2048, 64] in HBM = 4194304 elems x 2B = 8388608 B  (hbm counted: 8388608 B)
IO   => HBM I/O total = 41943040 B  (lx 0 B, ~free)
MODEL -- estimate (turnaround): T = compute + (R+W)/BW_PEAK + a*min(R,W) --
MODEL   R=25165824 B (read)   W=16777216 B (write)   loop_trip L=1
MODEL   compute = MACs/cores/(mac_peak*pt_eff) = 17179869184/32/(1140*1.000) = 470.94 us  (M/m=256, pt_eff=1.000)
MODEL   base = R/143+W/156 = 283.53 us
MODEL   turn = a*min(R,W) = 0.00574*16777216 = 96.30 us
MODEL   => T_model = 717.61 us
MODEL FEATS [{"name":"mm","is_reduction":true,"out_elems":8388608,"cores":32,"dtype_bytes":2,"args":[{"name":"op0","role":"output","mem":"hbm","elems":8388608,"broadcast":false,"dims":[32,4096,64],"logical":[4096,2048],"loop_factor":1},{"name":"arg0_1","role":"input","mem":"hbm","elems":8388608,"broadcast":false,"dims":[32,4096,64],"logical":[4096,2048],"loop_factor":1},{"name":"arg1_1","role":"input","mem":"hbm","elems":4194304,"broadcast":false,"dims":[32,2048,64],"logical":[2048,2048],"loop_factor":1}],"reduction_cores":1,"loop_trip":1,"tiles_output_dim":false,"tile_rows_per_core":0.0,"is_matmul":true,"matmul_macs":17179869184,"matmul_rows_per_core":256.0,"matmul_cols_per_core":1024.0,"matmul_a_bytes":16777216,"matmul_b_bytes":8388608,"hbm_pattern":""}]
SUMMARY op=mmwd rows=4096 cols=2048 cores=32 tiles=0 lx=1 io_hbm_bytes=41943040 kernel_us=1222.836 pred_us=717.607 err_pct=-41.3 bw_gbps=34.3 memset_us=336.881 other_dev_us=853.897 total_dev_us=2413.614
-- mmwd M=4096 K=2048 N=2048 m=32 n=1 k=1 (cores=32,  B-fanout=32, M-tile=128)
  op_it_space_splits={d0: 32, d1: 1, d2: 1}
  op_it_space_splits={d0: 32, d1: 1, d2: 1}
  op_it_space_splits={d0: 32, d1: 1, d2: 1}
  op_it_space_splits={d0: 32, d1: 1, d2: 1}
  op_it_space_splits={d0: 32, d1: 1, d2: 1}
  op_it_space_splits={d0: 32, d1: 1, d2: 1}
IO -- device-layout I/O (cost model, stick-padded) --
IO   op mm [reduction]
IO     output op0                    torch [4096, 2048] -> device [32, 4096, 64] in HBM = 8388608 elems x 2B = 16777216 B  (hbm counted: 16777216 B)
IO     input  arg0_1                 torch [4096, 2048] -> device [32, 4096, 64] in HBM = 8388608 elems x 2B = 16777216 B  (hbm counted: 16777216 B)
IO     input  arg1_1                 torch [2048, 2048] -> device [32, 2048, 64] in HBM = 4194304 elems x 2B = 8388608 B  (hbm counted: 8388608 B)
IO   => HBM I/O total = 41943040 B  (lx 0 B, ~free)
MODEL -- estimate (turnaround): T = compute + (R+W)/BW_PEAK + a*min(R,W) --
MODEL   R=25165824 B (read)   W=16777216 B (write)   loop_trip L=1
MODEL   compute = MACs/cores/(mac_peak*pt_eff) = 17179869184/32/(1140*1.000) = 470.94 us  (M/m=128, pt_eff=1.000)
MODEL   base = R/143+W/156 = 283.53 us
MODEL   turn = a*min(R,W) = 0.00574*16777216 = 96.30 us
MODEL   => T_model = 733.86 us
MODEL FEATS [{"name":"mm","is_reduction":true,"out_elems":8388608,"cores":32,"dtype_bytes":2,"args":[{"name":"op0","role":"output","mem":"hbm","elems":8388608,"broadcast":false,"dims":[32,4096,64],"logical":[4096,2048],"loop_factor":1},{"name":"arg0_1","role":"input","mem":"hbm","elems":8388608,"broadcast":false,"dims":[32,4096,64],"logical":[4096,2048],"loop_factor":1},{"name":"arg1_1","role":"input","mem":"hbm","elems":4194304,"broadcast":false,"dims":[32,2048,64],"logical":[2048,2048],"loop_factor":1}],"reduction_cores":1,"loop_trip":1,"tiles_output_dim":false,"tile_rows_per_core":0.0,"is_matmul":true,"matmul_macs":17179869184,"matmul_rows_per_core":128.0,"matmul_cols_per_core":2048.0,"matmul_a_bytes":16777216,"matmul_b_bytes":8388608,"hbm_pattern":""}]
SUMMARY op=mmwd rows=4096 cols=2048 cores=32 tiles=0 lx=1 io_hbm_bytes=41943040 kernel_us=1202.727 pred_us=733.864 err_pct=-39.0 bw_gbps=34.9 memset_us=316.651 other_dev_us=719.717 total_dev_us=2239.095
## SP2 M=8192 N=K=2048 cores=32: m in {2,4,8,16}
-- mmwd M=8192 K=2048 N=2048 m=2 n=16 k=1 (cores=32,  B-fanout=2, M-tile=4096)
  op_it_space_splits={d0: 2, d1: 16, d2: 1}
  op_it_space_splits={d0: 2, d1: 16, d2: 1}
  op_it_space_splits={d0: 2, d1: 16, d2: 1}
  op_it_space_splits={d0: 2, d1: 16, d2: 1}
  op_it_space_splits={d0: 2, d1: 16, d2: 1}
  op_it_space_splits={d0: 2, d1: 16, d2: 1}
IO -- device-layout I/O (cost model, stick-padded) --
IO   op mm [reduction]
IO     output op0                    torch [8192, 2048] -> device [32, 8192, 64] in HBM = 16777216 elems x 2B = 33554432 B  (hbm counted: 33554432 B)
IO     input  arg0_1                 torch [8192, 2048] -> device [32, 8192, 64] in HBM = 16777216 elems x 2B = 33554432 B  (hbm counted: 33554432 B)
IO     input  arg1_1                 torch [2048, 2048] -> device [32, 2048, 64] in HBM = 4194304 elems x 2B = 8388608 B  (hbm counted: 8388608 B)
IO   => HBM I/O total = 75497472 B  (lx 0 B, ~free)
MODEL -- estimate (turnaround): T = compute + (R+W)/BW_PEAK + a*min(R,W) --
MODEL   R=41943040 B (read)   W=33554432 B (write)   loop_trip L=1
MODEL   compute = MACs/cores/(mac_peak*pt_eff) = 34359738368/32/(1140*1.000) = 941.88 us  (M/m=4096, pt_eff=1.000)
MODEL   base = R/143+W/156 = 508.40 us
MODEL   turn = a*min(R,W) = 0.00574*33554432 = 192.60 us
MODEL   => T_model = 1608.52 us
MODEL FEATS [{"name":"mm","is_reduction":true,"out_elems":16777216,"cores":32,"dtype_bytes":2,"args":[{"name":"op0","role":"output","mem":"hbm","elems":16777216,"broadcast":false,"dims":[32,8192,64],"logical":[8192,2048],"loop_factor":1},{"name":"arg0_1","role":"input","mem":"hbm","elems":16777216,"broadcast":false,"dims":[32,8192,64],"logical":[8192,2048],"loop_factor":1},{"name":"arg1_1","role":"input","mem":"hbm","elems":4194304,"broadcast":false,"dims":[32,2048,64],"logical":[2048,2048],"loop_factor":1}],"reduction_cores":1,"loop_trip":1,"tiles_output_dim":false,"tile_rows_per_core":0.0,"is_matmul":true,"matmul_macs":34359738368,"matmul_rows_per_core":4096.0,"matmul_cols_per_core":128.0,"matmul_a_bytes":33554432,"matmul_b_bytes":8388608,"hbm_pattern":""}]
SUMMARY op=mmwd rows=8192 cols=2048 cores=32 tiles=0 lx=1 io_hbm_bytes=75497472 kernel_us=1632.578 pred_us=1608.516 err_pct=-1.5 bw_gbps=46.2 memset_us=454.570 other_dev_us=2319.505 total_dev_us=4406.653
-- mmwd M=8192 K=2048 N=2048 m=4 n=8 k=1 (cores=32,  B-fanout=4, M-tile=2048)
  op_it_space_splits={d0: 4, d1: 8, d2: 1}
  op_it_space_splits={d0: 4, d1: 8, d2: 1}
  op_it_space_splits={d0: 4, d1: 8, d2: 1}
  op_it_space_splits={d0: 4, d1: 8, d2: 1}
  op_it_space_splits={d0: 4, d1: 8, d2: 1}
  op_it_space_splits={d0: 4, d1: 8, d2: 1}
IO -- device-layout I/O (cost model, stick-padded) --
IO   op mm [reduction]
IO     output op0                    torch [8192, 2048] -> device [32, 8192, 64] in HBM = 16777216 elems x 2B = 33554432 B  (hbm counted: 33554432 B)
IO     input  arg0_1                 torch [8192, 2048] -> device [32, 8192, 64] in HBM = 16777216 elems x 2B = 33554432 B  (hbm counted: 33554432 B)
IO     input  arg1_1                 torch [2048, 2048] -> device [32, 2048, 64] in HBM = 4194304 elems x 2B = 8388608 B  (hbm counted: 8388608 B)
IO   => HBM I/O total = 75497472 B  (lx 0 B, ~free)
MODEL -- estimate (turnaround): T = compute + (R+W)/BW_PEAK + a*min(R,W) --
MODEL   R=41943040 B (read)   W=33554432 B (write)   loop_trip L=1
MODEL   compute = MACs/cores/(mac_peak*pt_eff) = 34359738368/32/(1140*1.000) = 941.88 us  (M/m=2048, pt_eff=1.000)
MODEL   base = R/143+W/156 = 508.40 us
MODEL   turn = a*min(R,W) = 0.00574*33554432 = 192.60 us
MODEL   => T_model = 1608.52 us
MODEL FEATS [{"name":"mm","is_reduction":true,"out_elems":16777216,"cores":32,"dtype_bytes":2,"args":[{"name":"op0","role":"output","mem":"hbm","elems":16777216,"broadcast":false,"dims":[32,8192,64],"logical":[8192,2048],"loop_factor":1},{"name":"arg0_1","role":"input","mem":"hbm","elems":16777216,"broadcast":false,"dims":[32,8192,64],"logical":[8192,2048],"loop_factor":1},{"name":"arg1_1","role":"input","mem":"hbm","elems":4194304,"broadcast":false,"dims":[32,2048,64],"logical":[2048,2048],"loop_factor":1}],"reduction_cores":1,"loop_trip":1,"tiles_output_dim":false,"tile_rows_per_core":0.0,"is_matmul":true,"matmul_macs":34359738368,"matmul_rows_per_core":2048.0,"matmul_cols_per_core":256.0,"matmul_a_bytes":33554432,"matmul_b_bytes":8388608,"hbm_pattern":""}]
SUMMARY op=mmwd rows=8192 cols=2048 cores=32 tiles=0 lx=1 io_hbm_bytes=75497472 kernel_us=1594.154 pred_us=1608.516 err_pct=+0.9 bw_gbps=47.4 memset_us=468.215 other_dev_us=2308.387 total_dev_us=4370.756
-- mmwd M=8192 K=2048 N=2048 m=8 n=4 k=1 (cores=32,  B-fanout=8, M-tile=1024)
  op_it_space_splits={d0: 8, d1: 4, d2: 1}
  op_it_space_splits={d0: 8, d1: 4, d2: 1}
  op_it_space_splits={d0: 8, d1: 4, d2: 1}
  op_it_space_splits={d0: 8, d1: 4, d2: 1}
  op_it_space_splits={d0: 8, d1: 4, d2: 1}
  op_it_space_splits={d0: 8, d1: 4, d2: 1}
IO -- device-layout I/O (cost model, stick-padded) --
IO   op mm [reduction]
IO     output op0                    torch [8192, 2048] -> device [32, 8192, 64] in HBM = 16777216 elems x 2B = 33554432 B  (hbm counted: 33554432 B)
IO     input  arg0_1                 torch [8192, 2048] -> device [32, 8192, 64] in HBM = 16777216 elems x 2B = 33554432 B  (hbm counted: 33554432 B)
IO     input  arg1_1                 torch [2048, 2048] -> device [32, 2048, 64] in HBM = 4194304 elems x 2B = 8388608 B  (hbm counted: 8388608 B)
IO   => HBM I/O total = 75497472 B  (lx 0 B, ~free)
MODEL -- estimate (turnaround): T = compute + (R+W)/BW_PEAK + a*min(R,W) --
MODEL   R=41943040 B (read)   W=33554432 B (write)   loop_trip L=1
MODEL   compute = MACs/cores/(mac_peak*pt_eff) = 34359738368/32/(1140*1.000) = 941.88 us  (M/m=1024, pt_eff=1.000)
MODEL   base = R/143+W/156 = 508.40 us
MODEL   turn = a*min(R,W) = 0.00574*33554432 = 192.60 us
MODEL   => T_model = 1529.88 us
MODEL FEATS [{"name":"mm","is_reduction":true,"out_elems":16777216,"cores":32,"dtype_bytes":2,"args":[{"name":"op0","role":"output","mem":"hbm","elems":16777216,"broadcast":false,"dims":[32,8192,64],"logical":[8192,2048],"loop_factor":1},{"name":"arg0_1","role":"input","mem":"hbm","elems":16777216,"broadcast":false,"dims":[32,8192,64],"logical":[8192,2048],"loop_factor":1},{"name":"arg1_1","role":"input","mem":"hbm","elems":4194304,"broadcast":false,"dims":[32,2048,64],"logical":[2048,2048],"loop_factor":1}],"reduction_cores":1,"loop_trip":1,"tiles_output_dim":false,"tile_rows_per_core":0.0,"is_matmul":true,"matmul_macs":34359738368,"matmul_rows_per_core":1024.0,"matmul_cols_per_core":512.0,"matmul_a_bytes":33554432,"matmul_b_bytes":8388608,"hbm_pattern":""}]
SUMMARY op=mmwd rows=8192 cols=2048 cores=32 tiles=0 lx=1 io_hbm_bytes=75497472 kernel_us=1614.688 pred_us=1529.883 err_pct=-5.3 bw_gbps=46.8 memset_us=424.382 other_dev_us=2454.243 total_dev_us=4493.313
-- mmwd M=8192 K=2048 N=2048 m=16 n=2 k=1 (cores=32,  B-fanout=16, M-tile=512)
  op_it_space_splits={d0: 16, d1: 2, d2: 1}
  op_it_space_splits={d0: 16, d1: 2, d2: 1}
  op_it_space_splits={d0: 16, d1: 2, d2: 1}
  op_it_space_splits={d0: 16, d1: 2, d2: 1}
  op_it_space_splits={d0: 16, d1: 2, d2: 1}
  op_it_space_splits={d0: 16, d1: 2, d2: 1}
IO -- device-layout I/O (cost model, stick-padded) --
IO   op mm [reduction]
IO     output op0                    torch [8192, 2048] -> device [32, 8192, 64] in HBM = 16777216 elems x 2B = 33554432 B  (hbm counted: 33554432 B)
IO     input  arg0_1                 torch [8192, 2048] -> device [32, 8192, 64] in HBM = 16777216 elems x 2B = 33554432 B  (hbm counted: 33554432 B)
IO     input  arg1_1                 torch [2048, 2048] -> device [32, 2048, 64] in HBM = 4194304 elems x 2B = 8388608 B  (hbm counted: 8388608 B)
IO   => HBM I/O total = 75497472 B  (lx 0 B, ~free)
MODEL -- estimate (turnaround): T = compute + (R+W)/BW_PEAK + a*min(R,W) --
MODEL   R=41943040 B (read)   W=33554432 B (write)   loop_trip L=1
MODEL   compute = MACs/cores/(mac_peak*pt_eff) = 34359738368/32/(1140*1.000) = 941.88 us  (M/m=512, pt_eff=1.000)
MODEL   base = R/143+W/156 = 508.40 us
MODEL   turn = a*min(R,W) = 0.00574*33554432 = 192.60 us
MODEL   => T_model = 1388.83 us
MODEL FEATS [{"name":"mm","is_reduction":true,"out_elems":16777216,"cores":32,"dtype_bytes":2,"args":[{"name":"op0","role":"output","mem":"hbm","elems":16777216,"broadcast":false,"dims":[32,8192,64],"logical":[8192,2048],"loop_factor":1},{"name":"arg0_1","role":"input","mem":"hbm","elems":16777216,"broadcast":false,"dims":[32,8192,64],"logical":[8192,2048],"loop_factor":1},{"name":"arg1_1","role":"input","mem":"hbm","elems":4194304,"broadcast":false,"dims":[32,2048,64],"logical":[2048,2048],"loop_factor":1}],"reduction_cores":1,"loop_trip":1,"tiles_output_dim":false,"tile_rows_per_core":0.0,"is_matmul":true,"matmul_macs":34359738368,"matmul_rows_per_core":512.0,"matmul_cols_per_core":1024.0,"matmul_a_bytes":33554432,"matmul_b_bytes":8388608,"hbm_pattern":""}]
SUMMARY op=mmwd rows=8192 cols=2048 cores=32 tiles=0 lx=1 io_hbm_bytes=75497472 kernel_us=2632.759 pred_us=1388.829 err_pct=-47.2 bw_gbps=28.7 memset_us=453.781 other_dev_us=2398.732 total_dev_us=5485.272
## SP3 M=2048 N=K=2048 cores=32: m in {2,4,8}
-- mmwd M=2048 K=2048 N=2048 m=2 n=16 k=1 (cores=32,  B-fanout=2, M-tile=1024)
  op_it_space_splits={d0: 2, d1: 16, d2: 1}
  op_it_space_splits={d0: 2, d1: 16, d2: 1}
  op_it_space_splits={d0: 2, d1: 16, d2: 1}
  op_it_space_splits={d0: 2, d1: 16, d2: 1}
  op_it_space_splits={d0: 2, d1: 16, d2: 1}
  op_it_space_splits={d0: 2, d1: 16, d2: 1}
IO -- device-layout I/O (cost model, stick-padded) --
IO   op mm [reduction]
IO     output op0                    torch [2048, 2048] -> device [32, 2048, 64] in HBM = 4194304 elems x 2B = 8388608 B  (hbm counted: 8388608 B)
IO     input  arg0_1                 torch [2048, 2048] -> device [32, 2048, 64] in HBM = 4194304 elems x 2B = 8388608 B  (hbm counted: 8388608 B)
IO     input  arg1_1                 torch [2048, 2048] -> device [32, 2048, 64] in HBM = 4194304 elems x 2B = 8388608 B  (hbm counted: 8388608 B)
IO   => HBM I/O total = 25165824 B  (lx 0 B, ~free)
MODEL -- estimate (turnaround): T = compute + (R+W)/BW_PEAK + a*min(R,W) --
MODEL   R=16777216 B (read)   W=8388608 B (write)   loop_trip L=1
MODEL   compute = MACs/cores/(mac_peak*pt_eff) = 8589934592/32/(1140*1.000) = 235.47 us  (M/m=1024, pt_eff=1.000)
MODEL   base = R/143+W/156 = 171.10 us
MODEL   turn = a*min(R,W) = 0.00574*8388608 = 48.15 us
MODEL   => T_model = 423.36 us
MODEL FEATS [{"name":"mm","is_reduction":true,"out_elems":4194304,"cores":32,"dtype_bytes":2,"args":[{"name":"op0","role":"output","mem":"hbm","elems":4194304,"broadcast":false,"dims":[32,2048,64],"logical":[2048,2048],"loop_factor":1},{"name":"arg0_1","role":"input","mem":"hbm","elems":4194304,"broadcast":false,"dims":[32,2048,64],"logical":[2048,2048],"loop_factor":1},{"name":"arg1_1","role":"input","mem":"hbm","elems":4194304,"broadcast":false,"dims":[32,2048,64],"logical":[2048,2048],"loop_factor":1}],"reduction_cores":1,"loop_trip":1,"tiles_output_dim":false,"tile_rows_per_core":0.0,"is_matmul":true,"matmul_macs":8589934592,"matmul_rows_per_core":1024.0,"matmul_cols_per_core":128.0,"matmul_a_bytes":8388608,"matmul_b_bytes":8388608,"hbm_pattern":""}]
SUMMARY op=mmwd rows=2048 cols=2048 cores=32 tiles=0 lx=1 io_hbm_bytes=25165824 kernel_us=399.386 pred_us=423.359 err_pct=+6.0 bw_gbps=63.0 memset_us=222.554 other_dev_us=454.036 total_dev_us=1075.976
-- mmwd M=2048 K=2048 N=2048 m=4 n=8 k=1 (cores=32,  B-fanout=4, M-tile=512)
  op_it_space_splits={d0: 4, d1: 8, d2: 1}
  op_it_space_splits={d0: 4, d1: 8, d2: 1}
  op_it_space_splits={d0: 4, d1: 8, d2: 1}
  op_it_space_splits={d0: 4, d1: 8, d2: 1}
  op_it_space_splits={d0: 4, d1: 8, d2: 1}
  op_it_space_splits={d0: 4, d1: 8, d2: 1}
IO -- device-layout I/O (cost model, stick-padded) --
IO   op mm [reduction]
IO     output op0                    torch [2048, 2048] -> device [32, 2048, 64] in HBM = 4194304 elems x 2B = 8388608 B  (hbm counted: 8388608 B)
IO     input  arg0_1                 torch [2048, 2048] -> device [32, 2048, 64] in HBM = 4194304 elems x 2B = 8388608 B  (hbm counted: 8388608 B)
IO     input  arg1_1                 torch [2048, 2048] -> device [32, 2048, 64] in HBM = 4194304 elems x 2B = 8388608 B  (hbm counted: 8388608 B)
IO   => HBM I/O total = 25165824 B  (lx 0 B, ~free)
MODEL -- estimate (turnaround): T = compute + (R+W)/BW_PEAK + a*min(R,W) --
MODEL   R=16777216 B (read)   W=8388608 B (write)   loop_trip L=1
MODEL   compute = MACs/cores/(mac_peak*pt_eff) = 8589934592/32/(1140*1.000) = 235.47 us  (M/m=512, pt_eff=1.000)
MODEL   base = R/143+W/156 = 171.10 us
MODEL   turn = a*min(R,W) = 0.00574*8388608 = 48.15 us
MODEL   => T_model = 360.58 us
MODEL FEATS [{"name":"mm","is_reduction":true,"out_elems":4194304,"cores":32,"dtype_bytes":2,"args":[{"name":"op0","role":"output","mem":"hbm","elems":4194304,"broadcast":false,"dims":[32,2048,64],"logical":[2048,2048],"loop_factor":1},{"name":"arg0_1","role":"input","mem":"hbm","elems":4194304,"broadcast":false,"dims":[32,2048,64],"logical":[2048,2048],"loop_factor":1},{"name":"arg1_1","role":"input","mem":"hbm","elems":4194304,"broadcast":false,"dims":[32,2048,64],"logical":[2048,2048],"loop_factor":1}],"reduction_cores":1,"loop_trip":1,"tiles_output_dim":false,"tile_rows_per_core":0.0,"is_matmul":true,"matmul_macs":8589934592,"matmul_rows_per_core":512.0,"matmul_cols_per_core":256.0,"matmul_a_bytes":8388608,"matmul_b_bytes":8388608,"hbm_pattern":""}]
SUMMARY op=mmwd rows=2048 cols=2048 cores=32 tiles=0 lx=1 io_hbm_bytes=25165824 kernel_us=384.422 pred_us=360.576 err_pct=-6.2 bw_gbps=65.5 memset_us=241.876 other_dev_us=296.012 total_dev_us=922.310
-- mmwd M=2048 K=2048 N=2048 m=8 n=4 k=1 (cores=32,  B-fanout=8, M-tile=256)
  op_it_space_splits={d0: 8, d1: 4, d2: 1}
  op_it_space_splits={d0: 8, d1: 4, d2: 1}
  op_it_space_splits={d0: 8, d1: 4, d2: 1}
  op_it_space_splits={d0: 8, d1: 4, d2: 1}
  op_it_space_splits={d0: 8, d1: 4, d2: 1}
  op_it_space_splits={d0: 8, d1: 4, d2: 1}
IO -- device-layout I/O (cost model, stick-padded) --
IO   op mm [reduction]
IO     output op0                    torch [2048, 2048] -> device [32, 2048, 64] in HBM = 4194304 elems x 2B = 8388608 B  (hbm counted: 8388608 B)
IO     input  arg0_1                 torch [2048, 2048] -> device [32, 2048, 64] in HBM = 4194304 elems x 2B = 8388608 B  (hbm counted: 8388608 B)
IO     input  arg1_1                 torch [2048, 2048] -> device [32, 2048, 64] in HBM = 4194304 elems x 2B = 8388608 B  (hbm counted: 8388608 B)
IO   => HBM I/O total = 25165824 B  (lx 0 B, ~free)
MODEL -- estimate (turnaround): T = compute + (R+W)/BW_PEAK + a*min(R,W) --
MODEL   R=16777216 B (read)   W=8388608 B (write)   loop_trip L=1
MODEL   compute = MACs/cores/(mac_peak*pt_eff) = 8589934592/32/(1140*1.000) = 235.47 us  (M/m=256, pt_eff=1.000)
MODEL   base = R/143+W/156 = 171.10 us
MODEL   turn = a*min(R,W) = 0.00574*8388608 = 48.15 us
MODEL   => T_model = 360.58 us
MODEL FEATS [{"name":"mm","is_reduction":true,"out_elems":4194304,"cores":32,"dtype_bytes":2,"args":[{"name":"op0","role":"output","mem":"hbm","elems":4194304,"broadcast":false,"dims":[32,2048,64],"logical":[2048,2048],"loop_factor":1},{"name":"arg0_1","role":"input","mem":"hbm","elems":4194304,"broadcast":false,"dims":[32,2048,64],"logical":[2048,2048],"loop_factor":1},{"name":"arg1_1","role":"input","mem":"hbm","elems":4194304,"broadcast":false,"dims":[32,2048,64],"logical":[2048,2048],"loop_factor":1}],"reduction_cores":1,"loop_trip":1,"tiles_output_dim":false,"tile_rows_per_core":0.0,"is_matmul":true,"matmul_macs":8589934592,"matmul_rows_per_core":256.0,"matmul_cols_per_core":512.0,"matmul_a_bytes":8388608,"matmul_b_bytes":8388608,"hbm_pattern":""}]
SUMMARY op=mmwd rows=2048 cols=2048 cores=32 tiles=0 lx=1 io_hbm_bytes=25165824 kernel_us=383.371 pred_us=360.576 err_pct=-5.9 bw_gbps=65.6 memset_us=215.347 other_dev_us=462.267 total_dev_us=1060.985
==== DONE -> forward /dev/null ====

################################################################
## >>> run_decouple_sweep.sh 
################################################################
==== matmul decouple sweep Thu Jul  9 21:35:37 UTC 2026 ====
git: 2012d4f  sections: DC1 DC2
## DC1 M=2048 K=2048 split 4x8: N in {512,1024,2048,4096} (N/n 64..512)
-- mmwd M=2048 K=2048 N=512 m=4 n=8 k=1 (cores=32,  M/m=512, N/n=64, A-fanout=8, B-fanout=4)
  op_it_space_splits={d0: 4, d1: 8, d2: 1}
  op_it_space_splits={d0: 4, d1: 8, d2: 1}
  op_it_space_splits={d0: 4, d1: 8, d2: 1}
  op_it_space_splits={d0: 4, d1: 8, d2: 1}
  op_it_space_splits={d0: 4, d1: 8, d2: 1}
  op_it_space_splits={d0: 4, d1: 8, d2: 1}
IO -- device-layout I/O (cost model, stick-padded) --
IO   op mm [reduction]
IO     output op0                    torch [2048, 512] -> device [8, 2048, 64] in HBM = 1048576 elems x 2B = 2097152 B  (hbm counted: 2097152 B)
IO     input  arg0_1                 torch [2048, 2048] -> device [32, 2048, 64] in HBM = 4194304 elems x 2B = 8388608 B  (hbm counted: 8388608 B)
IO     input  arg1_1                 torch [2048, 512] -> device [8, 2048, 64] in HBM = 1048576 elems x 2B = 2097152 B  (hbm counted: 2097152 B)
IO   => HBM I/O total = 12582912 B  (lx 0 B, ~free)
MODEL -- estimate (turnaround): T = compute + (R+W)/BW_PEAK + a*min(R,W) --
MODEL   R=10485760 B (read)   W=2097152 B (write)   loop_trip L=1
MODEL   compute = MACs/cores/(mac_peak*pt_eff) = 2147483648/32/(1140*1.000) = 58.87 us  (M/m=512, pt_eff=1.000)
MODEL   base = R/143+W/156 = 86.77 us
MODEL   turn = a*min(R,W) = 0.00574*2097152 = 12.04 us
MODEL   => T_model = 143.03 us
MODEL FEATS [{"name":"mm","is_reduction":true,"out_elems":1048576,"cores":32,"dtype_bytes":2,"args":[{"name":"op0","role":"output","mem":"hbm","elems":1048576,"broadcast":false,"dims":[8,2048,64],"logical":[2048,512],"loop_factor":1},{"name":"arg0_1","role":"input","mem":"hbm","elems":4194304,"broadcast":false,"dims":[32,2048,64],"logical":[2048,2048],"loop_factor":1},{"name":"arg1_1","role":"input","mem":"hbm","elems":1048576,"broadcast":false,"dims":[8,2048,64],"logical":[2048,512],"loop_factor":1}],"reduction_cores":1,"loop_trip":1,"tiles_output_dim":false,"tile_rows_per_core":0.0,"is_matmul":true,"matmul_macs":2147483648,"matmul_rows_per_core":512.0,"matmul_cols_per_core":64.0,"matmul_a_bytes":8388608,"matmul_b_bytes":2097152,"hbm_pattern":""}]
SUMMARY op=mmwd rows=2048 cols=2048 cores=32 tiles=0 lx=1 io_hbm_bytes=12582912 kernel_us=107.360 pred_us=143.027 err_pct=+33.2 bw_gbps=117.2 memset_us=137.782 other_dev_us=250.618 total_dev_us=495.760
-- mmwd M=2048 K=2048 N=1024 m=4 n=8 k=1 (cores=32,  M/m=512, N/n=128, A-fanout=8, B-fanout=4)
  op_it_space_splits={d0: 4, d1: 8, d2: 1}
  op_it_space_splits={d0: 4, d1: 8, d2: 1}
  op_it_space_splits={d0: 4, d1: 8, d2: 1}
  op_it_space_splits={d0: 4, d1: 8, d2: 1}
  op_it_space_splits={d0: 4, d1: 8, d2: 1}
  op_it_space_splits={d0: 4, d1: 8, d2: 1}
IO -- device-layout I/O (cost model, stick-padded) --
IO   op mm [reduction]
IO     output op0                    torch [2048, 1024] -> device [16, 2048, 64] in HBM = 2097152 elems x 2B = 4194304 B  (hbm counted: 4194304 B)
IO     input  arg0_1                 torch [2048, 2048] -> device [32, 2048, 64] in HBM = 4194304 elems x 2B = 8388608 B  (hbm counted: 8388608 B)
IO     input  arg1_1                 torch [2048, 1024] -> device [16, 2048, 64] in HBM = 2097152 elems x 2B = 4194304 B  (hbm counted: 4194304 B)
IO   => HBM I/O total = 16777216 B  (lx 0 B, ~free)
MODEL -- estimate (turnaround): T = compute + (R+W)/BW_PEAK + a*min(R,W) --
MODEL   R=12582912 B (read)   W=4194304 B (write)   loop_trip L=1
MODEL   compute = MACs/cores/(mac_peak*pt_eff) = 4294967296/32/(1140*1.000) = 117.73 us  (M/m=512, pt_eff=1.000)
MODEL   base = R/143+W/156 = 114.88 us
MODEL   turn = a*min(R,W) = 0.00574*4194304 = 24.08 us
MODEL   => T_model = 214.96 us
MODEL FEATS [{"name":"mm","is_reduction":true,"out_elems":2097152,"cores":32,"dtype_bytes":2,"args":[{"name":"op0","role":"output","mem":"hbm","elems":2097152,"broadcast":false,"dims":[16,2048,64],"logical":[2048,1024],"loop_factor":1},{"name":"arg0_1","role":"input","mem":"hbm","elems":4194304,"broadcast":false,"dims":[32,2048,64],"logical":[2048,2048],"loop_factor":1},{"name":"arg1_1","role":"input","mem":"hbm","elems":2097152,"broadcast":false,"dims":[16,2048,64],"logical":[2048,1024],"loop_factor":1}],"reduction_cores":1,"loop_trip":1,"tiles_output_dim":false,"tile_rows_per_core":0.0,"is_matmul":true,"matmul_macs":4294967296,"matmul_rows_per_core":512.0,"matmul_cols_per_core":128.0,"matmul_a_bytes":8388608,"matmul_b_bytes":4194304,"hbm_pattern":""}]
SUMMARY op=mmwd rows=2048 cols=2048 cores=32 tiles=0 lx=1 io_hbm_bytes=16777216 kernel_us=167.635 pred_us=214.962 err_pct=+28.2 bw_gbps=100.1 memset_us=145.261 other_dev_us=458.552 total_dev_us=771.448
-- mmwd M=2048 K=2048 N=2048 m=4 n=8 k=1 (cores=32,  M/m=512, N/n=256, A-fanout=8, B-fanout=4)
  op_it_space_splits={d0: 4, d1: 8, d2: 1}
  op_it_space_splits={d0: 4, d1: 8, d2: 1}
  op_it_space_splits={d0: 4, d1: 8, d2: 1}
  op_it_space_splits={d0: 4, d1: 8, d2: 1}
  op_it_space_splits={d0: 4, d1: 8, d2: 1}
  op_it_space_splits={d0: 4, d1: 8, d2: 1}
IO -- device-layout I/O (cost model, stick-padded) --
IO   op mm [reduction]
IO     output op0                    torch [2048, 2048] -> device [32, 2048, 64] in HBM = 4194304 elems x 2B = 8388608 B  (hbm counted: 8388608 B)
IO     input  arg0_1                 torch [2048, 2048] -> device [32, 2048, 64] in HBM = 4194304 elems x 2B = 8388608 B  (hbm counted: 8388608 B)
IO     input  arg1_1                 torch [2048, 2048] -> device [32, 2048, 64] in HBM = 4194304 elems x 2B = 8388608 B  (hbm counted: 8388608 B)
IO   => HBM I/O total = 25165824 B  (lx 0 B, ~free)
MODEL -- estimate (turnaround): T = compute + (R+W)/BW_PEAK + a*min(R,W) --
MODEL   R=16777216 B (read)   W=8388608 B (write)   loop_trip L=1
MODEL   compute = MACs/cores/(mac_peak*pt_eff) = 8589934592/32/(1140*1.000) = 235.47 us  (M/m=512, pt_eff=1.000)
MODEL   base = R/143+W/156 = 171.10 us
MODEL   turn = a*min(R,W) = 0.00574*8388608 = 48.15 us
MODEL   => T_model = 360.58 us
MODEL FEATS [{"name":"mm","is_reduction":true,"out_elems":4194304,"cores":32,"dtype_bytes":2,"args":[{"name":"op0","role":"output","mem":"hbm","elems":4194304,"broadcast":false,"dims":[32,2048,64],"logical":[2048,2048],"loop_factor":1},{"name":"arg0_1","role":"input","mem":"hbm","elems":4194304,"broadcast":false,"dims":[32,2048,64],"logical":[2048,2048],"loop_factor":1},{"name":"arg1_1","role":"input","mem":"hbm","elems":4194304,"broadcast":false,"dims":[32,2048,64],"logical":[2048,2048],"loop_factor":1}],"reduction_cores":1,"loop_trip":1,"tiles_output_dim":false,"tile_rows_per_core":0.0,"is_matmul":true,"matmul_macs":8589934592,"matmul_rows_per_core":512.0,"matmul_cols_per_core":256.0,"matmul_a_bytes":8388608,"matmul_b_bytes":8388608,"hbm_pattern":""}]
SUMMARY op=mmwd rows=2048 cols=2048 cores=32 tiles=0 lx=1 io_hbm_bytes=25165824 kernel_us=384.888 pred_us=360.576 err_pct=-6.3 bw_gbps=65.4 memset_us=252.244 other_dev_us=656.993 total_dev_us=1294.125
-- mmwd M=2048 K=2048 N=4096 m=4 n=8 k=1 (cores=32,  M/m=512, N/n=512, A-fanout=8, B-fanout=4)
  op_it_space_splits={d0: 4, d1: 8, d2: 1}
  op_it_space_splits={d0: 4, d1: 8, d2: 1}
  op_it_space_splits={d0: 4, d1: 8, d2: 1}
  op_it_space_splits={d0: 4, d1: 8, d2: 1}
  op_it_space_splits={d0: 4, d1: 8, d2: 1}
  op_it_space_splits={d0: 4, d1: 8, d2: 1}
IO -- device-layout I/O (cost model, stick-padded) --
IO   op mm [reduction]
IO     output op0                    torch [2048, 4096] -> device [64, 2048, 64] in HBM = 8388608 elems x 2B = 16777216 B  (hbm counted: 16777216 B)
IO     input  arg0_1                 torch [2048, 2048] -> device [32, 2048, 64] in HBM = 4194304 elems x 2B = 8388608 B  (hbm counted: 8388608 B)
IO     input  arg1_1                 torch [2048, 4096] -> device [64, 2048, 64] in HBM = 8388608 elems x 2B = 16777216 B  (hbm counted: 16777216 B)
IO   => HBM I/O total = 41943040 B  (lx 0 B, ~free)
MODEL -- estimate (turnaround): T = compute + (R+W)/BW_PEAK + a*min(R,W) --
MODEL   R=25165824 B (read)   W=16777216 B (write)   loop_trip L=1
MODEL   compute = MACs/cores/(mac_peak*pt_eff) = 17179869184/32/(1140*1.000) = 470.94 us  (M/m=512, pt_eff=1.000)
MODEL   base = R/143+W/156 = 283.53 us
MODEL   turn = a*min(R,W) = 0.00574*16777216 = 96.30 us
MODEL   => T_model = 696.19 us
MODEL FEATS [{"name":"mm","is_reduction":true,"out_elems":8388608,"cores":32,"dtype_bytes":2,"args":[{"name":"op0","role":"output","mem":"hbm","elems":8388608,"broadcast":false,"dims":[64,2048,64],"logical":[2048,4096],"loop_factor":1},{"name":"arg0_1","role":"input","mem":"hbm","elems":4194304,"broadcast":false,"dims":[32,2048,64],"logical":[2048,2048],"loop_factor":1},{"name":"arg1_1","role":"input","mem":"hbm","elems":8388608,"broadcast":false,"dims":[64,2048,64],"logical":[2048,4096],"loop_factor":1}],"reduction_cores":1,"loop_trip":1,"tiles_output_dim":false,"tile_rows_per_core":0.0,"is_matmul":true,"matmul_macs":17179869184,"matmul_rows_per_core":512.0,"matmul_cols_per_core":512.0,"matmul_a_bytes":8388608,"matmul_b_bytes":16777216,"hbm_pattern":""}]
SUMMARY op=mmwd rows=2048 cols=2048 cores=32 tiles=0 lx=1 io_hbm_bytes=41943040 kernel_us=764.037 pred_us=696.187 err_pct=-8.9 bw_gbps=54.9 memset_us=327.564 other_dev_us=890.273 total_dev_us=1981.874
## DC2 N=2048 K=2048 split 4x8: M in {512,1024,2048,4096,8192} (M/m 128..2048)
-- mmwd M=512 K=2048 N=2048 m=4 n=8 k=1 (cores=32,  M/m=128, N/n=256, A-fanout=8, B-fanout=4)
  op_it_space_splits={d0: 4, d1: 8, d2: 1}
  op_it_space_splits={d0: 4, d1: 8, d2: 1}
  op_it_space_splits={d0: 4, d1: 8, d2: 1}
  op_it_space_splits={d0: 4, d1: 8, d2: 1}
  op_it_space_splits={d0: 4, d1: 8, d2: 1}
  op_it_space_splits={d0: 4, d1: 8, d2: 1}
IO -- device-layout I/O (cost model, stick-padded) --
IO   op mm [reduction]
IO     output op0                    torch [512, 2048] -> device [32, 512, 64] in HBM = 1048576 elems x 2B = 2097152 B  (hbm counted: 2097152 B)
IO     input  arg0_1                 torch [512, 2048] -> device [32, 512, 64] in HBM = 1048576 elems x 2B = 2097152 B  (hbm counted: 2097152 B)
IO     input  arg1_1                 torch [2048, 2048] -> device [32, 2048, 64] in HBM = 4194304 elems x 2B = 8388608 B  (hbm counted: 8388608 B)
IO   => HBM I/O total = 12582912 B  (lx 0 B, ~free)
MODEL -- estimate (turnaround): T = compute + (R+W)/BW_PEAK + a*min(R,W) --
MODEL   R=10485760 B (read)   W=2097152 B (write)   loop_trip L=1
MODEL   compute = MACs/cores/(mac_peak*pt_eff) = 2147483648/32/(1140*1.000) = 58.87 us  (M/m=128, pt_eff=1.000)
MODEL   base = R/143+W/156 = 86.77 us
MODEL   turn = a*min(R,W) = 0.00574*2097152 = 12.04 us
MODEL   => T_model = 130.60 us
MODEL FEATS [{"name":"mm","is_reduction":true,"out_elems":1048576,"cores":32,"dtype_bytes":2,"args":[{"name":"op0","role":"output","mem":"hbm","elems":1048576,"broadcast":false,"dims":[32,512,64],"logical":[512,2048],"loop_factor":1},{"name":"arg0_1","role":"input","mem":"hbm","elems":1048576,"broadcast":false,"dims":[32,512,64],"logical":[512,2048],"loop_factor":1},{"name":"arg1_1","role":"input","mem":"hbm","elems":4194304,"broadcast":false,"dims":[32,2048,64],"logical":[2048,2048],"loop_factor":1}],"reduction_cores":1,"loop_trip":1,"tiles_output_dim":false,"tile_rows_per_core":0.0,"is_matmul":true,"matmul_macs":2147483648,"matmul_rows_per_core":128.0,"matmul_cols_per_core":256.0,"matmul_a_bytes":2097152,"matmul_b_bytes":8388608,"hbm_pattern":""}]
SUMMARY op=mmwd rows=512 cols=2048 cores=32 tiles=0 lx=1 io_hbm_bytes=12582912 kernel_us=86.174 pred_us=130.596 err_pct=+51.5 bw_gbps=146.0 memset_us=142.306 other_dev_us=445.514 total_dev_us=673.994
-- mmwd M=1024 K=2048 N=2048 m=4 n=8 k=1 (cores=32,  M/m=256, N/n=256, A-fanout=8, B-fanout=4)
  op_it_space_splits={d0: 4, d1: 8, d2: 1}
  op_it_space_splits={d0: 4, d1: 8, d2: 1}
  op_it_space_splits={d0: 4, d1: 8, d2: 1}
  op_it_space_splits={d0: 4, d1: 8, d2: 1}
  op_it_space_splits={d0: 4, d1: 8, d2: 1}
  op_it_space_splits={d0: 4, d1: 8, d2: 1}
IO -- device-layout I/O (cost model, stick-padded) --
IO   op mm [reduction]
IO     output op0                    torch [1024, 2048] -> device [32, 1024, 64] in HBM = 2097152 elems x 2B = 4194304 B  (hbm counted: 4194304 B)
IO     input  arg0_1                 torch [1024, 2048] -> device [32, 1024, 64] in HBM = 2097152 elems x 2B = 4194304 B  (hbm counted: 4194304 B)
IO     input  arg1_1                 torch [2048, 2048] -> device [32, 2048, 64] in HBM = 4194304 elems x 2B = 8388608 B  (hbm counted: 8388608 B)
IO   => HBM I/O total = 16777216 B  (lx 0 B, ~free)
MODEL -- estimate (turnaround): T = compute + (R+W)/BW_PEAK + a*min(R,W) --
MODEL   R=12582912 B (read)   W=4194304 B (write)   loop_trip L=1
MODEL   compute = MACs/cores/(mac_peak*pt_eff) = 4294967296/32/(1140*1.000) = 117.73 us  (M/m=256, pt_eff=1.000)
MODEL   base = R/143+W/156 = 114.88 us
MODEL   turn = a*min(R,W) = 0.00574*4194304 = 24.08 us
MODEL   => T_model = 202.53 us
MODEL FEATS [{"name":"mm","is_reduction":true,"out_elems":2097152,"cores":32,"dtype_bytes":2,"args":[{"name":"op0","role":"output","mem":"hbm","elems":2097152,"broadcast":false,"dims":[32,1024,64],"logical":[1024,2048],"loop_factor":1},{"name":"arg0_1","role":"input","mem":"hbm","elems":2097152,"broadcast":false,"dims":[32,1024,64],"logical":[1024,2048],"loop_factor":1},{"name":"arg1_1","role":"input","mem":"hbm","elems":4194304,"broadcast":false,"dims":[32,2048,64],"logical":[2048,2048],"loop_factor":1}],"reduction_cores":1,"loop_trip":1,"tiles_output_dim":false,"tile_rows_per_core":0.0,"is_matmul":true,"matmul_macs":4294967296,"matmul_rows_per_core":256.0,"matmul_cols_per_core":256.0,"matmul_a_bytes":4194304,"matmul_b_bytes":8388608,"hbm_pattern":""}]
SUMMARY op=mmwd rows=1024 cols=2048 cores=32 tiles=0 lx=1 io_hbm_bytes=16777216 kernel_us=182.044 pred_us=202.531 err_pct=+11.3 bw_gbps=92.2 memset_us=133.726 other_dev_us=545.815 total_dev_us=861.585
-- mmwd M=2048 K=2048 N=2048 m=4 n=8 k=1 (cores=32,  M/m=512, N/n=256, A-fanout=8, B-fanout=4)
  op_it_space_splits={d0: 4, d1: 8, d2: 1}
  op_it_space_splits={d0: 4, d1: 8, d2: 1}
  op_it_space_splits={d0: 4, d1: 8, d2: 1}
  op_it_space_splits={d0: 4, d1: 8, d2: 1}
  op_it_space_splits={d0: 4, d1: 8, d2: 1}
  op_it_space_splits={d0: 4, d1: 8, d2: 1}
IO -- device-layout I/O (cost model, stick-padded) --
IO   op mm [reduction]
IO     output op0                    torch [2048, 2048] -> device [32, 2048, 64] in HBM = 4194304 elems x 2B = 8388608 B  (hbm counted: 8388608 B)
IO     input  arg0_1                 torch [2048, 2048] -> device [32, 2048, 64] in HBM = 4194304 elems x 2B = 8388608 B  (hbm counted: 8388608 B)
IO     input  arg1_1                 torch [2048, 2048] -> device [32, 2048, 64] in HBM = 4194304 elems x 2B = 8388608 B  (hbm counted: 8388608 B)
IO   => HBM I/O total = 25165824 B  (lx 0 B, ~free)
MODEL -- estimate (turnaround): T = compute + (R+W)/BW_PEAK + a*min(R,W) --
MODEL   R=16777216 B (read)   W=8388608 B (write)   loop_trip L=1
MODEL   compute = MACs/cores/(mac_peak*pt_eff) = 8589934592/32/(1140*1.000) = 235.47 us  (M/m=512, pt_eff=1.000)
MODEL   base = R/143+W/156 = 171.10 us
MODEL   turn = a*min(R,W) = 0.00574*8388608 = 48.15 us
MODEL   => T_model = 360.58 us
MODEL FEATS [{"name":"mm","is_reduction":true,"out_elems":4194304,"cores":32,"dtype_bytes":2,"args":[{"name":"op0","role":"output","mem":"hbm","elems":4194304,"broadcast":false,"dims":[32,2048,64],"logical":[2048,2048],"loop_factor":1},{"name":"arg0_1","role":"input","mem":"hbm","elems":4194304,"broadcast":false,"dims":[32,2048,64],"logical":[2048,2048],"loop_factor":1},{"name":"arg1_1","role":"input","mem":"hbm","elems":4194304,"broadcast":false,"dims":[32,2048,64],"logical":[2048,2048],"loop_factor":1}],"reduction_cores":1,"loop_trip":1,"tiles_output_dim":false,"tile_rows_per_core":0.0,"is_matmul":true,"matmul_macs":8589934592,"matmul_rows_per_core":512.0,"matmul_cols_per_core":256.0,"matmul_a_bytes":8388608,"matmul_b_bytes":8388608,"hbm_pattern":""}]
SUMMARY op=mmwd rows=2048 cols=2048 cores=32 tiles=0 lx=1 io_hbm_bytes=25165824 kernel_us=390.103 pred_us=360.576 err_pct=-7.6 bw_gbps=64.5 memset_us=240.906 other_dev_us=576.769 total_dev_us=1207.778
-- mmwd M=4096 K=2048 N=2048 m=4 n=8 k=1 (cores=32,  M/m=1024, N/n=256, A-fanout=8, B-fanout=4)
  op_it_space_splits={d0: 4, d1: 8, d2: 1}
  op_it_space_splits={d0: 4, d1: 8, d2: 1}
  op_it_space_splits={d0: 4, d1: 8, d2: 1}
  op_it_space_splits={d0: 4, d1: 8, d2: 1}
  op_it_space_splits={d0: 4, d1: 8, d2: 1}
  op_it_space_splits={d0: 4, d1: 8, d2: 1}
IO -- device-layout I/O (cost model, stick-padded) --
IO   op mm [reduction]
IO     output op0                    torch [4096, 2048] -> device [32, 4096, 64] in HBM = 8388608 elems x 2B = 16777216 B  (hbm counted: 16777216 B)
IO     input  arg0_1                 torch [4096, 2048] -> device [32, 4096, 64] in HBM = 8388608 elems x 2B = 16777216 B  (hbm counted: 16777216 B)
IO     input  arg1_1                 torch [2048, 2048] -> device [32, 2048, 64] in HBM = 4194304 elems x 2B = 8388608 B  (hbm counted: 8388608 B)
IO   => HBM I/O total = 41943040 B  (lx 0 B, ~free)
MODEL -- estimate (turnaround): T = compute + (R+W)/BW_PEAK + a*min(R,W) --
MODEL   R=25165824 B (read)   W=16777216 B (write)   loop_trip L=1
MODEL   compute = MACs/cores/(mac_peak*pt_eff) = 17179869184/32/(1140*1.000) = 470.94 us  (M/m=1024, pt_eff=1.000)
MODEL   base = R/143+W/156 = 283.53 us
MODEL   turn = a*min(R,W) = 0.00574*16777216 = 96.30 us
MODEL   => T_model = 788.06 us
MODEL FEATS [{"name":"mm","is_reduction":true,"out_elems":8388608,"cores":32,"dtype_bytes":2,"args":[{"name":"op0","role":"output","mem":"hbm","elems":8388608,"broadcast":false,"dims":[32,4096,64],"logical":[4096,2048],"loop_factor":1},{"name":"arg0_1","role":"input","mem":"hbm","elems":8388608,"broadcast":false,"dims":[32,4096,64],"logical":[4096,2048],"loop_factor":1},{"name":"arg1_1","role":"input","mem":"hbm","elems":4194304,"broadcast":false,"dims":[32,2048,64],"logical":[2048,2048],"loop_factor":1}],"reduction_cores":1,"loop_trip":1,"tiles_output_dim":false,"tile_rows_per_core":0.0,"is_matmul":true,"matmul_macs":17179869184,"matmul_rows_per_core":1024.0,"matmul_cols_per_core":256.0,"matmul_a_bytes":16777216,"matmul_b_bytes":8388608,"hbm_pattern":""}]
SUMMARY op=mmwd rows=4096 cols=2048 cores=32 tiles=0 lx=1 io_hbm_bytes=41943040 kernel_us=810.297 pred_us=788.057 err_pct=-2.7 bw_gbps=51.8 memset_us=301.562 other_dev_us=812.716 total_dev_us=1924.575
-- mmwd M=8192 K=2048 N=2048 m=4 n=8 k=1 (cores=32,  M/m=2048, N/n=256, A-fanout=8, B-fanout=4)
  op_it_space_splits={d0: 4, d1: 8, d2: 1}
  op_it_space_splits={d0: 4, d1: 8, d2: 1}
  op_it_space_splits={d0: 4, d1: 8, d2: 1}
  op_it_space_splits={d0: 4, d1: 8, d2: 1}
  op_it_space_splits={d0: 4, d1: 8, d2: 1}
  op_it_space_splits={d0: 4, d1: 8, d2: 1}
IO -- device-layout I/O (cost model, stick-padded) --
IO   op mm [reduction]
IO     output op0                    torch [8192, 2048] -> device [32, 8192, 64] in HBM = 16777216 elems x 2B = 33554432 B  (hbm counted: 33554432 B)
IO     input  arg0_1                 torch [8192, 2048] -> device [32, 8192, 64] in HBM = 16777216 elems x 2B = 33554432 B  (hbm counted: 33554432 B)
IO     input  arg1_1                 torch [2048, 2048] -> device [32, 2048, 64] in HBM = 4194304 elems x 2B = 8388608 B  (hbm counted: 8388608 B)
IO   => HBM I/O total = 75497472 B  (lx 0 B, ~free)
MODEL -- estimate (turnaround): T = compute + (R+W)/BW_PEAK + a*min(R,W) --
MODEL   R=41943040 B (read)   W=33554432 B (write)   loop_trip L=1
MODEL   compute = MACs/cores/(mac_peak*pt_eff) = 34359738368/32/(1140*1.000) = 941.88 us  (M/m=2048, pt_eff=1.000)
MODEL   base = R/143+W/156 = 508.40 us
MODEL   turn = a*min(R,W) = 0.00574*33554432 = 192.60 us
MODEL   => T_model = 1608.52 us
MODEL FEATS [{"name":"mm","is_reduction":true,"out_elems":16777216,"cores":32,"dtype_bytes":2,"args":[{"name":"op0","role":"output","mem":"hbm","elems":16777216,"broadcast":false,"dims":[32,8192,64],"logical":[8192,2048],"loop_factor":1},{"name":"arg0_1","role":"input","mem":"hbm","elems":16777216,"broadcast":false,"dims":[32,8192,64],"logical":[8192,2048],"loop_factor":1},{"name":"arg1_1","role":"input","mem":"hbm","elems":4194304,"broadcast":false,"dims":[32,2048,64],"logical":[2048,2048],"loop_factor":1}],"reduction_cores":1,"loop_trip":1,"tiles_output_dim":false,"tile_rows_per_core":0.0,"is_matmul":true,"matmul_macs":34359738368,"matmul_rows_per_core":2048.0,"matmul_cols_per_core":256.0,"matmul_a_bytes":33554432,"matmul_b_bytes":8388608,"hbm_pattern":""}]
SUMMARY op=mmwd rows=8192 cols=2048 cores=32 tiles=0 lx=1 io_hbm_bytes=75497472 kernel_us=1594.268 pred_us=1608.516 err_pct=+0.9 bw_gbps=47.4 memset_us=423.730 other_dev_us=2456.237 total_dev_us=4474.235
==== DONE -> forward /dev/null ====

################################################################
## >>> run_matmul_psum_sweep.sh 
################################################################
==== matmul psum sweep Thu Jul  9 21:38:50 UTC 2026 ====
git: 2012d4f  sections: PS1 PS2
## PS1 M=N=2048 K=2048: m2n2 k{1,2,4,8} + m2n4 k{1,2,4}
# PS1a (m,n)=(2,2), k in {1,2,4,8}  (cores 4,8,16,32)
-- mmwd M=2048 K=2048 N=2048 m=2 n=2 k=1 (cores=4,  out=4194304 elems, K/k=2048)
  op_it_space_splits={d0: 2, d1: 2, d2: 1}
  op_it_space_splits={d0: 2, d1: 2, d2: 1}
  op_it_space_splits={d0: 2, d1: 2, d2: 1}
  op_it_space_splits={d0: 2, d1: 2, d2: 1}
  op_it_space_splits={d0: 2, d1: 2, d2: 1}
  op_it_space_splits={d0: 2, d1: 2, d2: 1}
IO -- device-layout I/O (cost model, stick-padded) --
IO   op mm [reduction]
IO     output op0                    torch [2048, 2048] -> device [32, 2048, 64] in HBM = 4194304 elems x 2B = 8388608 B  (hbm counted: 8388608 B)
IO     input  arg0_1                 torch [2048, 2048] -> device [32, 2048, 64] in HBM = 4194304 elems x 2B = 8388608 B  (hbm counted: 8388608 B)
IO     input  arg1_1                 torch [2048, 2048] -> device [32, 2048, 64] in HBM = 4194304 elems x 2B = 8388608 B  (hbm counted: 8388608 B)
IO   => HBM I/O total = 25165824 B  (lx 0 B, ~free)
MODEL -- estimate (turnaround): T = compute + (R+W)/BW_PEAK + a*min(R,W) --
MODEL   R=16777216 B (read)   W=8388608 B (write)   loop_trip L=1
MODEL   compute = MACs/cores/(mac_peak*pt_eff) = 8589934592/4/(1140*1.000) = 1883.76 us  (M/m=1024, pt_eff=1.000)
MODEL   base = R/143+W/156 = 171.10 us
MODEL   turn = a*min(R,W) = 0.00574*8388608 = 48.15 us
MODEL   => T_model = 2085.27 us
MODEL FEATS [{"name":"mm","is_reduction":true,"out_elems":4194304,"cores":4,"dtype_bytes":2,"args":[{"name":"op0","role":"output","mem":"hbm","elems":4194304,"broadcast":false,"dims":[32,2048,64],"logical":[2048,2048],"loop_factor":1},{"name":"arg0_1","role":"input","mem":"hbm","elems":4194304,"broadcast":false,"dims":[32,2048,64],"logical":[2048,2048],"loop_factor":1},{"name":"arg1_1","role":"input","mem":"hbm","elems":4194304,"broadcast":false,"dims":[32,2048,64],"logical":[2048,2048],"loop_factor":1}],"reduction_cores":1,"loop_trip":1,"tiles_output_dim":false,"tile_rows_per_core":0.0,"is_matmul":true,"matmul_macs":8589934592,"matmul_rows_per_core":1024.0,"matmul_cols_per_core":1024.0,"matmul_a_bytes":8388608,"matmul_b_bytes":8388608,"hbm_pattern":""}]
SUMMARY op=mmwd rows=2048 cols=2048 cores=4 tiles=0 lx=1 io_hbm_bytes=25165824 kernel_us=2014.879 pred_us=2085.266 err_pct=+3.5 bw_gbps=12.5 memset_us=192.830 other_dev_us=462.246 total_dev_us=2669.955
-- mmwd M=2048 K=2048 N=2048 m=2 n=2 k=2 (cores=8,  out=4194304 elems, K/k=1024)
  op_it_space_splits={d0: 2, d1: 2, d2: 2}
  op_it_space_splits={d0: 2, d1: 2, d2: 2}
  op_it_space_splits={d0: 2, d1: 2, d2: 2}
  op_it_space_splits={d0: 2, d1: 2, d2: 2}
  op_it_space_splits={d0: 2, d1: 2, d2: 2}
  op_it_space_splits={d0: 2, d1: 2, d2: 2}
IO -- device-layout I/O (cost model, stick-padded) --
IO   op mm [reduction]
IO     output op0                    torch [2048, 2048] -> device [32, 2048, 64] in HBM = 4194304 elems x 2B = 8388608 B  (hbm counted: 8388608 B)
IO     input  arg0_1                 torch [2048, 2048] -> device [32, 2048, 64] in HBM = 4194304 elems x 2B = 8388608 B  (hbm counted: 8388608 B)
IO     input  arg1_1                 torch [2048, 2048] -> device [32, 2048, 64] in HBM = 4194304 elems x 2B = 8388608 B  (hbm counted: 8388608 B)
IO   => HBM I/O total = 25165824 B  (lx 0 B, ~free)
MODEL -- estimate (turnaround): T = compute + (R+W)/BW_PEAK + a*min(R,W) --
MODEL   R=16777216 B (read)   W=8388608 B (write)   loop_trip L=1
MODEL   compute = MACs/cores/(mac_peak*pt_eff) = 8589934592/8/(1140*1.000) = 941.88 us  (M/m=1024, pt_eff=1.000)
MODEL   base = R/143+W/156 = 171.10 us
MODEL   turn = a*min(R,W) = 0.00574*8388608 = 48.15 us
MODEL   => T_model = 1143.39 us
MODEL FEATS [{"name":"mm","is_reduction":true,"out_elems":4194304,"cores":8,"dtype_bytes":2,"args":[{"name":"op0","role":"output","mem":"hbm","elems":4194304,"broadcast":false,"dims":[32,2048,64],"logical":[2048,2048],"loop_factor":1},{"name":"arg0_1","role":"input","mem":"hbm","elems":4194304,"broadcast":false,"dims":[32,2048,64],"logical":[2048,2048],"loop_factor":1},{"name":"arg1_1","role":"input","mem":"hbm","elems":4194304,"broadcast":false,"dims":[32,2048,64],"logical":[2048,2048],"loop_factor":1}],"reduction_cores":2,"loop_trip":1,"tiles_output_dim":false,"tile_rows_per_core":0.0,"is_matmul":true,"matmul_macs":8589934592,"matmul_rows_per_core":1024.0,"matmul_cols_per_core":1024.0,"matmul_a_bytes":8388608,"matmul_b_bytes":8388608,"hbm_pattern":""}]
SUMMARY op=mmwd rows=2048 cols=2048 cores=8 tiles=0 lx=1 io_hbm_bytes=25165824 kernel_us=2068.197 pred_us=1143.388 err_pct=-44.7 bw_gbps=12.2 memset_us=230.351 other_dev_us=375.959 total_dev_us=2674.507
-- mmwd M=2048 K=2048 N=2048 m=2 n=2 k=4 (cores=16,  out=4194304 elems, K/k=512)
  op_it_space_splits={d0: 2, d1: 2, d2: 4}
  op_it_space_splits={d0: 2, d1: 2, d2: 4}
  op_it_space_splits={d0: 2, d1: 2, d2: 4}
  op_it_space_splits={d0: 2, d1: 2, d2: 4}
  op_it_space_splits={d0: 2, d1: 2, d2: 4}
  op_it_space_splits={d0: 2, d1: 2, d2: 4}
IO -- device-layout I/O (cost model, stick-padded) --
IO   op mm [reduction]
IO     output op0                    torch [2048, 2048] -> device [32, 2048, 64] in HBM = 4194304 elems x 2B = 8388608 B  (hbm counted: 8388608 B)
IO     input  arg0_1                 torch [2048, 2048] -> device [32, 2048, 64] in HBM = 4194304 elems x 2B = 8388608 B  (hbm counted: 8388608 B)
IO     input  arg1_1                 torch [2048, 2048] -> device [32, 2048, 64] in HBM = 4194304 elems x 2B = 8388608 B  (hbm counted: 8388608 B)
IO   => HBM I/O total = 25165824 B  (lx 0 B, ~free)
MODEL -- estimate (turnaround): T = compute + (R+W)/BW_PEAK + a*min(R,W) --
MODEL   R=16777216 B (read)   W=8388608 B (write)   loop_trip L=1
MODEL   compute = MACs/cores/(mac_peak*pt_eff) = 8589934592/16/(1140*1.000) = 470.94 us  (M/m=1024, pt_eff=1.000)
MODEL   base = R/143+W/156 = 171.10 us
MODEL   turn = a*min(R,W) = 0.00574*8388608 = 48.15 us
MODEL   => T_model = 672.45 us
MODEL FEATS [{"name":"mm","is_reduction":true,"out_elems":4194304,"cores":16,"dtype_bytes":2,"args":[{"name":"op0","role":"output","mem":"hbm","elems":4194304,"broadcast":false,"dims":[32,2048,64],"logical":[2048,2048],"loop_factor":1},{"name":"arg0_1","role":"input","mem":"hbm","elems":4194304,"broadcast":false,"dims":[32,2048,64],"logical":[2048,2048],"loop_factor":1},{"name":"arg1_1","role":"input","mem":"hbm","elems":4194304,"broadcast":false,"dims":[32,2048,64],"logical":[2048,2048],"loop_factor":1}],"reduction_cores":4,"loop_trip":1,"tiles_output_dim":false,"tile_rows_per_core":0.0,"is_matmul":true,"matmul_macs":8589934592,"matmul_rows_per_core":1024.0,"matmul_cols_per_core":1024.0,"matmul_a_bytes":8388608,"matmul_b_bytes":8388608,"hbm_pattern":""}]
SUMMARY op=mmwd rows=2048 cols=2048 cores=16 tiles=0 lx=1 io_hbm_bytes=25165824 kernel_us=1046.578 pred_us=672.448 err_pct=-35.7 bw_gbps=24.0 memset_us=225.370 other_dev_us=446.562 total_dev_us=1718.510
-- mmwd M=2048 K=2048 N=2048 m=2 n=2 k=8 (cores=32,  out=4194304 elems, K/k=256)
  op_it_space_splits={d0: 2, d1: 2, d2: 8}
  op_it_space_splits={d0: 2, d1: 2, d2: 8}
  op_it_space_splits={d0: 2, d1: 2, d2: 8}
  op_it_space_splits={d0: 2, d1: 2, d2: 8}
  op_it_space_splits={d0: 2, d1: 2, d2: 8}
  op_it_space_splits={d0: 2, d1: 2, d2: 8}
IO -- device-layout I/O (cost model, stick-padded) --
IO   op mm [reduction]
IO     output op0                    torch [2048, 2048] -> device [32, 2048, 64] in HBM = 4194304 elems x 2B = 8388608 B  (hbm counted: 8388608 B)
IO     input  arg0_1                 torch [2048, 2048] -> device [32, 2048, 64] in HBM = 4194304 elems x 2B = 8388608 B  (hbm counted: 8388608 B)
IO     input  arg1_1                 torch [2048, 2048] -> device [32, 2048, 64] in HBM = 4194304 elems x 2B = 8388608 B  (hbm counted: 8388608 B)
IO   => HBM I/O total = 25165824 B  (lx 0 B, ~free)
MODEL -- estimate (turnaround): T = compute + (R+W)/BW_PEAK + a*min(R,W) --
MODEL   R=16777216 B (read)   W=8388608 B (write)   loop_trip L=1
MODEL   compute = MACs/cores/(mac_peak*pt_eff) = 8589934592/32/(1140*1.000) = 235.47 us  (M/m=1024, pt_eff=1.000)
MODEL   base = R/143+W/156 = 171.10 us
MODEL   turn = a*min(R,W) = 0.00574*8388608 = 48.15 us
MODEL   => T_model = 500.32 us
MODEL FEATS [{"name":"mm","is_reduction":true,"out_elems":4194304,"cores":32,"dtype_bytes":2,"args":[{"name":"op0","role":"output","mem":"hbm","elems":4194304,"broadcast":false,"dims":[32,2048,64],"logical":[2048,2048],"loop_factor":1},{"name":"arg0_1","role":"input","mem":"hbm","elems":4194304,"broadcast":false,"dims":[32,2048,64],"logical":[2048,2048],"loop_factor":1},{"name":"arg1_1","role":"input","mem":"hbm","elems":4194304,"broadcast":false,"dims":[32,2048,64],"logical":[2048,2048],"loop_factor":1}],"reduction_cores":8,"loop_trip":1,"tiles_output_dim":false,"tile_rows_per_core":0.0,"is_matmul":true,"matmul_macs":8589934592,"matmul_rows_per_core":1024.0,"matmul_cols_per_core":1024.0,"matmul_a_bytes":8388608,"matmul_b_bytes":8388608,"hbm_pattern":""}]
SUMMARY op=mmwd rows=2048 cols=2048 cores=32 tiles=0 lx=1 io_hbm_bytes=25165824 kernel_us=782.046 pred_us=500.318 err_pct=-36.0 bw_gbps=32.2 memset_us=202.674 other_dev_us=304.116 total_dev_us=1288.836
# PS1b (m,n)=(2,4), k in {1,2,4}  (cores 8,16,32)
-- mmwd M=2048 K=2048 N=2048 m=2 n=4 k=1 (cores=8,  out=4194304 elems, K/k=2048)
  op_it_space_splits={d0: 2, d1: 4, d2: 1}
  op_it_space_splits={d0: 2, d1: 4, d2: 1}
  op_it_space_splits={d0: 2, d1: 4, d2: 1}
  op_it_space_splits={d0: 2, d1: 4, d2: 1}
  op_it_space_splits={d0: 2, d1: 4, d2: 1}
  op_it_space_splits={d0: 2, d1: 4, d2: 1}
IO -- device-layout I/O (cost model, stick-padded) --
IO   op mm [reduction]
IO     output op0                    torch [2048, 2048] -> device [32, 2048, 64] in HBM = 4194304 elems x 2B = 8388608 B  (hbm counted: 8388608 B)
IO     input  arg0_1                 torch [2048, 2048] -> device [32, 2048, 64] in HBM = 4194304 elems x 2B = 8388608 B  (hbm counted: 8388608 B)
IO     input  arg1_1                 torch [2048, 2048] -> device [32, 2048, 64] in HBM = 4194304 elems x 2B = 8388608 B  (hbm counted: 8388608 B)
IO   => HBM I/O total = 25165824 B  (lx 0 B, ~free)
MODEL -- estimate (turnaround): T = compute + (R+W)/BW_PEAK + a*min(R,W) --
MODEL   R=16777216 B (read)   W=8388608 B (write)   loop_trip L=1
MODEL   compute = MACs/cores/(mac_peak*pt_eff) = 8589934592/8/(1140*1.000) = 941.88 us  (M/m=1024, pt_eff=1.000)
MODEL   base = R/143+W/156 = 171.10 us
MODEL   turn = a*min(R,W) = 0.00574*8388608 = 48.15 us
MODEL   => T_model = 1108.54 us
MODEL FEATS [{"name":"mm","is_reduction":true,"out_elems":4194304,"cores":8,"dtype_bytes":2,"args":[{"name":"op0","role":"output","mem":"hbm","elems":4194304,"broadcast":false,"dims":[32,2048,64],"logical":[2048,2048],"loop_factor":1},{"name":"arg0_1","role":"input","mem":"hbm","elems":4194304,"broadcast":false,"dims":[32,2048,64],"logical":[2048,2048],"loop_factor":1},{"name":"arg1_1","role":"input","mem":"hbm","elems":4194304,"broadcast":false,"dims":[32,2048,64],"logical":[2048,2048],"loop_factor":1}],"reduction_cores":1,"loop_trip":1,"tiles_output_dim":false,"tile_rows_per_core":0.0,"is_matmul":true,"matmul_macs":8589934592,"matmul_rows_per_core":1024.0,"matmul_cols_per_core":512.0,"matmul_a_bytes":8388608,"matmul_b_bytes":8388608,"hbm_pattern":""}]
SUMMARY op=mmwd rows=2048 cols=2048 cores=8 tiles=0 lx=1 io_hbm_bytes=25165824 kernel_us=1093.823 pred_us=1108.543 err_pct=+1.3 bw_gbps=23.0 memset_us=205.466 other_dev_us=712.911 total_dev_us=2012.200
-- mmwd M=2048 K=2048 N=2048 m=2 n=4 k=2 (cores=16,  out=4194304 elems, K/k=1024)
  op_it_space_splits={d0: 2, d1: 4, d2: 2}
  op_it_space_splits={d0: 2, d1: 4, d2: 2}
  op_it_space_splits={d0: 2, d1: 4, d2: 2}
  op_it_space_splits={d0: 2, d1: 4, d2: 2}
  op_it_space_splits={d0: 2, d1: 4, d2: 2}
  op_it_space_splits={d0: 2, d1: 4, d2: 2}
IO -- device-layout I/O (cost model, stick-padded) --
IO   op mm [reduction]
IO     output op0                    torch [2048, 2048] -> device [32, 2048, 64] in HBM = 4194304 elems x 2B = 8388608 B  (hbm counted: 8388608 B)
IO     input  arg0_1                 torch [2048, 2048] -> device [32, 2048, 64] in HBM = 4194304 elems x 2B = 8388608 B  (hbm counted: 8388608 B)
IO     input  arg1_1                 torch [2048, 2048] -> device [32, 2048, 64] in HBM = 4194304 elems x 2B = 8388608 B  (hbm counted: 8388608 B)
IO   => HBM I/O total = 25165824 B  (lx 0 B, ~free)
MODEL -- estimate (turnaround): T = compute + (R+W)/BW_PEAK + a*min(R,W) --
MODEL   R=16777216 B (read)   W=8388608 B (write)   loop_trip L=1
MODEL   compute = MACs/cores/(mac_peak*pt_eff) = 8589934592/16/(1140*1.000) = 470.94 us  (M/m=1024, pt_eff=1.000)
MODEL   base = R/143+W/156 = 171.10 us
MODEL   turn = a*min(R,W) = 0.00574*8388608 = 48.15 us
MODEL   => T_model = 637.60 us
MODEL FEATS [{"name":"mm","is_reduction":true,"out_elems":4194304,"cores":16,"dtype_bytes":2,"args":[{"name":"op0","role":"output","mem":"hbm","elems":4194304,"broadcast":false,"dims":[32,2048,64],"logical":[2048,2048],"loop_factor":1},{"name":"arg0_1","role":"input","mem":"hbm","elems":4194304,"broadcast":false,"dims":[32,2048,64],"logical":[2048,2048],"loop_factor":1},{"name":"arg1_1","role":"input","mem":"hbm","elems":4194304,"broadcast":false,"dims":[32,2048,64],"logical":[2048,2048],"loop_factor":1}],"reduction_cores":2,"loop_trip":1,"tiles_output_dim":false,"tile_rows_per_core":0.0,"is_matmul":true,"matmul_macs":8589934592,"matmul_rows_per_core":1024.0,"matmul_cols_per_core":512.0,"matmul_a_bytes":8388608,"matmul_b_bytes":8388608,"hbm_pattern":""}]
SUMMARY op=mmwd rows=2048 cols=2048 cores=16 tiles=0 lx=1 io_hbm_bytes=25165824 kernel_us=1096.213 pred_us=637.603 err_pct=-41.8 bw_gbps=23.0 memset_us=240.882 other_dev_us=467.319 total_dev_us=1804.414
-- mmwd M=2048 K=2048 N=2048 m=2 n=4 k=4 (cores=32,  out=4194304 elems, K/k=512)
  op_it_space_splits={d0: 2, d1: 4, d2: 4}
  op_it_space_splits={d0: 2, d1: 4, d2: 4}
  op_it_space_splits={d0: 2, d1: 4, d2: 4}
  op_it_space_splits={d0: 2, d1: 4, d2: 4}
  op_it_space_splits={d0: 2, d1: 4, d2: 4}
  op_it_space_splits={d0: 2, d1: 4, d2: 4}
IO -- device-layout I/O (cost model, stick-padded) --
IO   op mm [reduction]
IO     output op0                    torch [2048, 2048] -> device [32, 2048, 64] in HBM = 4194304 elems x 2B = 8388608 B  (hbm counted: 8388608 B)
IO     input  arg0_1                 torch [2048, 2048] -> device [32, 2048, 64] in HBM = 4194304 elems x 2B = 8388608 B  (hbm counted: 8388608 B)
IO     input  arg1_1                 torch [2048, 2048] -> device [32, 2048, 64] in HBM = 4194304 elems x 2B = 8388608 B  (hbm counted: 8388608 B)
IO   => HBM I/O total = 25165824 B  (lx 0 B, ~free)
MODEL -- estimate (turnaround): T = compute + (R+W)/BW_PEAK + a*min(R,W) --
MODEL   R=16777216 B (read)   W=8388608 B (write)   loop_trip L=1
MODEL   compute = MACs/cores/(mac_peak*pt_eff) = 8589934592/32/(1140*1.000) = 235.47 us  (M/m=1024, pt_eff=1.000)
MODEL   base = R/143+W/156 = 171.10 us
MODEL   turn = a*min(R,W) = 0.00574*8388608 = 48.15 us
MODEL   => T_model = 435.79 us
MODEL FEATS [{"name":"mm","is_reduction":true,"out_elems":4194304,"cores":32,"dtype_bytes":2,"args":[{"name":"op0","role":"output","mem":"hbm","elems":4194304,"broadcast":false,"dims":[32,2048,64],"logical":[2048,2048],"loop_factor":1},{"name":"arg0_1","role":"input","mem":"hbm","elems":4194304,"broadcast":false,"dims":[32,2048,64],"logical":[2048,2048],"loop_factor":1},{"name":"arg1_1","role":"input","mem":"hbm","elems":4194304,"broadcast":false,"dims":[32,2048,64],"logical":[2048,2048],"loop_factor":1}],"reduction_cores":4,"loop_trip":1,"tiles_output_dim":false,"tile_rows_per_core":0.0,"is_matmul":true,"matmul_macs":8589934592,"matmul_rows_per_core":1024.0,"matmul_cols_per_core":512.0,"matmul_a_bytes":8388608,"matmul_b_bytes":8388608,"hbm_pattern":""}]
SUMMARY op=mmwd rows=2048 cols=2048 cores=32 tiles=0 lx=1 io_hbm_bytes=25165824 kernel_us=676.470 pred_us=435.790 err_pct=-35.6 bw_gbps=37.2 memset_us=184.294 other_dev_us=678.960 total_dev_us=1539.724
## PS2 (m,n)=(2,2) K=2048, k{1,2,4}: M=N in {1024,4096}
# PS2a M=N=1024 (out 1.0M elems)
-- mmwd M=1024 K=2048 N=1024 m=2 n=2 k=1 (cores=4,  out=1048576 elems, K/k=2048)
  op_it_space_splits={d0: 2, d1: 2, d2: 1}
  op_it_space_splits={d0: 2, d1: 2, d2: 1}
  op_it_space_splits={d0: 2, d1: 2, d2: 1}
  op_it_space_splits={d0: 2, d1: 2, d2: 1}
  op_it_space_splits={d0: 2, d1: 2, d2: 1}
  op_it_space_splits={d0: 2, d1: 2, d2: 1}
IO -- device-layout I/O (cost model, stick-padded) --
IO   op mm [reduction]
IO     output op0                    torch [1024, 1024] -> device [16, 1024, 64] in HBM = 1048576 elems x 2B = 2097152 B  (hbm counted: 2097152 B)
IO     input  arg0_1                 torch [1024, 2048] -> device [32, 1024, 64] in HBM = 2097152 elems x 2B = 4194304 B  (hbm counted: 4194304 B)
IO     input  arg1_1                 torch [2048, 1024] -> device [16, 2048, 64] in HBM = 2097152 elems x 2B = 4194304 B  (hbm counted: 4194304 B)
IO   => HBM I/O total = 10485760 B  (lx 0 B, ~free)
MODEL -- estimate (turnaround): T = compute + (R+W)/BW_PEAK + a*min(R,W) --
MODEL   R=8388608 B (read)   W=2097152 B (write)   loop_trip L=1
MODEL   compute = MACs/cores/(mac_peak*pt_eff) = 2147483648/4/(1140*1.000) = 470.94 us  (M/m=512, pt_eff=1.000)
MODEL   base = R/143+W/156 = 72.10 us
MODEL   turn = a*min(R,W) = 0.00574*2097152 = 12.04 us
MODEL   => T_model = 523.09 us
MODEL FEATS [{"name":"mm","is_reduction":true,"out_elems":1048576,"cores":4,"dtype_bytes":2,"args":[{"name":"op0","role":"output","mem":"hbm","elems":1048576,"broadcast":false,"dims":[16,1024,64],"logical":[1024,1024],"loop_factor":1},{"name":"arg0_1","role":"input","mem":"hbm","elems":2097152,"broadcast":false,"dims":[32,1024,64],"logical":[1024,2048],"loop_factor":1},{"name":"arg1_1","role":"input","mem":"hbm","elems":2097152,"broadcast":false,"dims":[16,2048,64],"logical":[2048,1024],"loop_factor":1}],"reduction_cores":1,"loop_trip":1,"tiles_output_dim":false,"tile_rows_per_core":0.0,"is_matmul":true,"matmul_macs":2147483648,"matmul_rows_per_core":512.0,"matmul_cols_per_core":512.0,"matmul_a_bytes":4194304,"matmul_b_bytes":4194304,"hbm_pattern":""}]
SUMMARY op=mmwd rows=1024 cols=2048 cores=4 tiles=0 lx=1 io_hbm_bytes=10485760 kernel_us=506.452 pred_us=523.089 err_pct=+3.3 bw_gbps=20.7 memset_us=89.150 other_dev_us=359.423 total_dev_us=955.025
-- mmwd M=1024 K=2048 N=1024 m=2 n=2 k=2 (cores=8,  out=1048576 elems, K/k=1024)
  op_it_space_splits={d0: 2, d1: 2, d2: 2}
  op_it_space_splits={d0: 2, d1: 2, d2: 2}
  op_it_space_splits={d0: 2, d1: 2, d2: 2}
  op_it_space_splits={d0: 2, d1: 2, d2: 2}
  op_it_space_splits={d0: 2, d1: 2, d2: 2}
  op_it_space_splits={d0: 2, d1: 2, d2: 2}
IO -- device-layout I/O (cost model, stick-padded) --
IO   op mm [reduction]
IO     output op0                    torch [1024, 1024] -> device [16, 1024, 64] in HBM = 1048576 elems x 2B = 2097152 B  (hbm counted: 2097152 B)
IO     input  arg0_1                 torch [1024, 2048] -> device [32, 1024, 64] in HBM = 2097152 elems x 2B = 4194304 B  (hbm counted: 4194304 B)
IO     input  arg1_1                 torch [2048, 1024] -> device [16, 2048, 64] in HBM = 2097152 elems x 2B = 4194304 B  (hbm counted: 4194304 B)
IO   => HBM I/O total = 10485760 B  (lx 0 B, ~free)
MODEL -- estimate (turnaround): T = compute + (R+W)/BW_PEAK + a*min(R,W) --
MODEL   R=8388608 B (read)   W=2097152 B (write)   loop_trip L=1
MODEL   compute = MACs/cores/(mac_peak*pt_eff) = 2147483648/8/(1140*1.000) = 235.47 us  (M/m=512, pt_eff=1.000)
MODEL   base = R/143+W/156 = 72.10 us
MODEL   turn = a*min(R,W) = 0.00574*2097152 = 12.04 us
MODEL   => T_model = 287.62 us
MODEL FEATS [{"name":"mm","is_reduction":true,"out_elems":1048576,"cores":8,"dtype_bytes":2,"args":[{"name":"op0","role":"output","mem":"hbm","elems":1048576,"broadcast":false,"dims":[16,1024,64],"logical":[1024,1024],"loop_factor":1},{"name":"arg0_1","role":"input","mem":"hbm","elems":2097152,"broadcast":false,"dims":[32,1024,64],"logical":[1024,2048],"loop_factor":1},{"name":"arg1_1","role":"input","mem":"hbm","elems":2097152,"broadcast":false,"dims":[16,2048,64],"logical":[2048,1024],"loop_factor":1}],"reduction_cores":2,"loop_trip":1,"tiles_output_dim":false,"tile_rows_per_core":0.0,"is_matmul":true,"matmul_macs":2147483648,"matmul_rows_per_core":512.0,"matmul_cols_per_core":512.0,"matmul_a_bytes":4194304,"matmul_b_bytes":4194304,"hbm_pattern":""}]
SUMMARY op=mmwd rows=1024 cols=2048 cores=8 tiles=0 lx=1 io_hbm_bytes=10485760 kernel_us=521.294 pred_us=287.619 err_pct=-44.8 bw_gbps=20.1 memset_us=129.194 other_dev_us=408.881 total_dev_us=1059.369
-- mmwd M=1024 K=2048 N=1024 m=2 n=2 k=4 (cores=16,  out=1048576 elems, K/k=512)
  op_it_space_splits={d0: 2, d1: 2, d2: 4}
  op_it_space_splits={d0: 2, d1: 2, d2: 4}
  op_it_space_splits={d0: 2, d1: 2, d2: 4}
  op_it_space_splits={d0: 2, d1: 2, d2: 4}
  op_it_space_splits={d0: 2, d1: 2, d2: 4}
  op_it_space_splits={d0: 2, d1: 2, d2: 4}
IO -- device-layout I/O (cost model, stick-padded) --
IO   op mm [reduction]
IO     output op0                    torch [1024, 1024] -> device [16, 1024, 64] in HBM = 1048576 elems x 2B = 2097152 B  (hbm counted: 2097152 B)
IO     input  arg0_1                 torch [1024, 2048] -> device [32, 1024, 64] in HBM = 2097152 elems x 2B = 4194304 B  (hbm counted: 4194304 B)
IO     input  arg1_1                 torch [2048, 1024] -> device [16, 2048, 64] in HBM = 2097152 elems x 2B = 4194304 B  (hbm counted: 4194304 B)
IO   => HBM I/O total = 10485760 B  (lx 0 B, ~free)
MODEL -- estimate (turnaround): T = compute + (R+W)/BW_PEAK + a*min(R,W) --
MODEL   R=8388608 B (read)   W=2097152 B (write)   loop_trip L=1
MODEL   compute = MACs/cores/(mac_peak*pt_eff) = 2147483648/16/(1140*1.000) = 117.73 us  (M/m=512, pt_eff=1.000)
MODEL   base = R/143+W/156 = 72.10 us
MODEL   turn = a*min(R,W) = 0.00574*2097152 = 12.04 us
MODEL   => T_model = 169.88 us
MODEL FEATS [{"name":"mm","is_reduction":true,"out_elems":1048576,"cores":16,"dtype_bytes":2,"args":[{"name":"op0","role":"output","mem":"hbm","elems":1048576,"broadcast":false,"dims":[16,1024,64],"logical":[1024,1024],"loop_factor":1},{"name":"arg0_1","role":"input","mem":"hbm","elems":2097152,"broadcast":false,"dims":[32,1024,64],"logical":[1024,2048],"loop_factor":1},{"name":"arg1_1","role":"input","mem":"hbm","elems":2097152,"broadcast":false,"dims":[16,2048,64],"logical":[2048,1024],"loop_factor":1}],"reduction_cores":4,"loop_trip":1,"tiles_output_dim":false,"tile_rows_per_core":0.0,"is_matmul":true,"matmul_macs":2147483648,"matmul_rows_per_core":512.0,"matmul_cols_per_core":512.0,"matmul_a_bytes":4194304,"matmul_b_bytes":4194304,"hbm_pattern":""}]
SUMMARY op=mmwd rows=1024 cols=2048 cores=16 tiles=0 lx=1 io_hbm_bytes=10485760 kernel_us=268.373 pred_us=169.885 err_pct=-36.7 bw_gbps=39.1 memset_us=128.918 other_dev_us=294.676 total_dev_us=691.967
# PS2b M=N=4096 (out 16.8M elems -- 16x PS2a)
-- mmwd M=4096 K=2048 N=4096 m=2 n=2 k=1 (cores=4,  out=16777216 elems, K/k=2048)
  op_it_space_splits={d0: 2, d1: 2, d2: 1}
  op_it_space_splits={d0: 2, d1: 2, d2: 1}
  op_it_space_splits={d0: 2, d1: 2, d2: 1}
  op_it_space_splits={d0: 2, d1: 2, d2: 1}
  op_it_space_splits={d0: 2, d1: 2, d2: 1}
  op_it_space_splits={d0: 2, d1: 2, d2: 1}
IO -- device-layout I/O (cost model, stick-padded) --
IO   op mm [reduction]
IO     output op0                    torch [4096, 4096] -> device [64, 4096, 64] in HBM = 16777216 elems x 2B = 33554432 B  (hbm counted: 33554432 B)
IO     input  arg0_1                 torch [4096, 2048] -> device [32, 4096, 64] in HBM = 8388608 elems x 2B = 16777216 B  (hbm counted: 16777216 B)
IO     input  arg1_1                 torch [2048, 4096] -> device [64, 2048, 64] in HBM = 8388608 elems x 2B = 16777216 B  (hbm counted: 16777216 B)
IO   => HBM I/O total = 67108864 B  (lx 0 B, ~free)
MODEL -- estimate (turnaround): T = compute + (R+W)/BW_PEAK + a*min(R,W) --
MODEL   R=33554432 B (read)   W=33554432 B (write)   loop_trip L=1
MODEL   compute = MACs/cores/(mac_peak*pt_eff) = 34359738368/4/(1140*1.000) = 7535.03 us  (M/m=2048, pt_eff=1.000)
MODEL   base = R/143+W/156 = 449.74 us
MODEL   turn = a*min(R,W) = 0.00574*33554432 = 192.60 us
MODEL   => T_model = 8097.30 us
MODEL FEATS [{"name":"mm","is_reduction":true,"out_elems":16777216,"cores":4,"dtype_bytes":2,"args":[{"name":"op0","role":"output","mem":"hbm","elems":16777216,"broadcast":false,"dims":[64,4096,64],"logical":[4096,4096],"loop_factor":1},{"name":"arg0_1","role":"input","mem":"hbm","elems":8388608,"broadcast":false,"dims":[32,4096,64],"logical":[4096,2048],"loop_factor":1},{"name":"arg1_1","role":"input","mem":"hbm","elems":8388608,"broadcast":false,"dims":[64,2048,64],"logical":[2048,4096],"loop_factor":1}],"reduction_cores":1,"loop_trip":1,"tiles_output_dim":false,"tile_rows_per_core":0.0,"is_matmul":true,"matmul_macs":34359738368,"matmul_rows_per_core":2048.0,"matmul_cols_per_core":2048.0,"matmul_a_bytes":16777216,"matmul_b_bytes":16777216,"hbm_pattern":""}]
SUMMARY op=mmwd rows=4096 cols=2048 cores=4 tiles=0 lx=1 io_hbm_bytes=67108864 kernel_us=8045.121 pred_us=8097.300 err_pct=+0.6 bw_gbps=8.3 memset_us=446.896 other_dev_us=2327.664 total_dev_us=10819.681
-- mmwd M=4096 K=2048 N=4096 m=2 n=2 k=2 (cores=8,  out=16777216 elems, K/k=1024)
  op_it_space_splits={d0: 2, d1: 2, d2: 2}
  op_it_space_splits={d0: 2, d1: 2, d2: 2}
  op_it_space_splits={d0: 2, d1: 2, d2: 2}
  op_it_space_splits={d0: 2, d1: 2, d2: 2}
  op_it_space_splits={d0: 2, d1: 2, d2: 2}
  op_it_space_splits={d0: 2, d1: 2, d2: 2}
IO -- device-layout I/O (cost model, stick-padded) --
IO   op mm [reduction]
IO     output op0                    torch [4096, 4096] -> device [64, 4096, 64] in HBM = 16777216 elems x 2B = 33554432 B  (hbm counted: 33554432 B)
IO     input  arg0_1                 torch [4096, 2048] -> device [32, 4096, 64] in HBM = 8388608 elems x 2B = 16777216 B  (hbm counted: 16777216 B)
IO     input  arg1_1                 torch [2048, 4096] -> device [64, 2048, 64] in HBM = 8388608 elems x 2B = 16777216 B  (hbm counted: 16777216 B)
IO   => HBM I/O total = 67108864 B  (lx 0 B, ~free)
MODEL -- estimate (turnaround): T = compute + (R+W)/BW_PEAK + a*min(R,W) --
MODEL   R=33554432 B (read)   W=33554432 B (write)   loop_trip L=1
MODEL   compute = MACs/cores/(mac_peak*pt_eff) = 34359738368/8/(1140*1.000) = 3767.52 us  (M/m=2048, pt_eff=1.000)
MODEL   base = R/143+W/156 = 449.74 us
MODEL   turn = a*min(R,W) = 0.00574*33554432 = 192.60 us
MODEL   => T_model = 4329.78 us
MODEL FEATS [{"name":"mm","is_reduction":true,"out_elems":16777216,"cores":8,"dtype_bytes":2,"args":[{"name":"op0","role":"output","mem":"hbm","elems":16777216,"broadcast":false,"dims":[64,4096,64],"logical":[4096,4096],"loop_factor":1},{"name":"arg0_1","role":"input","mem":"hbm","elems":8388608,"broadcast":false,"dims":[32,4096,64],"logical":[4096,2048],"loop_factor":1},{"name":"arg1_1","role":"input","mem":"hbm","elems":8388608,"broadcast":false,"dims":[64,2048,64],"logical":[2048,4096],"loop_factor":1}],"reduction_cores":2,"loop_trip":1,"tiles_output_dim":false,"tile_rows_per_core":0.0,"is_matmul":true,"matmul_macs":34359738368,"matmul_rows_per_core":2048.0,"matmul_cols_per_core":2048.0,"matmul_a_bytes":16777216,"matmul_b_bytes":16777216,"hbm_pattern":""}]
SUMMARY op=mmwd rows=4096 cols=2048 cores=8 tiles=0 lx=1 io_hbm_bytes=67108864 kernel_us=8255.036 pred_us=4329.785 err_pct=-47.5 bw_gbps=8.1 memset_us=447.773 other_dev_us=2333.847 total_dev_us=11036.656
-- mmwd M=4096 K=2048 N=4096 m=2 n=2 k=4 (cores=16,  out=16777216 elems, K/k=512)
  op_it_space_splits={d0: 2, d1: 2, d2: 4}
  op_it_space_splits={d0: 2, d1: 2, d2: 4}
  op_it_space_splits={d0: 2, d1: 2, d2: 4}
  op_it_space_splits={d0: 2, d1: 2, d2: 4}
  op_it_space_splits={d0: 2, d1: 2, d2: 4}
  op_it_space_splits={d0: 2, d1: 2, d2: 4}
IO -- device-layout I/O (cost model, stick-padded) --
IO   op mm [reduction]
IO     output op0                    torch [4096, 4096] -> device [64, 4096, 64] in HBM = 16777216 elems x 2B = 33554432 B  (hbm counted: 33554432 B)
IO     input  arg0_1                 torch [4096, 2048] -> device [32, 4096, 64] in HBM = 8388608 elems x 2B = 16777216 B  (hbm counted: 16777216 B)
IO     input  arg1_1                 torch [2048, 4096] -> device [64, 2048, 64] in HBM = 8388608 elems x 2B = 16777216 B  (hbm counted: 16777216 B)
IO   => HBM I/O total = 67108864 B  (lx 0 B, ~free)
MODEL -- estimate (turnaround): T = compute + (R+W)/BW_PEAK + a*min(R,W) --
MODEL   R=33554432 B (read)   W=33554432 B (write)   loop_trip L=1
MODEL   compute = MACs/cores/(mac_peak*pt_eff) = 34359738368/16/(1140*1.000) = 1883.76 us  (M/m=2048, pt_eff=1.000)
MODEL   base = R/143+W/156 = 449.74 us
MODEL   turn = a*min(R,W) = 0.00574*33554432 = 192.60 us
MODEL   => T_model = 2446.03 us
MODEL FEATS [{"name":"mm","is_reduction":true,"out_elems":16777216,"cores":16,"dtype_bytes":2,"args":[{"name":"op0","role":"output","mem":"hbm","elems":16777216,"broadcast":false,"dims":[64,4096,64],"logical":[4096,4096],"loop_factor":1},{"name":"arg0_1","role":"input","mem":"hbm","elems":8388608,"broadcast":false,"dims":[32,4096,64],"logical":[4096,2048],"loop_factor":1},{"name":"arg1_1","role":"input","mem":"hbm","elems":8388608,"broadcast":false,"dims":[64,2048,64],"logical":[2048,4096],"loop_factor":1}],"reduction_cores":4,"loop_trip":1,"tiles_output_dim":false,"tile_rows_per_core":0.0,"is_matmul":true,"matmul_macs":34359738368,"matmul_rows_per_core":2048.0,"matmul_cols_per_core":2048.0,"matmul_a_bytes":16777216,"matmul_b_bytes":16777216,"hbm_pattern":""}]
SUMMARY op=mmwd rows=4096 cols=2048 cores=16 tiles=0 lx=1 io_hbm_bytes=67108864 kernel_us=4170.617 pred_us=2446.027 err_pct=-41.4 bw_gbps=16.1 memset_us=433.812 other_dev_us=2408.409 total_dev_us=7012.838
==== DONE -> forward /dev/null ====

################################################################
## >>> run_coarse_tiling_sweep.sh 
################################################################
==== coarse-tiling sweep Thu Jul  9 21:42:18 UTC 2026 ====
git: 2012d4f  sections: CT1 CT2 CT3
## CT1 softmax_row_tiling: tile_rows<=4096 (<=33.5MB LX; no hang)
-- softmax_row_tiling [16384,4096] tiles=4 lx=1
  op_it_space_splits={d0: 32, d1: 1}
  op_it_space_splits={d0: 32, d1: 1}
  op_it_space_splits={d0: 32, d1: 1}
  op_it_space_splits={d0: 32, d1: 1}
  op_it_space_splits={d0: 32, d1: 1}
  op_it_space_splits={d0: 32, d1: 1}
  op_it_space_splits={d0: 32, d1: 1}
  op_it_space_splits={d0: 32, d1: 1}
  op_it_space_splits={d0: 32, d1: 1}
  op_it_space_splits={d0: 32, d1: 1}
  op_it_space_splits={d0: 32, d1: 1}
  op_it_space_splits={d0: 32, d1: 1}
  op_it_space_splits={d0: 32, d1: 1}
  op_it_space_splits={d0: 32, d1: 1}
  op_it_space_splits={d0: 32, d1: 1}
  op_it_space_splits={d0: 32, d1: 1}
  op_it_space_splits={d0: 32, d1: 1}
  op_it_space_splits={d0: 32, d1: 1}
  op_it_space_splits={d0: 32, d1: 1}
  op_it_space_splits={d0: 32, d1: 1}
  op_it_space_splits={d0: 32, d1: 1}
  op_it_space_splits={d0: 32, d1: 1}
  op_it_space_splits={d0: 32, d1: 1}
  op_it_space_splits={d0: 32, d1: 1}
  op_it_space_splits={d0: 32, d1: 1}
  op_it_space_splits={d0: 32, d1: 1}
  op_it_space_splits={d0: 32, d1: 1}
  op_it_space_splits={d0: 32, d1: 1}
  op_it_space_splits={d0: 32, d1: 1}
  op_it_space_splits={d0: 32, d1: 1}
IO -- device-layout I/O (cost model, stick-padded) --
IO   op amax [reduction]
IO     output op0                    torch [4096, 1] -> device [1, 4096, 64] in LX = 262144 elems x 2B = 524288 B  (hbm counted: 0 B)
IO     input  arg0_1                 torch [16384, 4096] -> device [64, 16384, 64] in HBM = 67108864 elems x 2B = 134217728 B  (hbm counted: 134217728 B)
IO   op sub
IO     output op1                    torch [4096, 4096] -> device [64, 4096, 64] in LX = 16777216 elems x 2B = 33554432 B  (hbm counted: 0 B)
IO     input  arg0_1                 torch [16384, 4096] -> device [64, 16384, 64] in HBM = 67108864 elems x 2B = 134217728 B  (hbm counted: 134217728 B)
IO     input  buf0                   torch [4096, 1] -> device [1, 4096, 64] in LX = 262144 elems x 2B = 524288 B  (hbm counted: 0 B) broadcast (loaded once)
IO   op exp
IO     output op2                    torch [4096, 4096] -> device [64, 4096, 64] in LX = 16777216 elems x 2B = 33554432 B  (hbm counted: 0 B)
IO     input  buf1                   torch [4096, 4096] -> device [64, 4096, 64] in LX = 16777216 elems x 2B = 33554432 B  (hbm counted: 0 B)
IO   op sum_1 [reduction]
IO     output op3                    torch [4096, 1] -> device [1, 4096, 64] in LX = 262144 elems x 2B = 524288 B  (hbm counted: 0 B)
IO     input  buf2                   torch [4096, 4096] -> device [64, 4096, 64] in LX = 16777216 elems x 2B = 33554432 B  (hbm counted: 0 B)
IO   op div
IO     output op4                    torch [16384, 4096] -> device [16384, 4096] in HBM = 67108864 elems x 2B = 134217728 B  (hbm counted: 134217728 B)
IO     input  buf2                   torch [4096, 4096] -> device [64, 4096, 64] in LX = 16777216 elems x 2B = 33554432 B  (hbm counted: 0 B)
IO     input  buf3                   torch [4096, 1] -> device [1, 4096, 64] in LX = 262144 elems x 2B = 524288 B  (hbm counted: 0 B) broadcast (loaded once)
IO   => HBM I/O total = 402653184 B  (lx 169869312 B, ~free)
MODEL -- estimate (turnaround): T = [(R+W)/BW_PEAK + a*min(R,W)] / eff_underfill --
MODEL   R=134217728 B (read)   W=134217728 B (write)   loop_trip L=4
MODEL   base = (R+W)/150 = 1789.57 us
MODEL   turn = a*min(R,W) = 0.00574*134217728 = 770.41 us
MODEL   eff_underfill = min(0.95,(128.0/13)**0.68) = 0.950 -> (base+turn)/eff = 2694.72 us
MODEL   => T_model = 2694.72 us
MODEL FEATS [{"name":"amax","is_reduction":true,"out_elems":262144,"cores":32,"dtype_bytes":2,"args":[{"name":"op0","role":"output","mem":"lx","elems":262144,"broadcast":false,"dims":[1,4096,64],"logical":[4096,1],"loop_factor":1},{"name":"arg0_1","role":"input","mem":"hbm","elems":67108864,"broadcast":false,"dims":[64,16384,64],"logical":[16384,4096],"loop_factor":1}],"reduction_cores":1,"loop_trip":4,"tiles_output_dim":true,"tile_rows_per_core":128.0,"is_matmul":false,"matmul_macs":0,"matmul_rows_per_core":0.0,"matmul_cols_per_core":0.0,"matmul_a_bytes":0,"matmul_b_bytes":0,"hbm_pattern":""},{"name":"sub","is_reduction":false,"out_elems":16777216,"cores":32,"dtype_bytes":2,"args":[{"name":"op1","role":"output","mem":"lx","elems":16777216,"broadcast":false,"dims":[64,4096,64],"logical":[4096,4096],"loop_factor":1},{"name":"arg0_1","role":"input","mem":"hbm","elems":67108864,"broadcast":false,"dims":[64,16384,64],"logical":[16384,4096],"loop_factor":1},{"name":"buf0","role":"input","mem":"lx","elems":262144,"broadcast":true,"dims":[1,4096,64],"logical":[4096,1],"loop_factor":1}],"reduction_cores":1,"loop_trip":4,"tiles_output_dim":true,"tile_rows_per_core":128.0,"is_matmul":false,"matmul_macs":0,"matmul_rows_per_core":0.0,"matmul_cols_per_core":0.0,"matmul_a_bytes":0,"matmul_b_bytes":0,"hbm_pattern":""},{"name":"exp","is_reduction":false,"out_elems":16777216,"cores":32,"dtype_bytes":2,"args":[{"name":"op2","role":"output","mem":"lx","elems":16777216,"broadcast":false,"dims":[64,4096,64],"logical":[4096,4096],"loop_factor":1},{"name":"buf1","role":"input","mem":"lx","elems":16777216,"broadcast":false,"dims":[64,4096,64],"logical":[4096,4096],"loop_factor":1}],"reduction_cores":1,"loop_trip":4,"tiles_output_dim":true,"tile_rows_per_core":128.0,"is_matmul":false,"matmul_macs":0,"matmul_rows_per_core":0.0,"matmul_cols_per_core":0.0,"matmul_a_bytes":0,"matmul_b_bytes":0,"hbm_pattern":""},{"name":"sum_1","is_reduction":true,"out_elems":262144,"cores":32,"dtype_bytes":2,"args":[{"name":"op3","role":"output","mem":"lx","elems":262144,"broadcast":false,"dims":[1,4096,64],"logical":[4096,1],"loop_factor":1},{"name":"buf2","role":"input","mem":"lx","elems":16777216,"broadcast":false,"dims":[64,4096,64],"logical":[4096,4096],"loop_factor":1}],"reduction_cores":1,"loop_trip":4,"tiles_output_dim":true,"tile_rows_per_core":128.0,"is_matmul":false,"matmul_macs":0,"matmul_rows_per_core":0.0,"matmul_cols_per_core":0.0,"matmul_a_bytes":0,"matmul_b_bytes":0,"hbm_pattern":""},{"name":"div","is_reduction":false,"out_elems":67108864,"cores":32,"dtype_bytes":2,"args":[{"name":"op4","role":"output","mem":"hbm","elems":67108864,"broadcast":false,"dims":[16384,4096],"logical":[16384,4096],"loop_factor":1},{"name":"buf2","role":"input","mem":"lx","elems":16777216,"broadcast":false,"dims":[64,4096,64],"logical":[4096,4096],"loop_factor":1},{"name":"buf3","role":"input","mem":"lx","elems":262144,"broadcast":true,"dims":[1,4096,64],"logical":[4096,1],"loop_factor":1}],"reduction_cores":1,"loop_trip":4,"tiles_output_dim":true,"tile_rows_per_core":128,"is_matmul":false,"matmul_macs":0,"matmul_rows_per_core":0.0,"matmul_cols_per_core":0.0,"matmul_a_bytes":0,"matmul_b_bytes":0,"hbm_pattern":""}]
SUMMARY op=softmax_row_tiling rows=16384 cols=4096 cores=32 tiles=4 lx=1 io_hbm_bytes=402653184 kernel_us=3132.846 pred_us=2694.715 err_pct=-14.0 bw_gbps=128.5 memset_us=2405.024 other_dev_us=16023.510 total_dev_us=21561.380
-- softmax_row_tiling [16384,4096] tiles=8 lx=1
  op_it_space_splits={d0: 32, d1: 1}
  op_it_space_splits={d0: 32, d1: 1}
  op_it_space_splits={d0: 32, d1: 1}
  op_it_space_splits={d0: 32, d1: 1}
  op_it_space_splits={d0: 32, d1: 1}
  op_it_space_splits={d0: 32, d1: 1}
  op_it_space_splits={d0: 32, d1: 1}
  op_it_space_splits={d0: 32, d1: 1}
  op_it_space_splits={d0: 32, d1: 1}
  op_it_space_splits={d0: 32, d1: 1}
  op_it_space_splits={d0: 32, d1: 1}
  op_it_space_splits={d0: 32, d1: 1}
  op_it_space_splits={d0: 32, d1: 1}
  op_it_space_splits={d0: 32, d1: 1}
  op_it_space_splits={d0: 32, d1: 1}
  op_it_space_splits={d0: 32, d1: 1}
  op_it_space_splits={d0: 32, d1: 1}
  op_it_space_splits={d0: 32, d1: 1}
  op_it_space_splits={d0: 32, d1: 1}
  op_it_space_splits={d0: 32, d1: 1}
  op_it_space_splits={d0: 32, d1: 1}
  op_it_space_splits={d0: 32, d1: 1}
  op_it_space_splits={d0: 32, d1: 1}
  op_it_space_splits={d0: 32, d1: 1}
  op_it_space_splits={d0: 32, d1: 1}
  op_it_space_splits={d0: 32, d1: 1}
  op_it_space_splits={d0: 32, d1: 1}
  op_it_space_splits={d0: 32, d1: 1}
  op_it_space_splits={d0: 32, d1: 1}
  op_it_space_splits={d0: 32, d1: 1}
IO -- device-layout I/O (cost model, stick-padded) --
IO   op amax [reduction]
IO     output op0                    torch [2048, 1] -> device [1, 2048, 64] in LX = 131072 elems x 2B = 262144 B  (hbm counted: 0 B)
IO     input  arg0_1                 torch [16384, 4096] -> device [64, 16384, 64] in HBM = 67108864 elems x 2B = 134217728 B  (hbm counted: 134217728 B)
IO   op sub
IO     output op1                    torch [2048, 4096] -> device [64, 2048, 64] in LX = 8388608 elems x 2B = 16777216 B  (hbm counted: 0 B)
IO     input  arg0_1                 torch [16384, 4096] -> device [64, 16384, 64] in HBM = 67108864 elems x 2B = 134217728 B  (hbm counted: 134217728 B)
IO     input  buf0                   torch [2048, 1] -> device [1, 2048, 64] in LX = 131072 elems x 2B = 262144 B  (hbm counted: 0 B) broadcast (loaded once)
IO   op exp
IO     output op2                    torch [2048, 4096] -> device [64, 2048, 64] in LX = 8388608 elems x 2B = 16777216 B  (hbm counted: 0 B)
IO     input  buf1                   torch [2048, 4096] -> device [64, 2048, 64] in LX = 8388608 elems x 2B = 16777216 B  (hbm counted: 0 B)
IO   op sum_1 [reduction]
IO     output op3                    torch [2048, 1] -> device [1, 2048, 64] in LX = 131072 elems x 2B = 262144 B  (hbm counted: 0 B)
IO     input  buf2                   torch [2048, 4096] -> device [64, 2048, 64] in LX = 8388608 elems x 2B = 16777216 B  (hbm counted: 0 B)
IO   op div
IO     output op4                    torch [16384, 4096] -> device [16384, 4096] in HBM = 67108864 elems x 2B = 134217728 B  (hbm counted: 134217728 B)
IO     input  buf2                   torch [2048, 4096] -> device [64, 2048, 64] in LX = 8388608 elems x 2B = 16777216 B  (hbm counted: 0 B)
IO     input  buf3                   torch [2048, 1] -> device [1, 2048, 64] in LX = 131072 elems x 2B = 262144 B  (hbm counted: 0 B) broadcast (loaded once)
IO   => HBM I/O total = 402653184 B  (lx 84934656 B, ~free)
MODEL -- estimate (turnaround): T = [(R+W)/BW_PEAK + a*min(R,W)] / eff_underfill --
MODEL   R=134217728 B (read)   W=134217728 B (write)   loop_trip L=8
MODEL   base = (R+W)/150 = 1789.57 us
MODEL   turn = a*min(R,W) = 0.00574*134217728 = 770.41 us
MODEL   eff_underfill = min(0.95,(64.0/13)**0.68) = 0.950 -> (base+turn)/eff = 2694.72 us
MODEL   => T_model = 2694.72 us
MODEL FEATS [{"name":"amax","is_reduction":true,"out_elems":131072,"cores":32,"dtype_bytes":2,"args":[{"name":"op0","role":"output","mem":"lx","elems":131072,"broadcast":false,"dims":[1,2048,64],"logical":[2048,1],"loop_factor":1},{"name":"arg0_1","role":"input","mem":"hbm","elems":67108864,"broadcast":false,"dims":[64,16384,64],"logical":[16384,4096],"loop_factor":1}],"reduction_cores":1,"loop_trip":8,"tiles_output_dim":true,"tile_rows_per_core":64.0,"is_matmul":false,"matmul_macs":0,"matmul_rows_per_core":0.0,"matmul_cols_per_core":0.0,"matmul_a_bytes":0,"matmul_b_bytes":0,"hbm_pattern":""},{"name":"sub","is_reduction":false,"out_elems":8388608,"cores":32,"dtype_bytes":2,"args":[{"name":"op1","role":"output","mem":"lx","elems":8388608,"broadcast":false,"dims":[64,2048,64],"logical":[2048,4096],"loop_factor":1},{"name":"arg0_1","role":"input","mem":"hbm","elems":67108864,"broadcast":false,"dims":[64,16384,64],"logical":[16384,4096],"loop_factor":1},{"name":"buf0","role":"input","mem":"lx","elems":131072,"broadcast":true,"dims":[1,2048,64],"logical":[2048,1],"loop_factor":1}],"reduction_cores":1,"loop_trip":8,"tiles_output_dim":true,"tile_rows_per_core":64.0,"is_matmul":false,"matmul_macs":0,"matmul_rows_per_core":0.0,"matmul_cols_per_core":0.0,"matmul_a_bytes":0,"matmul_b_bytes":0,"hbm_pattern":""},{"name":"exp","is_reduction":false,"out_elems":8388608,"cores":32,"dtype_bytes":2,"args":[{"name":"op2","role":"output","mem":"lx","elems":8388608,"broadcast":false,"dims":[64,2048,64],"logical":[2048,4096],"loop_factor":1},{"name":"buf1","role":"input","mem":"lx","elems":8388608,"broadcast":false,"dims":[64,2048,64],"logical":[2048,4096],"loop_factor":1}],"reduction_cores":1,"loop_trip":8,"tiles_output_dim":true,"tile_rows_per_core":64.0,"is_matmul":false,"matmul_macs":0,"matmul_rows_per_core":0.0,"matmul_cols_per_core":0.0,"matmul_a_bytes":0,"matmul_b_bytes":0,"hbm_pattern":""},{"name":"sum_1","is_reduction":true,"out_elems":131072,"cores":32,"dtype_bytes":2,"args":[{"name":"op3","role":"output","mem":"lx","elems":131072,"broadcast":false,"dims":[1,2048,64],"logical":[2048,1],"loop_factor":1},{"name":"buf2","role":"input","mem":"lx","elems":8388608,"broadcast":false,"dims":[64,2048,64],"logical":[2048,4096],"loop_factor":1}],"reduction_cores":1,"loop_trip":8,"tiles_output_dim":true,"tile_rows_per_core":64.0,"is_matmul":false,"matmul_macs":0,"matmul_rows_per_core":0.0,"matmul_cols_per_core":0.0,"matmul_a_bytes":0,"matmul_b_bytes":0,"hbm_pattern":""},{"name":"div","is_reduction":false,"out_elems":67108864,"cores":32,"dtype_bytes":2,"args":[{"name":"op4","role":"output","mem":"hbm","elems":67108864,"broadcast":false,"dims":[16384,4096],"logical":[16384,4096],"loop_factor":1},{"name":"buf2","role":"input","mem":"lx","elems":8388608,"broadcast":false,"dims":[64,2048,64],"logical":[2048,4096],"loop_factor":1},{"name":"buf3","role":"input","mem":"lx","elems":131072,"broadcast":true,"dims":[1,2048,64],"logical":[2048,1],"loop_factor":1}],"reduction_cores":1,"loop_trip":8,"tiles_output_dim":true,"tile_rows_per_core":64,"is_matmul":false,"matmul_macs":0,"matmul_rows_per_core":0.0,"matmul_cols_per_core":0.0,"matmul_a_bytes":0,"matmul_b_bytes":0,"hbm_pattern":""}]
SUMMARY op=softmax_row_tiling rows=16384 cols=4096 cores=32 tiles=8 lx=1 io_hbm_bytes=402653184 kernel_us=2851.430 pred_us=2694.715 err_pct=-5.5 bw_gbps=141.2 memset_us=2472.749 other_dev_us=15598.639 total_dev_us=20922.818
-- softmax_row_tiling [16384,4096] tiles=16 lx=1
  op_it_space_splits={d0: 32, d1: 1}
  op_it_space_splits={d0: 32, d1: 1}
  op_it_space_splits={d0: 32, d1: 1}
  op_it_space_splits={d0: 32, d1: 1}
  op_it_space_splits={d0: 32, d1: 1}
  op_it_space_splits={d0: 32, d1: 1}
  op_it_space_splits={d0: 32, d1: 1}
  op_it_space_splits={d0: 32, d1: 1}
  op_it_space_splits={d0: 32, d1: 1}
  op_it_space_splits={d0: 32, d1: 1}
  op_it_space_splits={d0: 32, d1: 1}
  op_it_space_splits={d0: 32, d1: 1}
  op_it_space_splits={d0: 32, d1: 1}
  op_it_space_splits={d0: 32, d1: 1}
  op_it_space_splits={d0: 32, d1: 1}
  op_it_space_splits={d0: 32, d1: 1}
  op_it_space_splits={d0: 32, d1: 1}
  op_it_space_splits={d0: 32, d1: 1}
  op_it_space_splits={d0: 32, d1: 1}
  op_it_space_splits={d0: 32, d1: 1}
  op_it_space_splits={d0: 32, d1: 1}
  op_it_space_splits={d0: 32, d1: 1}
  op_it_space_splits={d0: 32, d1: 1}
  op_it_space_splits={d0: 32, d1: 1}
  op_it_space_splits={d0: 32, d1: 1}
  op_it_space_splits={d0: 32, d1: 1}
  op_it_space_splits={d0: 32, d1: 1}
  op_it_space_splits={d0: 32, d1: 1}
  op_it_space_splits={d0: 32, d1: 1}
  op_it_space_splits={d0: 32, d1: 1}
IO -- device-layout I/O (cost model, stick-padded) --
IO   op amax [reduction]
IO     output op0                    torch [1024, 1] -> device [1, 1024, 64] in LX = 65536 elems x 2B = 131072 B  (hbm counted: 0 B)
IO     input  arg0_1                 torch [16384, 4096] -> device [64, 16384, 64] in HBM = 67108864 elems x 2B = 134217728 B  (hbm counted: 134217728 B)
IO   op sub
IO     output op1                    torch [1024, 4096] -> device [64, 1024, 64] in LX = 4194304 elems x 2B = 8388608 B  (hbm counted: 0 B)
IO     input  arg0_1                 torch [16384, 4096] -> device [64, 16384, 64] in HBM = 67108864 elems x 2B = 134217728 B  (hbm counted: 134217728 B)
IO     input  buf0                   torch [1024, 1] -> device [1, 1024, 64] in LX = 65536 elems x 2B = 131072 B  (hbm counted: 0 B) broadcast (loaded once)
IO   op exp
IO     output op2                    torch [1024, 4096] -> device [64, 1024, 64] in LX = 4194304 elems x 2B = 8388608 B  (hbm counted: 0 B)
IO     input  buf1                   torch [1024, 4096] -> device [64, 1024, 64] in LX = 4194304 elems x 2B = 8388608 B  (hbm counted: 0 B)
IO   op sum_1 [reduction]
IO     output op3                    torch [1024, 1] -> device [1, 1024, 64] in LX = 65536 elems x 2B = 131072 B  (hbm counted: 0 B)
IO     input  buf2                   torch [1024, 4096] -> device [64, 1024, 64] in LX = 4194304 elems x 2B = 8388608 B  (hbm counted: 0 B)
IO   op div
IO     output op4                    torch [16384, 4096] -> device [16384, 4096] in HBM = 67108864 elems x 2B = 134217728 B  (hbm counted: 134217728 B)
IO     input  buf2                   torch [1024, 4096] -> device [64, 1024, 64] in LX = 4194304 elems x 2B = 8388608 B  (hbm counted: 0 B)
IO     input  buf3                   torch [1024, 1] -> device [1, 1024, 64] in LX = 65536 elems x 2B = 131072 B  (hbm counted: 0 B) broadcast (loaded once)
IO   => HBM I/O total = 402653184 B  (lx 42467328 B, ~free)
MODEL -- estimate (turnaround): T = [(R+W)/BW_PEAK + a*min(R,W)] / eff_underfill --
MODEL   R=134217728 B (read)   W=134217728 B (write)   loop_trip L=16
MODEL   base = (R+W)/150 = 1789.57 us
MODEL   turn = a*min(R,W) = 0.00574*134217728 = 770.41 us
MODEL   eff_underfill = min(0.95,(32.0/13)**0.68) = 0.950 -> (base+turn)/eff = 2694.72 us
MODEL   => T_model = 2694.72 us
MODEL FEATS [{"name":"amax","is_reduction":true,"out_elems":65536,"cores":32,"dtype_bytes":2,"args":[{"name":"op0","role":"output","mem":"lx","elems":65536,"broadcast":false,"dims":[1,1024,64],"logical":[1024,1],"loop_factor":1},{"name":"arg0_1","role":"input","mem":"hbm","elems":67108864,"broadcast":false,"dims":[64,16384,64],"logical":[16384,4096],"loop_factor":1}],"reduction_cores":1,"loop_trip":16,"tiles_output_dim":true,"tile_rows_per_core":32.0,"is_matmul":false,"matmul_macs":0,"matmul_rows_per_core":0.0,"matmul_cols_per_core":0.0,"matmul_a_bytes":0,"matmul_b_bytes":0,"hbm_pattern":""},{"name":"sub","is_reduction":false,"out_elems":4194304,"cores":32,"dtype_bytes":2,"args":[{"name":"op1","role":"output","mem":"lx","elems":4194304,"broadcast":false,"dims":[64,1024,64],"logical":[1024,4096],"loop_factor":1},{"name":"arg0_1","role":"input","mem":"hbm","elems":67108864,"broadcast":false,"dims":[64,16384,64],"logical":[16384,4096],"loop_factor":1},{"name":"buf0","role":"input","mem":"lx","elems":65536,"broadcast":true,"dims":[1,1024,64],"logical":[1024,1],"loop_factor":1}],"reduction_cores":1,"loop_trip":16,"tiles_output_dim":true,"tile_rows_per_core":32.0,"is_matmul":false,"matmul_macs":0,"matmul_rows_per_core":0.0,"matmul_cols_per_core":0.0,"matmul_a_bytes":0,"matmul_b_bytes":0,"hbm_pattern":""},{"name":"exp","is_reduction":false,"out_elems":4194304,"cores":32,"dtype_bytes":2,"args":[{"name":"op2","role":"output","mem":"lx","elems":4194304,"broadcast":false,"dims":[64,1024,64],"logical":[1024,4096],"loop_factor":1},{"name":"buf1","role":"input","mem":"lx","elems":4194304,"broadcast":false,"dims":[64,1024,64],"logical":[1024,4096],"loop_factor":1}],"reduction_cores":1,"loop_trip":16,"tiles_output_dim":true,"tile_rows_per_core":32.0,"is_matmul":false,"matmul_macs":0,"matmul_rows_per_core":0.0,"matmul_cols_per_core":0.0,"matmul_a_bytes":0,"matmul_b_bytes":0,"hbm_pattern":""},{"name":"sum_1","is_reduction":true,"out_elems":65536,"cores":32,"dtype_bytes":2,"args":[{"name":"op3","role":"output","mem":"lx","elems":65536,"broadcast":false,"dims":[1,1024,64],"logical":[1024,1],"loop_factor":1},{"name":"buf2","role":"input","mem":"lx","elems":4194304,"broadcast":false,"dims":[64,1024,64],"logical":[1024,4096],"loop_factor":1}],"reduction_cores":1,"loop_trip":16,"tiles_output_dim":true,"tile_rows_per_core":32.0,"is_matmul":false,"matmul_macs":0,"matmul_rows_per_core":0.0,"matmul_cols_per_core":0.0,"matmul_a_bytes":0,"matmul_b_bytes":0,"hbm_pattern":""},{"name":"div","is_reduction":false,"out_elems":67108864,"cores":32,"dtype_bytes":2,"args":[{"name":"op4","role":"output","mem":"hbm","elems":67108864,"broadcast":false,"dims":[16384,4096],"logical":[16384,4096],"loop_factor":1},{"name":"buf2","role":"input","mem":"lx","elems":4194304,"broadcast":false,"dims":[64,1024,64],"logical":[1024,4096],"loop_factor":1},{"name":"buf3","role":"input","mem":"lx","elems":65536,"broadcast":true,"dims":[1,1024,64],"logical":[1024,1],"loop_factor":1}],"reduction_cores":1,"loop_trip":16,"tiles_output_dim":true,"tile_rows_per_core":32,"is_matmul":false,"matmul_macs":0,"matmul_rows_per_core":0.0,"matmul_cols_per_core":0.0,"matmul_a_bytes":0,"matmul_b_bytes":0,"hbm_pattern":""}]
SUMMARY op=softmax_row_tiling rows=16384 cols=4096 cores=32 tiles=16 lx=1 io_hbm_bytes=402653184 kernel_us=2653.725 pred_us=2694.715 err_pct=+1.5 bw_gbps=151.7 memset_us=2558.945 other_dev_us=14921.110 total_dev_us=20133.780
-- softmax_row_tiling [16384,2048] tiles=4 lx=1
  op_it_space_splits={d0: 32, d1: 1}
  op_it_space_splits={d0: 32, d1: 1}
  op_it_space_splits={d0: 32, d1: 1}
  op_it_space_splits={d0: 32, d1: 1}
  op_it_space_splits={d0: 32, d1: 1}
  op_it_space_splits={d0: 32, d1: 1}
  op_it_space_splits={d0: 32, d1: 1}
  op_it_space_splits={d0: 32, d1: 1}
  op_it_space_splits={d0: 32, d1: 1}
  op_it_space_splits={d0: 32, d1: 1}
  op_it_space_splits={d0: 32, d1: 1}
  op_it_space_splits={d0: 32, d1: 1}
  op_it_space_splits={d0: 32, d1: 1}
  op_it_space_splits={d0: 32, d1: 1}
  op_it_space_splits={d0: 32, d1: 1}
  op_it_space_splits={d0: 32, d1: 1}
  op_it_space_splits={d0: 32, d1: 1}
  op_it_space_splits={d0: 32, d1: 1}
  op_it_space_splits={d0: 32, d1: 1}
  op_it_space_splits={d0: 32, d1: 1}
  op_it_space_splits={d0: 32, d1: 1}
  op_it_space_splits={d0: 32, d1: 1}
  op_it_space_splits={d0: 32, d1: 1}
  op_it_space_splits={d0: 32, d1: 1}
  op_it_space_splits={d0: 32, d1: 1}
  op_it_space_splits={d0: 32, d1: 1}
  op_it_space_splits={d0: 32, d1: 1}
  op_it_space_splits={d0: 32, d1: 1}
  op_it_space_splits={d0: 32, d1: 1}
  op_it_space_splits={d0: 32, d1: 1}
IO -- device-layout I/O (cost model, stick-padded) --
IO   op amax [reduction]
IO     output op0                    torch [4096, 1] -> device [1, 4096, 64] in LX = 262144 elems x 2B = 524288 B  (hbm counted: 0 B)
IO     input  arg0_1                 torch [16384, 2048] -> device [32, 16384, 64] in HBM = 33554432 elems x 2B = 67108864 B  (hbm counted: 67108864 B)
IO   op sub
IO     output op1                    torch [4096, 2048] -> device [32, 4096, 64] in LX = 8388608 elems x 2B = 16777216 B  (hbm counted: 0 B)
IO     input  arg0_1                 torch [16384, 2048] -> device [32, 16384, 64] in HBM = 33554432 elems x 2B = 67108864 B  (hbm counted: 67108864 B)
IO     input  buf0                   torch [4096, 1] -> device [1, 4096, 64] in LX = 262144 elems x 2B = 524288 B  (hbm counted: 0 B) broadcast (loaded once)
IO   op exp
IO     output op2                    torch [4096, 2048] -> device [32, 4096, 64] in LX = 8388608 elems x 2B = 16777216 B  (hbm counted: 0 B)
IO     input  buf1                   torch [4096, 2048] -> device [32, 4096, 64] in LX = 8388608 elems x 2B = 16777216 B  (hbm counted: 0 B)
IO   op sum_1 [reduction]
IO     output op3                    torch [4096, 1] -> device [1, 4096, 64] in LX = 262144 elems x 2B = 524288 B  (hbm counted: 0 B)
IO     input  buf2                   torch [4096, 2048] -> device [32, 4096, 64] in LX = 8388608 elems x 2B = 16777216 B  (hbm counted: 0 B)
IO   op div
IO     output op4                    torch [16384, 2048] -> device [16384, 2048] in HBM = 33554432 elems x 2B = 67108864 B  (hbm counted: 67108864 B)
IO     input  buf2                   torch [4096, 2048] -> device [32, 4096, 64] in LX = 8388608 elems x 2B = 16777216 B  (hbm counted: 0 B)
IO     input  buf3                   torch [4096, 1] -> device [1, 4096, 64] in LX = 262144 elems x 2B = 524288 B  (hbm counted: 0 B) broadcast (loaded once)
IO   => HBM I/O total = 201326592 B  (lx 85983232 B, ~free)
MODEL -- estimate (turnaround): T = [(R+W)/BW_PEAK + a*min(R,W)] / eff_underfill --
MODEL   R=67108864 B (read)   W=67108864 B (write)   loop_trip L=4
MODEL   base = (R+W)/150 = 894.78 us
MODEL   turn = a*min(R,W) = 0.00574*67108864 = 385.20 us
MODEL   eff_underfill = min(0.95,(128.0/13)**0.68) = 0.950 -> (base+turn)/eff = 1347.36 us
MODEL   => T_model = 1347.36 us
MODEL FEATS [{"name":"amax","is_reduction":true,"out_elems":262144,"cores":32,"dtype_bytes":2,"args":[{"name":"op0","role":"output","mem":"lx","elems":262144,"broadcast":false,"dims":[1,4096,64],"logical":[4096,1],"loop_factor":1},{"name":"arg0_1","role":"input","mem":"hbm","elems":33554432,"broadcast":false,"dims":[32,16384,64],"logical":[16384,2048],"loop_factor":1}],"reduction_cores":1,"loop_trip":4,"tiles_output_dim":true,"tile_rows_per_core":128.0,"is_matmul":false,"matmul_macs":0,"matmul_rows_per_core":0.0,"matmul_cols_per_core":0.0,"matmul_a_bytes":0,"matmul_b_bytes":0,"hbm_pattern":""},{"name":"sub","is_reduction":false,"out_elems":8388608,"cores":32,"dtype_bytes":2,"args":[{"name":"op1","role":"output","mem":"lx","elems":8388608,"broadcast":false,"dims":[32,4096,64],"logical":[4096,2048],"loop_factor":1},{"name":"arg0_1","role":"input","mem":"hbm","elems":33554432,"broadcast":false,"dims":[32,16384,64],"logical":[16384,2048],"loop_factor":1},{"name":"buf0","role":"input","mem":"lx","elems":262144,"broadcast":true,"dims":[1,4096,64],"logical":[4096,1],"loop_factor":1}],"reduction_cores":1,"loop_trip":4,"tiles_output_dim":true,"tile_rows_per_core":128.0,"is_matmul":false,"matmul_macs":0,"matmul_rows_per_core":0.0,"matmul_cols_per_core":0.0,"matmul_a_bytes":0,"matmul_b_bytes":0,"hbm_pattern":""},{"name":"exp","is_reduction":false,"out_elems":8388608,"cores":32,"dtype_bytes":2,"args":[{"name":"op2","role":"output","mem":"lx","elems":8388608,"broadcast":false,"dims":[32,4096,64],"logical":[4096,2048],"loop_factor":1},{"name":"buf1","role":"input","mem":"lx","elems":8388608,"broadcast":false,"dims":[32,4096,64],"logical":[4096,2048],"loop_factor":1}],"reduction_cores":1,"loop_trip":4,"tiles_output_dim":true,"tile_rows_per_core":128.0,"is_matmul":false,"matmul_macs":0,"matmul_rows_per_core":0.0,"matmul_cols_per_core":0.0,"matmul_a_bytes":0,"matmul_b_bytes":0,"hbm_pattern":""},{"name":"sum_1","is_reduction":true,"out_elems":262144,"cores":32,"dtype_bytes":2,"args":[{"name":"op3","role":"output","mem":"lx","elems":262144,"broadcast":false,"dims":[1,4096,64],"logical":[4096,1],"loop_factor":1},{"name":"buf2","role":"input","mem":"lx","elems":8388608,"broadcast":false,"dims":[32,4096,64],"logical":[4096,2048],"loop_factor":1}],"reduction_cores":1,"loop_trip":4,"tiles_output_dim":true,"tile_rows_per_core":128.0,"is_matmul":false,"matmul_macs":0,"matmul_rows_per_core":0.0,"matmul_cols_per_core":0.0,"matmul_a_bytes":0,"matmul_b_bytes":0,"hbm_pattern":""},{"name":"div","is_reduction":false,"out_elems":33554432,"cores":32,"dtype_bytes":2,"args":[{"name":"op4","role":"output","mem":"hbm","elems":33554432,"broadcast":false,"dims":[16384,2048],"logical":[16384,2048],"loop_factor":1},{"name":"buf2","role":"input","mem":"lx","elems":8388608,"broadcast":false,"dims":[32,4096,64],"logical":[4096,2048],"loop_factor":1},{"name":"buf3","role":"input","mem":"lx","elems":262144,"broadcast":true,"dims":[1,4096,64],"logical":[4096,1],"loop_factor":1}],"reduction_cores":1,"loop_trip":4,"tiles_output_dim":true,"tile_rows_per_core":128,"is_matmul":false,"matmul_macs":0,"matmul_rows_per_core":0.0,"matmul_cols_per_core":0.0,"matmul_a_bytes":0,"matmul_b_bytes":0,"hbm_pattern":""}]
SUMMARY op=softmax_row_tiling rows=16384 cols=2048 cores=32 tiles=4 lx=1 io_hbm_bytes=201326592 kernel_us=1549.193 pred_us=1347.358 err_pct=-13.0 bw_gbps=130.0 memset_us=1162.991 other_dev_us=5867.533 total_dev_us=8579.717
-- softmax_row_tiling [16384,2048] tiles=8 lx=1
  op_it_space_splits={d0: 32, d1: 1}
  op_it_space_splits={d0: 32, d1: 1}
  op_it_space_splits={d0: 32, d1: 1}
  op_it_space_splits={d0: 32, d1: 1}
  op_it_space_splits={d0: 32, d1: 1}
  op_it_space_splits={d0: 32, d1: 1}
  op_it_space_splits={d0: 32, d1: 1}
  op_it_space_splits={d0: 32, d1: 1}
  op_it_space_splits={d0: 32, d1: 1}
  op_it_space_splits={d0: 32, d1: 1}
  op_it_space_splits={d0: 32, d1: 1}
  op_it_space_splits={d0: 32, d1: 1}
  op_it_space_splits={d0: 32, d1: 1}
  op_it_space_splits={d0: 32, d1: 1}
  op_it_space_splits={d0: 32, d1: 1}
  op_it_space_splits={d0: 32, d1: 1}
  op_it_space_splits={d0: 32, d1: 1}
  op_it_space_splits={d0: 32, d1: 1}
  op_it_space_splits={d0: 32, d1: 1}
  op_it_space_splits={d0: 32, d1: 1}
  op_it_space_splits={d0: 32, d1: 1}
  op_it_space_splits={d0: 32, d1: 1}
  op_it_space_splits={d0: 32, d1: 1}
  op_it_space_splits={d0: 32, d1: 1}
  op_it_space_splits={d0: 32, d1: 1}
  op_it_space_splits={d0: 32, d1: 1}
  op_it_space_splits={d0: 32, d1: 1}
  op_it_space_splits={d0: 32, d1: 1}
  op_it_space_splits={d0: 32, d1: 1}
  op_it_space_splits={d0: 32, d1: 1}
IO -- device-layout I/O (cost model, stick-padded) --
IO   op amax [reduction]
IO     output op0                    torch [2048, 1] -> device [1, 2048, 64] in LX = 131072 elems x 2B = 262144 B  (hbm counted: 0 B)
IO     input  arg0_1                 torch [16384, 2048] -> device [32, 16384, 64] in HBM = 33554432 elems x 2B = 67108864 B  (hbm counted: 67108864 B)
IO   op sub
IO     output op1                    torch [2048, 2048] -> device [32, 2048, 64] in LX = 4194304 elems x 2B = 8388608 B  (hbm counted: 0 B)
IO     input  arg0_1                 torch [16384, 2048] -> device [32, 16384, 64] in HBM = 33554432 elems x 2B = 67108864 B  (hbm counted: 67108864 B)
IO     input  buf0                   torch [2048, 1] -> device [1, 2048, 64] in LX = 131072 elems x 2B = 262144 B  (hbm counted: 0 B) broadcast (loaded once)
IO   op exp
IO     output op2                    torch [2048, 2048] -> device [32, 2048, 64] in LX = 4194304 elems x 2B = 8388608 B  (hbm counted: 0 B)
IO     input  buf1                   torch [2048, 2048] -> device [32, 2048, 64] in LX = 4194304 elems x 2B = 8388608 B  (hbm counted: 0 B)
IO   op sum_1 [reduction]
IO     output op3                    torch [2048, 1] -> device [1, 2048, 64] in LX = 131072 elems x 2B = 262144 B  (hbm counted: 0 B)
IO     input  buf2                   torch [2048, 2048] -> device [32, 2048, 64] in LX = 4194304 elems x 2B = 8388608 B  (hbm counted: 0 B)
IO   op div
IO     output op4                    torch [16384, 2048] -> device [16384, 2048] in HBM = 33554432 elems x 2B = 67108864 B  (hbm counted: 67108864 B)
IO     input  buf2                   torch [2048, 2048] -> device [32, 2048, 64] in LX = 4194304 elems x 2B = 8388608 B  (hbm counted: 0 B)
IO     input  buf3                   torch [2048, 1] -> device [1, 2048, 64] in LX = 131072 elems x 2B = 262144 B  (hbm counted: 0 B) broadcast (loaded once)
IO   => HBM I/O total = 201326592 B  (lx 42991616 B, ~free)
MODEL -- estimate (turnaround): T = [(R+W)/BW_PEAK + a*min(R,W)] / eff_underfill --
MODEL   R=67108864 B (read)   W=67108864 B (write)   loop_trip L=8
MODEL   base = (R+W)/150 = 894.78 us
MODEL   turn = a*min(R,W) = 0.00574*67108864 = 385.20 us
MODEL   eff_underfill = min(0.95,(64.0/13)**0.68) = 0.950 -> (base+turn)/eff = 1347.36 us
MODEL   => T_model = 1347.36 us
MODEL FEATS [{"name":"amax","is_reduction":true,"out_elems":131072,"cores":32,"dtype_bytes":2,"args":[{"name":"op0","role":"output","mem":"lx","elems":131072,"broadcast":false,"dims":[1,2048,64],"logical":[2048,1],"loop_factor":1},{"name":"arg0_1","role":"input","mem":"hbm","elems":33554432,"broadcast":false,"dims":[32,16384,64],"logical":[16384,2048],"loop_factor":1}],"reduction_cores":1,"loop_trip":8,"tiles_output_dim":true,"tile_rows_per_core":64.0,"is_matmul":false,"matmul_macs":0,"matmul_rows_per_core":0.0,"matmul_cols_per_core":0.0,"matmul_a_bytes":0,"matmul_b_bytes":0,"hbm_pattern":""},{"name":"sub","is_reduction":false,"out_elems":4194304,"cores":32,"dtype_bytes":2,"args":[{"name":"op1","role":"output","mem":"lx","elems":4194304,"broadcast":false,"dims":[32,2048,64],"logical":[2048,2048],"loop_factor":1},{"name":"arg0_1","role":"input","mem":"hbm","elems":33554432,"broadcast":false,"dims":[32,16384,64],"logical":[16384,2048],"loop_factor":1},{"name":"buf0","role":"input","mem":"lx","elems":131072,"broadcast":true,"dims":[1,2048,64],"logical":[2048,1],"loop_factor":1}],"reduction_cores":1,"loop_trip":8,"tiles_output_dim":true,"tile_rows_per_core":64.0,"is_matmul":false,"matmul_macs":0,"matmul_rows_per_core":0.0,"matmul_cols_per_core":0.0,"matmul_a_bytes":0,"matmul_b_bytes":0,"hbm_pattern":""},{"name":"exp","is_reduction":false,"out_elems":4194304,"cores":32,"dtype_bytes":2,"args":[{"name":"op2","role":"output","mem":"lx","elems":4194304,"broadcast":false,"dims":[32,2048,64],"logical":[2048,2048],"loop_factor":1},{"name":"buf1","role":"input","mem":"lx","elems":4194304,"broadcast":false,"dims":[32,2048,64],"logical":[2048,2048],"loop_factor":1}],"reduction_cores":1,"loop_trip":8,"tiles_output_dim":true,"tile_rows_per_core":64.0,"is_matmul":false,"matmul_macs":0,"matmul_rows_per_core":0.0,"matmul_cols_per_core":0.0,"matmul_a_bytes":0,"matmul_b_bytes":0,"hbm_pattern":""},{"name":"sum_1","is_reduction":true,"out_elems":131072,"cores":32,"dtype_bytes":2,"args":[{"name":"op3","role":"output","mem":"lx","elems":131072,"broadcast":false,"dims":[1,2048,64],"logical":[2048,1],"loop_factor":1},{"name":"buf2","role":"input","mem":"lx","elems":4194304,"broadcast":false,"dims":[32,2048,64],"logical":[2048,2048],"loop_factor":1}],"reduction_cores":1,"loop_trip":8,"tiles_output_dim":true,"tile_rows_per_core":64.0,"is_matmul":false,"matmul_macs":0,"matmul_rows_per_core":0.0,"matmul_cols_per_core":0.0,"matmul_a_bytes":0,"matmul_b_bytes":0,"hbm_pattern":""},{"name":"div","is_reduction":false,"out_elems":33554432,"cores":32,"dtype_bytes":2,"args":[{"name":"op4","role":"output","mem":"hbm","elems":33554432,"broadcast":false,"dims":[16384,2048],"logical":[16384,2048],"loop_factor":1},{"name":"buf2","role":"input","mem":"lx","elems":4194304,"broadcast":false,"dims":[32,2048,64],"logical":[2048,2048],"loop_factor":1},{"name":"buf3","role":"input","mem":"lx","elems":131072,"broadcast":true,"dims":[1,2048,64],"logical":[2048,1],"loop_factor":1}],"reduction_cores":1,"loop_trip":8,"tiles_output_dim":true,"tile_rows_per_core":64,"is_matmul":false,"matmul_macs":0,"matmul_rows_per_core":0.0,"matmul_cols_per_core":0.0,"matmul_a_bytes":0,"matmul_b_bytes":0,"hbm_pattern":""}]
SUMMARY op=softmax_row_tiling rows=16384 cols=2048 cores=32 tiles=8 lx=1 io_hbm_bytes=201326592 kernel_us=1442.220 pred_us=1347.358 err_pct=-6.6 bw_gbps=139.6 memset_us=1138.528 other_dev_us=6077.047 total_dev_us=8657.795
-- softmax_row_tiling [16384,2048] tiles=16 lx=1
  op_it_space_splits={d0: 32, d1: 1}
  op_it_space_splits={d0: 32, d1: 1}
  op_it_space_splits={d0: 32, d1: 1}
  op_it_space_splits={d0: 32, d1: 1}
  op_it_space_splits={d0: 32, d1: 1}
  op_it_space_splits={d0: 32, d1: 1}
  op_it_space_splits={d0: 32, d1: 1}
  op_it_space_splits={d0: 32, d1: 1}
  op_it_space_splits={d0: 32, d1: 1}
  op_it_space_splits={d0: 32, d1: 1}
  op_it_space_splits={d0: 32, d1: 1}
  op_it_space_splits={d0: 32, d1: 1}
  op_it_space_splits={d0: 32, d1: 1}
  op_it_space_splits={d0: 32, d1: 1}
  op_it_space_splits={d0: 32, d1: 1}
  op_it_space_splits={d0: 32, d1: 1}
  op_it_space_splits={d0: 32, d1: 1}
  op_it_space_splits={d0: 32, d1: 1}
  op_it_space_splits={d0: 32, d1: 1}
  op_it_space_splits={d0: 32, d1: 1}
  op_it_space_splits={d0: 32, d1: 1}
  op_it_space_splits={d0: 32, d1: 1}
  op_it_space_splits={d0: 32, d1: 1}
  op_it_space_splits={d0: 32, d1: 1}
  op_it_space_splits={d0: 32, d1: 1}
  op_it_space_splits={d0: 32, d1: 1}
  op_it_space_splits={d0: 32, d1: 1}
  op_it_space_splits={d0: 32, d1: 1}
  op_it_space_splits={d0: 32, d1: 1}
  op_it_space_splits={d0: 32, d1: 1}
IO -- device-layout I/O (cost model, stick-padded) --
IO   op amax [reduction]
IO     output op0                    torch [1024, 1] -> device [1, 1024, 64] in LX = 65536 elems x 2B = 131072 B  (hbm counted: 0 B)
IO     input  arg0_1                 torch [16384, 2048] -> device [32, 16384, 64] in HBM = 33554432 elems x 2B = 67108864 B  (hbm counted: 67108864 B)
IO   op sub
IO     output op1                    torch [1024, 2048] -> device [32, 1024, 64] in LX = 2097152 elems x 2B = 4194304 B  (hbm counted: 0 B)
IO     input  arg0_1                 torch [16384, 2048] -> device [32, 16384, 64] in HBM = 33554432 elems x 2B = 67108864 B  (hbm counted: 67108864 B)
IO     input  buf0                   torch [1024, 1] -> device [1, 1024, 64] in LX = 65536 elems x 2B = 131072 B  (hbm counted: 0 B) broadcast (loaded once)
IO   op exp
IO     output op2                    torch [1024, 2048] -> device [32, 1024, 64] in LX = 2097152 elems x 2B = 4194304 B  (hbm counted: 0 B)
IO     input  buf1                   torch [1024, 2048] -> device [32, 1024, 64] in LX = 2097152 elems x 2B = 4194304 B  (hbm counted: 0 B)
IO   op sum_1 [reduction]
IO     output op3                    torch [1024, 1] -> device [1, 1024, 64] in LX = 65536 elems x 2B = 131072 B  (hbm counted: 0 B)
IO     input  buf2                   torch [1024, 2048] -> device [32, 1024, 64] in LX = 2097152 elems x 2B = 4194304 B  (hbm counted: 0 B)
IO   op div
IO     output op4                    torch [16384, 2048] -> device [16384, 2048] in HBM = 33554432 elems x 2B = 67108864 B  (hbm counted: 67108864 B)
IO     input  buf2                   torch [1024, 2048] -> device [32, 1024, 64] in LX = 2097152 elems x 2B = 4194304 B  (hbm counted: 0 B)
IO     input  buf3                   torch [1024, 1] -> device [1, 1024, 64] in LX = 65536 elems x 2B = 131072 B  (hbm counted: 0 B) broadcast (loaded once)
IO   => HBM I/O total = 201326592 B  (lx 21495808 B, ~free)
MODEL -- estimate (turnaround): T = [(R+W)/BW_PEAK + a*min(R,W)] / eff_underfill --
MODEL   R=67108864 B (read)   W=67108864 B (write)   loop_trip L=16
MODEL   base = (R+W)/150 = 894.78 us
MODEL   turn = a*min(R,W) = 0.00574*67108864 = 385.20 us
MODEL   eff_underfill = min(0.95,(32.0/13)**0.68) = 0.950 -> (base+turn)/eff = 1347.36 us
MODEL   => T_model = 1347.36 us
MODEL FEATS [{"name":"amax","is_reduction":true,"out_elems":65536,"cores":32,"dtype_bytes":2,"args":[{"name":"op0","role":"output","mem":"lx","elems":65536,"broadcast":false,"dims":[1,1024,64],"logical":[1024,1],"loop_factor":1},{"name":"arg0_1","role":"input","mem":"hbm","elems":33554432,"broadcast":false,"dims":[32,16384,64],"logical":[16384,2048],"loop_factor":1}],"reduction_cores":1,"loop_trip":16,"tiles_output_dim":true,"tile_rows_per_core":32.0,"is_matmul":false,"matmul_macs":0,"matmul_rows_per_core":0.0,"matmul_cols_per_core":0.0,"matmul_a_bytes":0,"matmul_b_bytes":0,"hbm_pattern":""},{"name":"sub","is_reduction":false,"out_elems":2097152,"cores":32,"dtype_bytes":2,"args":[{"name":"op1","role":"output","mem":"lx","elems":2097152,"broadcast":false,"dims":[32,1024,64],"logical":[1024,2048],"loop_factor":1},{"name":"arg0_1","role":"input","mem":"hbm","elems":33554432,"broadcast":false,"dims":[32,16384,64],"logical":[16384,2048],"loop_factor":1},{"name":"buf0","role":"input","mem":"lx","elems":65536,"broadcast":true,"dims":[1,1024,64],"logical":[1024,1],"loop_factor":1}],"reduction_cores":1,"loop_trip":16,"tiles_output_dim":true,"tile_rows_per_core":32.0,"is_matmul":false,"matmul_macs":0,"matmul_rows_per_core":0.0,"matmul_cols_per_core":0.0,"matmul_a_bytes":0,"matmul_b_bytes":0,"hbm_pattern":""},{"name":"exp","is_reduction":false,"out_elems":2097152,"cores":32,"dtype_bytes":2,"args":[{"name":"op2","role":"output","mem":"lx","elems":2097152,"broadcast":false,"dims":[32,1024,64],"logical":[1024,2048],"loop_factor":1},{"name":"buf1","role":"input","mem":"lx","elems":2097152,"broadcast":false,"dims":[32,1024,64],"logical":[1024,2048],"loop_factor":1}],"reduction_cores":1,"loop_trip":16,"tiles_output_dim":true,"tile_rows_per_core":32.0,"is_matmul":false,"matmul_macs":0,"matmul_rows_per_core":0.0,"matmul_cols_per_core":0.0,"matmul_a_bytes":0,"matmul_b_bytes":0,"hbm_pattern":""},{"name":"sum_1","is_reduction":true,"out_elems":65536,"cores":32,"dtype_bytes":2,"args":[{"name":"op3","role":"output","mem":"lx","elems":65536,"broadcast":false,"dims":[1,1024,64],"logical":[1024,1],"loop_factor":1},{"name":"buf2","role":"input","mem":"lx","elems":2097152,"broadcast":false,"dims":[32,1024,64],"logical":[1024,2048],"loop_factor":1}],"reduction_cores":1,"loop_trip":16,"tiles_output_dim":true,"tile_rows_per_core":32.0,"is_matmul":false,"matmul_macs":0,"matmul_rows_per_core":0.0,"matmul_cols_per_core":0.0,"matmul_a_bytes":0,"matmul_b_bytes":0,"hbm_pattern":""},{"name":"div","is_reduction":false,"out_elems":33554432,"cores":32,"dtype_bytes":2,"args":[{"name":"op4","role":"output","mem":"hbm","elems":33554432,"broadcast":false,"dims":[16384,2048],"logical":[16384,2048],"loop_factor":1},{"name":"buf2","role":"input","mem":"lx","elems":2097152,"broadcast":false,"dims":[32,1024,64],"logical":[1024,2048],"loop_factor":1},{"name":"buf3","role":"input","mem":"lx","elems":65536,"broadcast":true,"dims":[1,1024,64],"logical":[1024,1],"loop_factor":1}],"reduction_cores":1,"loop_trip":16,"tiles_output_dim":true,"tile_rows_per_core":32,"is_matmul":false,"matmul_macs":0,"matmul_rows_per_core":0.0,"matmul_cols_per_core":0.0,"matmul_a_bytes":0,"matmul_b_bytes":0,"hbm_pattern":""}]
SUMMARY op=softmax_row_tiling rows=16384 cols=2048 cores=32 tiles=16 lx=1 io_hbm_bytes=201326592 kernel_us=1343.387 pred_us=1347.358 err_pct=+0.3 bw_gbps=149.9 memset_us=1090.740 other_dev_us=6418.281 total_dev_us=8852.408
-- softmax_row_tiling [8192,2048] tiles=2 lx=1
  op_it_space_splits={d0: 32, d1: 1}
  op_it_space_splits={d0: 32, d1: 1}
  op_it_space_splits={d0: 32, d1: 1}
  op_it_space_splits={d0: 32, d1: 1}
  op_it_space_splits={d0: 32, d1: 1}
  op_it_space_splits={d0: 32, d1: 1}
  op_it_space_splits={d0: 32, d1: 1}
  op_it_space_splits={d0: 32, d1: 1}
  op_it_space_splits={d0: 32, d1: 1}
  op_it_space_splits={d0: 32, d1: 1}
  op_it_space_splits={d0: 32, d1: 1}
  op_it_space_splits={d0: 32, d1: 1}
  op_it_space_splits={d0: 32, d1: 1}
  op_it_space_splits={d0: 32, d1: 1}
  op_it_space_splits={d0: 32, d1: 1}
  op_it_space_splits={d0: 32, d1: 1}
  op_it_space_splits={d0: 32, d1: 1}
  op_it_space_splits={d0: 32, d1: 1}
  op_it_space_splits={d0: 32, d1: 1}
  op_it_space_splits={d0: 32, d1: 1}
  op_it_space_splits={d0: 32, d1: 1}
  op_it_space_splits={d0: 32, d1: 1}
  op_it_space_splits={d0: 32, d1: 1}
  op_it_space_splits={d0: 32, d1: 1}
  op_it_space_splits={d0: 32, d1: 1}
  op_it_space_splits={d0: 32, d1: 1}
  op_it_space_splits={d0: 32, d1: 1}
  op_it_space_splits={d0: 32, d1: 1}
  op_it_space_splits={d0: 32, d1: 1}
  op_it_space_splits={d0: 32, d1: 1}
IO -- device-layout I/O (cost model, stick-padded) --
IO   op amax [reduction]
IO     output op0                    torch [4096, 1] -> device [1, 4096, 64] in LX = 262144 elems x 2B = 524288 B  (hbm counted: 0 B)
IO     input  arg0_1                 torch [8192, 2048] -> device [32, 8192, 64] in HBM = 16777216 elems x 2B = 33554432 B  (hbm counted: 33554432 B)
IO   op sub
IO     output op1                    torch [4096, 2048] -> device [32, 4096, 64] in LX = 8388608 elems x 2B = 16777216 B  (hbm counted: 0 B)
IO     input  arg0_1                 torch [8192, 2048] -> device [32, 8192, 64] in HBM = 16777216 elems x 2B = 33554432 B  (hbm counted: 33554432 B)
IO     input  buf0                   torch [4096, 1] -> device [1, 4096, 64] in LX = 262144 elems x 2B = 524288 B  (hbm counted: 0 B) broadcast (loaded once)
IO   op exp
IO     output op2                    torch [4096, 2048] -> device [32, 4096, 64] in LX = 8388608 elems x 2B = 16777216 B  (hbm counted: 0 B)
IO     input  buf1                   torch [4096, 2048] -> device [32, 4096, 64] in LX = 8388608 elems x 2B = 16777216 B  (hbm counted: 0 B)
IO   op sum_1 [reduction]
IO     output op3                    torch [4096, 1] -> device [1, 4096, 64] in LX = 262144 elems x 2B = 524288 B  (hbm counted: 0 B)
IO     input  buf2                   torch [4096, 2048] -> device [32, 4096, 64] in LX = 8388608 elems x 2B = 16777216 B  (hbm counted: 0 B)
IO   op div
IO     output op4                    torch [8192, 2048] -> device [8192, 2048] in HBM = 16777216 elems x 2B = 33554432 B  (hbm counted: 33554432 B)
IO     input  buf2                   torch [4096, 2048] -> device [32, 4096, 64] in LX = 8388608 elems x 2B = 16777216 B  (hbm counted: 0 B)
IO     input  buf3                   torch [4096, 1] -> device [1, 4096, 64] in LX = 262144 elems x 2B = 524288 B  (hbm counted: 0 B) broadcast (loaded once)
IO   => HBM I/O total = 100663296 B  (lx 85983232 B, ~free)
MODEL -- estimate (turnaround): T = [(R+W)/BW_PEAK + a*min(R,W)] / eff_underfill --
MODEL   R=33554432 B (read)   W=33554432 B (write)   loop_trip L=2
MODEL   base = (R+W)/150 = 447.39 us
MODEL   turn = a*min(R,W) = 0.00574*33554432 = 192.60 us
MODEL   eff_underfill = min(0.95,(128.0/13)**0.68) = 0.950 -> (base+turn)/eff = 673.68 us
MODEL   => T_model = 673.68 us
MODEL FEATS [{"name":"amax","is_reduction":true,"out_elems":262144,"cores":32,"dtype_bytes":2,"args":[{"name":"op0","role":"output","mem":"lx","elems":262144,"broadcast":false,"dims":[1,4096,64],"logical":[4096,1],"loop_factor":1},{"name":"arg0_1","role":"input","mem":"hbm","elems":16777216,"broadcast":false,"dims":[32,8192,64],"logical":[8192,2048],"loop_factor":1}],"reduction_cores":1,"loop_trip":2,"tiles_output_dim":true,"tile_rows_per_core":128.0,"is_matmul":false,"matmul_macs":0,"matmul_rows_per_core":0.0,"matmul_cols_per_core":0.0,"matmul_a_bytes":0,"matmul_b_bytes":0,"hbm_pattern":""},{"name":"sub","is_reduction":false,"out_elems":8388608,"cores":32,"dtype_bytes":2,"args":[{"name":"op1","role":"output","mem":"lx","elems":8388608,"broadcast":false,"dims":[32,4096,64],"logical":[4096,2048],"loop_factor":1},{"name":"arg0_1","role":"input","mem":"hbm","elems":16777216,"broadcast":false,"dims":[32,8192,64],"logical":[8192,2048],"loop_factor":1},{"name":"buf0","role":"input","mem":"lx","elems":262144,"broadcast":true,"dims":[1,4096,64],"logical":[4096,1],"loop_factor":1}],"reduction_cores":1,"loop_trip":2,"tiles_output_dim":true,"tile_rows_per_core":128.0,"is_matmul":false,"matmul_macs":0,"matmul_rows_per_core":0.0,"matmul_cols_per_core":0.0,"matmul_a_bytes":0,"matmul_b_bytes":0,"hbm_pattern":""},{"name":"exp","is_reduction":false,"out_elems":8388608,"cores":32,"dtype_bytes":2,"args":[{"name":"op2","role":"output","mem":"lx","elems":8388608,"broadcast":false,"dims":[32,4096,64],"logical":[4096,2048],"loop_factor":1},{"name":"buf1","role":"input","mem":"lx","elems":8388608,"broadcast":false,"dims":[32,4096,64],"logical":[4096,2048],"loop_factor":1}],"reduction_cores":1,"loop_trip":2,"tiles_output_dim":true,"tile_rows_per_core":128.0,"is_matmul":false,"matmul_macs":0,"matmul_rows_per_core":0.0,"matmul_cols_per_core":0.0,"matmul_a_bytes":0,"matmul_b_bytes":0,"hbm_pattern":""},{"name":"sum_1","is_reduction":true,"out_elems":262144,"cores":32,"dtype_bytes":2,"args":[{"name":"op3","role":"output","mem":"lx","elems":262144,"broadcast":false,"dims":[1,4096,64],"logical":[4096,1],"loop_factor":1},{"name":"buf2","role":"input","mem":"lx","elems":8388608,"broadcast":false,"dims":[32,4096,64],"logical":[4096,2048],"loop_factor":1}],"reduction_cores":1,"loop_trip":2,"tiles_output_dim":true,"tile_rows_per_core":128.0,"is_matmul":false,"matmul_macs":0,"matmul_rows_per_core":0.0,"matmul_cols_per_core":0.0,"matmul_a_bytes":0,"matmul_b_bytes":0,"hbm_pattern":""},{"name":"div","is_reduction":false,"out_elems":16777216,"cores":32,"dtype_bytes":2,"args":[{"name":"op4","role":"output","mem":"hbm","elems":16777216,"broadcast":false,"dims":[8192,2048],"logical":[8192,2048],"loop_factor":1},{"name":"buf2","role":"input","mem":"lx","elems":8388608,"broadcast":false,"dims":[32,4096,64],"logical":[4096,2048],"loop_factor":1},{"name":"buf3","role":"input","mem":"lx","elems":262144,"broadcast":true,"dims":[1,4096,64],"logical":[4096,1],"loop_factor":1}],"reduction_cores":1,"loop_trip":2,"tiles_output_dim":true,"tile_rows_per_core":128,"is_matmul":false,"matmul_macs":0,"matmul_rows_per_core":0.0,"matmul_cols_per_core":0.0,"matmul_a_bytes":0,"matmul_b_bytes":0,"hbm_pattern":""}]
SUMMARY op=softmax_row_tiling rows=8192 cols=2048 cores=32 tiles=2 lx=1 io_hbm_bytes=100663296 kernel_us=761.551 pred_us=673.679 err_pct=-11.5 bw_gbps=132.2 memset_us=537.011 other_dev_us=2405.773 total_dev_us=3704.335
-- softmax_row_tiling [8192,2048] tiles=4 lx=1
  op_it_space_splits={d0: 32, d1: 1}
  op_it_space_splits={d0: 32, d1: 1}
  op_it_space_splits={d0: 32, d1: 1}
  op_it_space_splits={d0: 32, d1: 1}
  op_it_space_splits={d0: 32, d1: 1}
  op_it_space_splits={d0: 32, d1: 1}
  op_it_space_splits={d0: 32, d1: 1}
  op_it_space_splits={d0: 32, d1: 1}
  op_it_space_splits={d0: 32, d1: 1}
  op_it_space_splits={d0: 32, d1: 1}
  op_it_space_splits={d0: 32, d1: 1}
  op_it_space_splits={d0: 32, d1: 1}
  op_it_space_splits={d0: 32, d1: 1}
  op_it_space_splits={d0: 32, d1: 1}
  op_it_space_splits={d0: 32, d1: 1}
  op_it_space_splits={d0: 32, d1: 1}
  op_it_space_splits={d0: 32, d1: 1}
  op_it_space_splits={d0: 32, d1: 1}
  op_it_space_splits={d0: 32, d1: 1}
  op_it_space_splits={d0: 32, d1: 1}
  op_it_space_splits={d0: 32, d1: 1}
  op_it_space_splits={d0: 32, d1: 1}
  op_it_space_splits={d0: 32, d1: 1}
  op_it_space_splits={d0: 32, d1: 1}
  op_it_space_splits={d0: 32, d1: 1}
  op_it_space_splits={d0: 32, d1: 1}
  op_it_space_splits={d0: 32, d1: 1}
  op_it_space_splits={d0: 32, d1: 1}
  op_it_space_splits={d0: 32, d1: 1}
  op_it_space_splits={d0: 32, d1: 1}
IO -- device-layout I/O (cost model, stick-padded) --
IO   op amax [reduction]
IO     output op0                    torch [2048, 1] -> device [1, 2048, 64] in LX = 131072 elems x 2B = 262144 B  (hbm counted: 0 B)
IO     input  arg0_1                 torch [8192, 2048] -> device [32, 8192, 64] in HBM = 16777216 elems x 2B = 33554432 B  (hbm counted: 33554432 B)
IO   op sub
IO     output op1                    torch [2048, 2048] -> device [32, 2048, 64] in LX = 4194304 elems x 2B = 8388608 B  (hbm counted: 0 B)
IO     input  arg0_1                 torch [8192, 2048] -> device [32, 8192, 64] in HBM = 16777216 elems x 2B = 33554432 B  (hbm counted: 33554432 B)
IO     input  buf0                   torch [2048, 1] -> device [1, 2048, 64] in LX = 131072 elems x 2B = 262144 B  (hbm counted: 0 B) broadcast (loaded once)
IO   op exp
IO     output op2                    torch [2048, 2048] -> device [32, 2048, 64] in LX = 4194304 elems x 2B = 8388608 B  (hbm counted: 0 B)
IO     input  buf1                   torch [2048, 2048] -> device [32, 2048, 64] in LX = 4194304 elems x 2B = 8388608 B  (hbm counted: 0 B)
IO   op sum_1 [reduction]
IO     output op3                    torch [2048, 1] -> device [1, 2048, 64] in LX = 131072 elems x 2B = 262144 B  (hbm counted: 0 B)
IO     input  buf2                   torch [2048, 2048] -> device [32, 2048, 64] in LX = 4194304 elems x 2B = 8388608 B  (hbm counted: 0 B)
IO   op div
IO     output op4                    torch [8192, 2048] -> device [8192, 2048] in HBM = 16777216 elems x 2B = 33554432 B  (hbm counted: 33554432 B)
IO     input  buf2                   torch [2048, 2048] -> device [32, 2048, 64] in LX = 4194304 elems x 2B = 8388608 B  (hbm counted: 0 B)
IO     input  buf3                   torch [2048, 1] -> device [1, 2048, 64] in LX = 131072 elems x 2B = 262144 B  (hbm counted: 0 B) broadcast (loaded once)
IO   => HBM I/O total = 100663296 B  (lx 42991616 B, ~free)
MODEL -- estimate (turnaround): T = [(R+W)/BW_PEAK + a*min(R,W)] / eff_underfill --
MODEL   R=33554432 B (read)   W=33554432 B (write)   loop_trip L=4
MODEL   base = (R+W)/150 = 447.39 us
MODEL   turn = a*min(R,W) = 0.00574*33554432 = 192.60 us
MODEL   eff_underfill = min(0.95,(64.0/13)**0.68) = 0.950 -> (base+turn)/eff = 673.68 us
MODEL   => T_model = 673.68 us
MODEL FEATS [{"name":"amax","is_reduction":true,"out_elems":131072,"cores":32,"dtype_bytes":2,"args":[{"name":"op0","role":"output","mem":"lx","elems":131072,"broadcast":false,"dims":[1,2048,64],"logical":[2048,1],"loop_factor":1},{"name":"arg0_1","role":"input","mem":"hbm","elems":16777216,"broadcast":false,"dims":[32,8192,64],"logical":[8192,2048],"loop_factor":1}],"reduction_cores":1,"loop_trip":4,"tiles_output_dim":true,"tile_rows_per_core":64.0,"is_matmul":false,"matmul_macs":0,"matmul_rows_per_core":0.0,"matmul_cols_per_core":0.0,"matmul_a_bytes":0,"matmul_b_bytes":0,"hbm_pattern":""},{"name":"sub","is_reduction":false,"out_elems":4194304,"cores":32,"dtype_bytes":2,"args":[{"name":"op1","role":"output","mem":"lx","elems":4194304,"broadcast":false,"dims":[32,2048,64],"logical":[2048,2048],"loop_factor":1},{"name":"arg0_1","role":"input","mem":"hbm","elems":16777216,"broadcast":false,"dims":[32,8192,64],"logical":[8192,2048],"loop_factor":1},{"name":"buf0","role":"input","mem":"lx","elems":131072,"broadcast":true,"dims":[1,2048,64],"logical":[2048,1],"loop_factor":1}],"reduction_cores":1,"loop_trip":4,"tiles_output_dim":true,"tile_rows_per_core":64.0,"is_matmul":false,"matmul_macs":0,"matmul_rows_per_core":0.0,"matmul_cols_per_core":0.0,"matmul_a_bytes":0,"matmul_b_bytes":0,"hbm_pattern":""},{"name":"exp","is_reduction":false,"out_elems":4194304,"cores":32,"dtype_bytes":2,"args":[{"name":"op2","role":"output","mem":"lx","elems":4194304,"broadcast":false,"dims":[32,2048,64],"logical":[2048,2048],"loop_factor":1},{"name":"buf1","role":"input","mem":"lx","elems":4194304,"broadcast":false,"dims":[32,2048,64],"logical":[2048,2048],"loop_factor":1}],"reduction_cores":1,"loop_trip":4,"tiles_output_dim":true,"tile_rows_per_core":64.0,"is_matmul":false,"matmul_macs":0,"matmul_rows_per_core":0.0,"matmul_cols_per_core":0.0,"matmul_a_bytes":0,"matmul_b_bytes":0,"hbm_pattern":""},{"name":"sum_1","is_reduction":true,"out_elems":131072,"cores":32,"dtype_bytes":2,"args":[{"name":"op3","role":"output","mem":"lx","elems":131072,"broadcast":false,"dims":[1,2048,64],"logical":[2048,1],"loop_factor":1},{"name":"buf2","role":"input","mem":"lx","elems":4194304,"broadcast":false,"dims":[32,2048,64],"logical":[2048,2048],"loop_factor":1}],"reduction_cores":1,"loop_trip":4,"tiles_output_dim":true,"tile_rows_per_core":64.0,"is_matmul":false,"matmul_macs":0,"matmul_rows_per_core":0.0,"matmul_cols_per_core":0.0,"matmul_a_bytes":0,"matmul_b_bytes":0,"hbm_pattern":""},{"name":"div","is_reduction":false,"out_elems":16777216,"cores":32,"dtype_bytes":2,"args":[{"name":"op4","role":"output","mem":"hbm","elems":16777216,"broadcast":false,"dims":[8192,2048],"logical":[8192,2048],"loop_factor":1},{"name":"buf2","role":"input","mem":"lx","elems":4194304,"broadcast":false,"dims":[32,2048,64],"logical":[2048,2048],"loop_factor":1},{"name":"buf3","role":"input","mem":"lx","elems":131072,"broadcast":true,"dims":[1,2048,64],"logical":[2048,1],"loop_factor":1}],"reduction_cores":1,"loop_trip":4,"tiles_output_dim":true,"tile_rows_per_core":64,"is_matmul":false,"matmul_macs":0,"matmul_rows_per_core":0.0,"matmul_cols_per_core":0.0,"matmul_a_bytes":0,"matmul_b_bytes":0,"hbm_pattern":""}]
SUMMARY op=softmax_row_tiling rows=8192 cols=2048 cores=32 tiles=4 lx=1 io_hbm_bytes=100663296 kernel_us=731.827 pred_us=673.679 err_pct=-7.9 bw_gbps=137.6 memset_us=462.959 other_dev_us=2406.332 total_dev_us=3601.118
-- softmax_row_tiling [8192,2048] tiles=8 lx=1
  op_it_space_splits={d0: 32, d1: 1}
  op_it_space_splits={d0: 32, d1: 1}
  op_it_space_splits={d0: 32, d1: 1}
  op_it_space_splits={d0: 32, d1: 1}
  op_it_space_splits={d0: 32, d1: 1}
  op_it_space_splits={d0: 32, d1: 1}
  op_it_space_splits={d0: 32, d1: 1}
  op_it_space_splits={d0: 32, d1: 1}
  op_it_space_splits={d0: 32, d1: 1}
  op_it_space_splits={d0: 32, d1: 1}
  op_it_space_splits={d0: 32, d1: 1}
  op_it_space_splits={d0: 32, d1: 1}
  op_it_space_splits={d0: 32, d1: 1}
  op_it_space_splits={d0: 32, d1: 1}
  op_it_space_splits={d0: 32, d1: 1}
  op_it_space_splits={d0: 32, d1: 1}
  op_it_space_splits={d0: 32, d1: 1}
  op_it_space_splits={d0: 32, d1: 1}
  op_it_space_splits={d0: 32, d1: 1}
  op_it_space_splits={d0: 32, d1: 1}
  op_it_space_splits={d0: 32, d1: 1}
  op_it_space_splits={d0: 32, d1: 1}
  op_it_space_splits={d0: 32, d1: 1}
  op_it_space_splits={d0: 32, d1: 1}
  op_it_space_splits={d0: 32, d1: 1}
  op_it_space_splits={d0: 32, d1: 1}
  op_it_space_splits={d0: 32, d1: 1}
  op_it_space_splits={d0: 32, d1: 1}
  op_it_space_splits={d0: 32, d1: 1}
  op_it_space_splits={d0: 32, d1: 1}
IO -- device-layout I/O (cost model, stick-padded) --
IO   op amax [reduction]
IO     output op0                    torch [1024, 1] -> device [1, 1024, 64] in LX = 65536 elems x 2B = 131072 B  (hbm counted: 0 B)
IO     input  arg0_1                 torch [8192, 2048] -> device [32, 8192, 64] in HBM = 16777216 elems x 2B = 33554432 B  (hbm counted: 33554432 B)
IO   op sub
IO     output op1                    torch [1024, 2048] -> device [32, 1024, 64] in LX = 2097152 elems x 2B = 4194304 B  (hbm counted: 0 B)
IO     input  arg0_1                 torch [8192, 2048] -> device [32, 8192, 64] in HBM = 16777216 elems x 2B = 33554432 B  (hbm counted: 33554432 B)
IO     input  buf0                   torch [1024, 1] -> device [1, 1024, 64] in LX = 65536 elems x 2B = 131072 B  (hbm counted: 0 B) broadcast (loaded once)
IO   op exp
IO     output op2                    torch [1024, 2048] -> device [32, 1024, 64] in LX = 2097152 elems x 2B = 4194304 B  (hbm counted: 0 B)
IO     input  buf1                   torch [1024, 2048] -> device [32, 1024, 64] in LX = 2097152 elems x 2B = 4194304 B  (hbm counted: 0 B)
IO   op sum_1 [reduction]
IO     output op3                    torch [1024, 1] -> device [1, 1024, 64] in LX = 65536 elems x 2B = 131072 B  (hbm counted: 0 B)
IO     input  buf2                   torch [1024, 2048] -> device [32, 1024, 64] in LX = 2097152 elems x 2B = 4194304 B  (hbm counted: 0 B)
IO   op div
IO     output op4                    torch [8192, 2048] -> device [8192, 2048] in HBM = 16777216 elems x 2B = 33554432 B  (hbm counted: 33554432 B)
IO     input  buf2                   torch [1024, 2048] -> device [32, 1024, 64] in LX = 2097152 elems x 2B = 4194304 B  (hbm counted: 0 B)
IO     input  buf3                   torch [1024, 1] -> device [1, 1024, 64] in LX = 65536 elems x 2B = 131072 B  (hbm counted: 0 B) broadcast (loaded once)
IO   => HBM I/O total = 100663296 B  (lx 21495808 B, ~free)
MODEL -- estimate (turnaround): T = [(R+W)/BW_PEAK + a*min(R,W)] / eff_underfill --
MODEL   R=33554432 B (read)   W=33554432 B (write)   loop_trip L=8
MODEL   base = (R+W)/150 = 447.39 us
MODEL   turn = a*min(R,W) = 0.00574*33554432 = 192.60 us
MODEL   eff_underfill = min(0.95,(32.0/13)**0.68) = 0.950 -> (base+turn)/eff = 673.68 us
MODEL   => T_model = 673.68 us
MODEL FEATS [{"name":"amax","is_reduction":true,"out_elems":65536,"cores":32,"dtype_bytes":2,"args":[{"name":"op0","role":"output","mem":"lx","elems":65536,"broadcast":false,"dims":[1,1024,64],"logical":[1024,1],"loop_factor":1},{"name":"arg0_1","role":"input","mem":"hbm","elems":16777216,"broadcast":false,"dims":[32,8192,64],"logical":[8192,2048],"loop_factor":1}],"reduction_cores":1,"loop_trip":8,"tiles_output_dim":true,"tile_rows_per_core":32.0,"is_matmul":false,"matmul_macs":0,"matmul_rows_per_core":0.0,"matmul_cols_per_core":0.0,"matmul_a_bytes":0,"matmul_b_bytes":0,"hbm_pattern":""},{"name":"sub","is_reduction":false,"out_elems":2097152,"cores":32,"dtype_bytes":2,"args":[{"name":"op1","role":"output","mem":"lx","elems":2097152,"broadcast":false,"dims":[32,1024,64],"logical":[1024,2048],"loop_factor":1},{"name":"arg0_1","role":"input","mem":"hbm","elems":16777216,"broadcast":false,"dims":[32,8192,64],"logical":[8192,2048],"loop_factor":1},{"name":"buf0","role":"input","mem":"lx","elems":65536,"broadcast":true,"dims":[1,1024,64],"logical":[1024,1],"loop_factor":1}],"reduction_cores":1,"loop_trip":8,"tiles_output_dim":true,"tile_rows_per_core":32.0,"is_matmul":false,"matmul_macs":0,"matmul_rows_per_core":0.0,"matmul_cols_per_core":0.0,"matmul_a_bytes":0,"matmul_b_bytes":0,"hbm_pattern":""},{"name":"exp","is_reduction":false,"out_elems":2097152,"cores":32,"dtype_bytes":2,"args":[{"name":"op2","role":"output","mem":"lx","elems":2097152,"broadcast":false,"dims":[32,1024,64],"logical":[1024,2048],"loop_factor":1},{"name":"buf1","role":"input","mem":"lx","elems":2097152,"broadcast":false,"dims":[32,1024,64],"logical":[1024,2048],"loop_factor":1}],"reduction_cores":1,"loop_trip":8,"tiles_output_dim":true,"tile_rows_per_core":32.0,"is_matmul":false,"matmul_macs":0,"matmul_rows_per_core":0.0,"matmul_cols_per_core":0.0,"matmul_a_bytes":0,"matmul_b_bytes":0,"hbm_pattern":""},{"name":"sum_1","is_reduction":true,"out_elems":65536,"cores":32,"dtype_bytes":2,"args":[{"name":"op3","role":"output","mem":"lx","elems":65536,"broadcast":false,"dims":[1,1024,64],"logical":[1024,1],"loop_factor":1},{"name":"buf2","role":"input","mem":"lx","elems":2097152,"broadcast":false,"dims":[32,1024,64],"logical":[1024,2048],"loop_factor":1}],"reduction_cores":1,"loop_trip":8,"tiles_output_dim":true,"tile_rows_per_core":32.0,"is_matmul":false,"matmul_macs":0,"matmul_rows_per_core":0.0,"matmul_cols_per_core":0.0,"matmul_a_bytes":0,"matmul_b_bytes":0,"hbm_pattern":""},{"name":"div","is_reduction":false,"out_elems":16777216,"cores":32,"dtype_bytes":2,"args":[{"name":"op4","role":"output","mem":"hbm","elems":16777216,"broadcast":false,"dims":[8192,2048],"logical":[8192,2048],"loop_factor":1},{"name":"buf2","role":"input","mem":"lx","elems":2097152,"broadcast":false,"dims":[32,1024,64],"logical":[1024,2048],"loop_factor":1},{"name":"buf3","role":"input","mem":"lx","elems":65536,"broadcast":true,"dims":[1,1024,64],"logical":[1024,1],"loop_factor":1}],"reduction_cores":1,"loop_trip":8,"tiles_output_dim":true,"tile_rows_per_core":32,"is_matmul":false,"matmul_macs":0,"matmul_rows_per_core":0.0,"matmul_cols_per_core":0.0,"matmul_a_bytes":0,"matmul_b_bytes":0,"hbm_pattern":""}]
SUMMARY op=softmax_row_tiling rows=8192 cols=2048 cores=32 tiles=8 lx=1 io_hbm_bytes=100663296 kernel_us=665.504 pred_us=673.679 err_pct=+1.2 bw_gbps=151.3 memset_us=479.069 other_dev_us=2404.560 total_dev_us=3549.133
-- softmax_row_tiling [8192,2048] tiles=16 lx=1
  op_it_space_splits={d0: 32, d1: 1}
  op_it_space_splits={d0: 32, d1: 1}
  op_it_space_splits={d0: 32, d1: 1}
  op_it_space_splits={d0: 32, d1: 1}
  op_it_space_splits={d0: 32, d1: 1}
  op_it_space_splits={d0: 32, d1: 1}
  op_it_space_splits={d0: 32, d1: 1}
  op_it_space_splits={d0: 32, d1: 1}
  op_it_space_splits={d0: 32, d1: 1}
  op_it_space_splits={d0: 32, d1: 1}
  op_it_space_splits={d0: 32, d1: 1}
  op_it_space_splits={d0: 32, d1: 1}
  op_it_space_splits={d0: 32, d1: 1}
  op_it_space_splits={d0: 32, d1: 1}
  op_it_space_splits={d0: 32, d1: 1}
  op_it_space_splits={d0: 32, d1: 1}
  op_it_space_splits={d0: 32, d1: 1}
  op_it_space_splits={d0: 32, d1: 1}
  op_it_space_splits={d0: 32, d1: 1}
  op_it_space_splits={d0: 32, d1: 1}
  op_it_space_splits={d0: 32, d1: 1}
  op_it_space_splits={d0: 32, d1: 1}
  op_it_space_splits={d0: 32, d1: 1}
  op_it_space_splits={d0: 32, d1: 1}
  op_it_space_splits={d0: 32, d1: 1}
  op_it_space_splits={d0: 32, d1: 1}
  op_it_space_splits={d0: 32, d1: 1}
  op_it_space_splits={d0: 32, d1: 1}
  op_it_space_splits={d0: 32, d1: 1}
  op_it_space_splits={d0: 32, d1: 1}
IO -- device-layout I/O (cost model, stick-padded) --
IO   op amax [reduction]
IO     output op0                    torch [512, 1] -> device [1, 512, 64] in LX = 32768 elems x 2B = 65536 B  (hbm counted: 0 B)
IO     input  arg0_1                 torch [8192, 2048] -> device [32, 8192, 64] in HBM = 16777216 elems x 2B = 33554432 B  (hbm counted: 33554432 B)
IO   op sub
IO     output op1                    torch [512, 2048] -> device [32, 512, 64] in LX = 1048576 elems x 2B = 2097152 B  (hbm counted: 0 B)
IO     input  arg0_1                 torch [8192, 2048] -> device [32, 8192, 64] in HBM = 16777216 elems x 2B = 33554432 B  (hbm counted: 33554432 B)
IO     input  buf0                   torch [512, 1] -> device [1, 512, 64] in LX = 32768 elems x 2B = 65536 B  (hbm counted: 0 B) broadcast (loaded once)
IO   op exp
IO     output op2                    torch [512, 2048] -> device [32, 512, 64] in LX = 1048576 elems x 2B = 2097152 B  (hbm counted: 0 B)
IO     input  buf1                   torch [512, 2048] -> device [32, 512, 64] in LX = 1048576 elems x 2B = 2097152 B  (hbm counted: 0 B)
IO   op sum_1 [reduction]
IO     output op3                    torch [512, 1] -> device [1, 512, 64] in LX = 32768 elems x 2B = 65536 B  (hbm counted: 0 B)
IO     input  buf2                   torch [512, 2048] -> device [32, 512, 64] in LX = 1048576 elems x 2B = 2097152 B  (hbm counted: 0 B)
IO   op div
IO     output op4                    torch [8192, 2048] -> device [8192, 2048] in HBM = 16777216 elems x 2B = 33554432 B  (hbm counted: 33554432 B)
IO     input  buf2                   torch [512, 2048] -> device [32, 512, 64] in LX = 1048576 elems x 2B = 2097152 B  (hbm counted: 0 B)
IO     input  buf3                   torch [512, 1] -> device [1, 512, 64] in LX = 32768 elems x 2B = 65536 B  (hbm counted: 0 B) broadcast (loaded once)
IO   => HBM I/O total = 100663296 B  (lx 10747904 B, ~free)
MODEL -- estimate (turnaround): T = [(R+W)/BW_PEAK + a*min(R,W)] / eff_underfill --
MODEL   R=33554432 B (read)   W=33554432 B (write)   loop_trip L=16
MODEL   base = (R+W)/150 = 447.39 us
MODEL   turn = a*min(R,W) = 0.00574*33554432 = 192.60 us
MODEL   eff_underfill = min(0.95,(16.0/13)**0.68) = 0.950 -> (base+turn)/eff = 673.68 us
MODEL   => T_model = 673.68 us
MODEL FEATS [{"name":"amax","is_reduction":true,"out_elems":32768,"cores":32,"dtype_bytes":2,"args":[{"name":"op0","role":"output","mem":"lx","elems":32768,"broadcast":false,"dims":[1,512,64],"logical":[512,1],"loop_factor":1},{"name":"arg0_1","role":"input","mem":"hbm","elems":16777216,"broadcast":false,"dims":[32,8192,64],"logical":[8192,2048],"loop_factor":1}],"reduction_cores":1,"loop_trip":16,"tiles_output_dim":true,"tile_rows_per_core":16.0,"is_matmul":false,"matmul_macs":0,"matmul_rows_per_core":0.0,"matmul_cols_per_core":0.0,"matmul_a_bytes":0,"matmul_b_bytes":0,"hbm_pattern":""},{"name":"sub","is_reduction":false,"out_elems":1048576,"cores":32,"dtype_bytes":2,"args":[{"name":"op1","role":"output","mem":"lx","elems":1048576,"broadcast":false,"dims":[32,512,64],"logical":[512,2048],"loop_factor":1},{"name":"arg0_1","role":"input","mem":"hbm","elems":16777216,"broadcast":false,"dims":[32,8192,64],"logical":[8192,2048],"loop_factor":1},{"name":"buf0","role":"input","mem":"lx","elems":32768,"broadcast":true,"dims":[1,512,64],"logical":[512,1],"loop_factor":1}],"reduction_cores":1,"loop_trip":16,"tiles_output_dim":true,"tile_rows_per_core":16.0,"is_matmul":false,"matmul_macs":0,"matmul_rows_per_core":0.0,"matmul_cols_per_core":0.0,"matmul_a_bytes":0,"matmul_b_bytes":0,"hbm_pattern":""},{"name":"exp","is_reduction":false,"out_elems":1048576,"cores":32,"dtype_bytes":2,"args":[{"name":"op2","role":"output","mem":"lx","elems":1048576,"broadcast":false,"dims":[32,512,64],"logical":[512,2048],"loop_factor":1},{"name":"buf1","role":"input","mem":"lx","elems":1048576,"broadcast":false,"dims":[32,512,64],"logical":[512,2048],"loop_factor":1}],"reduction_cores":1,"loop_trip":16,"tiles_output_dim":true,"tile_rows_per_core":16.0,"is_matmul":false,"matmul_macs":0,"matmul_rows_per_core":0.0,"matmul_cols_per_core":0.0,"matmul_a_bytes":0,"matmul_b_bytes":0,"hbm_pattern":""},{"name":"sum_1","is_reduction":true,"out_elems":32768,"cores":32,"dtype_bytes":2,"args":[{"name":"op3","role":"output","mem":"lx","elems":32768,"broadcast":false,"dims":[1,512,64],"logical":[512,1],"loop_factor":1},{"name":"buf2","role":"input","mem":"lx","elems":1048576,"broadcast":false,"dims":[32,512,64],"logical":[512,2048],"loop_factor":1}],"reduction_cores":1,"loop_trip":16,"tiles_output_dim":true,"tile_rows_per_core":16.0,"is_matmul":false,"matmul_macs":0,"matmul_rows_per_core":0.0,"matmul_cols_per_core":0.0,"matmul_a_bytes":0,"matmul_b_bytes":0,"hbm_pattern":""},{"name":"div","is_reduction":false,"out_elems":16777216,"cores":32,"dtype_bytes":2,"args":[{"name":"op4","role":"output","mem":"hbm","elems":16777216,"broadcast":false,"dims":[8192,2048],"logical":[8192,2048],"loop_factor":1},{"name":"buf2","role":"input","mem":"lx","elems":1048576,"broadcast":false,"dims":[32,512,64],"logical":[512,2048],"loop_factor":1},{"name":"buf3","role":"input","mem":"lx","elems":32768,"broadcast":true,"dims":[1,512,64],"logical":[512,1],"loop_factor":1}],"reduction_cores":1,"loop_trip":16,"tiles_output_dim":true,"tile_rows_per_core":16,"is_matmul":false,"matmul_macs":0,"matmul_rows_per_core":0.0,"matmul_cols_per_core":0.0,"matmul_a_bytes":0,"matmul_b_bytes":0,"hbm_pattern":""}]
SUMMARY op=softmax_row_tiling rows=8192 cols=2048 cores=32 tiles=16 lx=1 io_hbm_bytes=100663296 kernel_us=681.116 pred_us=673.679 err_pct=-1.1 bw_gbps=147.8 memset_us=533.555 other_dev_us=2268.345 total_dev_us=3483.016
-- softmax_row_tiling [4096,4096] tiles=2 lx=1
  op_it_space_splits={d0: 32, d1: 1}
  op_it_space_splits={d0: 32, d1: 1}
  op_it_space_splits={d0: 32, d1: 1}
  op_it_space_splits={d0: 32, d1: 1}
  op_it_space_splits={d0: 32, d1: 1}
  op_it_space_splits={d0: 32, d1: 1}
  op_it_space_splits={d0: 32, d1: 1}
  op_it_space_splits={d0: 32, d1: 1}
  op_it_space_splits={d0: 32, d1: 1}
  op_it_space_splits={d0: 32, d1: 1}
  op_it_space_splits={d0: 32, d1: 1}
  op_it_space_splits={d0: 32, d1: 1}
  op_it_space_splits={d0: 32, d1: 1}
  op_it_space_splits={d0: 32, d1: 1}
  op_it_space_splits={d0: 32, d1: 1}
  op_it_space_splits={d0: 32, d1: 1}
  op_it_space_splits={d0: 32, d1: 1}
  op_it_space_splits={d0: 32, d1: 1}
  op_it_space_splits={d0: 32, d1: 1}
  op_it_space_splits={d0: 32, d1: 1}
  op_it_space_splits={d0: 32, d1: 1}
  op_it_space_splits={d0: 32, d1: 1}
  op_it_space_splits={d0: 32, d1: 1}
  op_it_space_splits={d0: 32, d1: 1}
  op_it_space_splits={d0: 32, d1: 1}
  op_it_space_splits={d0: 32, d1: 1}
  op_it_space_splits={d0: 32, d1: 1}
  op_it_space_splits={d0: 32, d1: 1}
  op_it_space_splits={d0: 32, d1: 1}
  op_it_space_splits={d0: 32, d1: 1}
IO -- device-layout I/O (cost model, stick-padded) --
IO   op amax [reduction]
IO     output op0                    torch [2048, 1] -> device [1, 2048, 64] in LX = 131072 elems x 2B = 262144 B  (hbm counted: 0 B)
IO     input  arg0_1                 torch [4096, 4096] -> device [64, 4096, 64] in HBM = 16777216 elems x 2B = 33554432 B  (hbm counted: 33554432 B)
IO   op sub
IO     output op1                    torch [2048, 4096] -> device [64, 2048, 64] in LX = 8388608 elems x 2B = 16777216 B  (hbm counted: 0 B)
IO     input  arg0_1                 torch [4096, 4096] -> device [64, 4096, 64] in HBM = 16777216 elems x 2B = 33554432 B  (hbm counted: 33554432 B)
IO     input  buf0                   torch [2048, 1] -> device [1, 2048, 64] in LX = 131072 elems x 2B = 262144 B  (hbm counted: 0 B) broadcast (loaded once)
IO   op exp
IO     output op2                    torch [2048, 4096] -> device [64, 2048, 64] in LX = 8388608 elems x 2B = 16777216 B  (hbm counted: 0 B)
IO     input  buf1                   torch [2048, 4096] -> device [64, 2048, 64] in LX = 8388608 elems x 2B = 16777216 B  (hbm counted: 0 B)
IO   op sum_1 [reduction]
IO     output op3                    torch [2048, 1] -> device [1, 2048, 64] in LX = 131072 elems x 2B = 262144 B  (hbm counted: 0 B)
IO     input  buf2                   torch [2048, 4096] -> device [64, 2048, 64] in LX = 8388608 elems x 2B = 16777216 B  (hbm counted: 0 B)
IO   op div
IO     output op4                    torch [4096, 4096] -> device [4096, 4096] in HBM = 16777216 elems x 2B = 33554432 B  (hbm counted: 33554432 B)
IO     input  buf2                   torch [2048, 4096] -> device [64, 2048, 64] in LX = 8388608 elems x 2B = 16777216 B  (hbm counted: 0 B)
IO     input  buf3                   torch [2048, 1] -> device [1, 2048, 64] in LX = 131072 elems x 2B = 262144 B  (hbm counted: 0 B) broadcast (loaded once)
IO   => HBM I/O total = 100663296 B  (lx 84934656 B, ~free)
MODEL -- estimate (turnaround): T = [(R+W)/BW_PEAK + a*min(R,W)] / eff_underfill --
MODEL   R=33554432 B (read)   W=33554432 B (write)   loop_trip L=2
MODEL   base = (R+W)/150 = 447.39 us
MODEL   turn = a*min(R,W) = 0.00574*33554432 = 192.60 us
MODEL   eff_underfill = min(0.95,(64.0/13)**0.68) = 0.950 -> (base+turn)/eff = 673.68 us
MODEL   => T_model = 673.68 us
MODEL FEATS [{"name":"amax","is_reduction":true,"out_elems":131072,"cores":32,"dtype_bytes":2,"args":[{"name":"op0","role":"output","mem":"lx","elems":131072,"broadcast":false,"dims":[1,2048,64],"logical":[2048,1],"loop_factor":1},{"name":"arg0_1","role":"input","mem":"hbm","elems":16777216,"broadcast":false,"dims":[64,4096,64],"logical":[4096,4096],"loop_factor":1}],"reduction_cores":1,"loop_trip":2,"tiles_output_dim":true,"tile_rows_per_core":64.0,"is_matmul":false,"matmul_macs":0,"matmul_rows_per_core":0.0,"matmul_cols_per_core":0.0,"matmul_a_bytes":0,"matmul_b_bytes":0,"hbm_pattern":""},{"name":"sub","is_reduction":false,"out_elems":8388608,"cores":32,"dtype_bytes":2,"args":[{"name":"op1","role":"output","mem":"lx","elems":8388608,"broadcast":false,"dims":[64,2048,64],"logical":[2048,4096],"loop_factor":1},{"name":"arg0_1","role":"input","mem":"hbm","elems":16777216,"broadcast":false,"dims":[64,4096,64],"logical":[4096,4096],"loop_factor":1},{"name":"buf0","role":"input","mem":"lx","elems":131072,"broadcast":true,"dims":[1,2048,64],"logical":[2048,1],"loop_factor":1}],"reduction_cores":1,"loop_trip":2,"tiles_output_dim":true,"tile_rows_per_core":64.0,"is_matmul":false,"matmul_macs":0,"matmul_rows_per_core":0.0,"matmul_cols_per_core":0.0,"matmul_a_bytes":0,"matmul_b_bytes":0,"hbm_pattern":""},{"name":"exp","is_reduction":false,"out_elems":8388608,"cores":32,"dtype_bytes":2,"args":[{"name":"op2","role":"output","mem":"lx","elems":8388608,"broadcast":false,"dims":[64,2048,64],"logical":[2048,4096],"loop_factor":1},{"name":"buf1","role":"input","mem":"lx","elems":8388608,"broadcast":false,"dims":[64,2048,64],"logical":[2048,4096],"loop_factor":1}],"reduction_cores":1,"loop_trip":2,"tiles_output_dim":true,"tile_rows_per_core":64.0,"is_matmul":false,"matmul_macs":0,"matmul_rows_per_core":0.0,"matmul_cols_per_core":0.0,"matmul_a_bytes":0,"matmul_b_bytes":0,"hbm_pattern":""},{"name":"sum_1","is_reduction":true,"out_elems":131072,"cores":32,"dtype_bytes":2,"args":[{"name":"op3","role":"output","mem":"lx","elems":131072,"broadcast":false,"dims":[1,2048,64],"logical":[2048,1],"loop_factor":1},{"name":"buf2","role":"input","mem":"lx","elems":8388608,"broadcast":false,"dims":[64,2048,64],"logical":[2048,4096],"loop_factor":1}],"reduction_cores":1,"loop_trip":2,"tiles_output_dim":true,"tile_rows_per_core":64.0,"is_matmul":false,"matmul_macs":0,"matmul_rows_per_core":0.0,"matmul_cols_per_core":0.0,"matmul_a_bytes":0,"matmul_b_bytes":0,"hbm_pattern":""},{"name":"div","is_reduction":false,"out_elems":16777216,"cores":32,"dtype_bytes":2,"args":[{"name":"op4","role":"output","mem":"hbm","elems":16777216,"broadcast":false,"dims":[4096,4096],"logical":[4096,4096],"loop_factor":1},{"name":"buf2","role":"input","mem":"lx","elems":8388608,"broadcast":false,"dims":[64,2048,64],"logical":[2048,4096],"loop_factor":1},{"name":"buf3","role":"input","mem":"lx","elems":131072,"broadcast":true,"dims":[1,2048,64],"logical":[2048,1],"loop_factor":1}],"reduction_cores":1,"loop_trip":2,"tiles_output_dim":true,"tile_rows_per_core":64,"is_matmul":false,"matmul_macs":0,"matmul_rows_per_core":0.0,"matmul_cols_per_core":0.0,"matmul_a_bytes":0,"matmul_b_bytes":0,"hbm_pattern":""}]
SUMMARY op=softmax_row_tiling rows=4096 cols=4096 cores=32 tiles=2 lx=1 io_hbm_bytes=100663296 kernel_us=710.836 pred_us=673.679 err_pct=-5.2 bw_gbps=141.6 memset_us=463.025 other_dev_us=2372.256 total_dev_us=3546.117
-- softmax_row_tiling [4096,4096] tiles=4 lx=1
  op_it_space_splits={d0: 32, d1: 1}
  op_it_space_splits={d0: 32, d1: 1}
  op_it_space_splits={d0: 32, d1: 1}
  op_it_space_splits={d0: 32, d1: 1}
  op_it_space_splits={d0: 32, d1: 1}
  op_it_space_splits={d0: 32, d1: 1}
  op_it_space_splits={d0: 32, d1: 1}
  op_it_space_splits={d0: 32, d1: 1}
  op_it_space_splits={d0: 32, d1: 1}
  op_it_space_splits={d0: 32, d1: 1}
  op_it_space_splits={d0: 32, d1: 1}
  op_it_space_splits={d0: 32, d1: 1}
  op_it_space_splits={d0: 32, d1: 1}
  op_it_space_splits={d0: 32, d1: 1}
  op_it_space_splits={d0: 32, d1: 1}
  op_it_space_splits={d0: 32, d1: 1}
  op_it_space_splits={d0: 32, d1: 1}
  op_it_space_splits={d0: 32, d1: 1}
  op_it_space_splits={d0: 32, d1: 1}
  op_it_space_splits={d0: 32, d1: 1}
  op_it_space_splits={d0: 32, d1: 1}
  op_it_space_splits={d0: 32, d1: 1}
  op_it_space_splits={d0: 32, d1: 1}
  op_it_space_splits={d0: 32, d1: 1}
  op_it_space_splits={d0: 32, d1: 1}
  op_it_space_splits={d0: 32, d1: 1}
  op_it_space_splits={d0: 32, d1: 1}
  op_it_space_splits={d0: 32, d1: 1}
  op_it_space_splits={d0: 32, d1: 1}
  op_it_space_splits={d0: 32, d1: 1}
IO -- device-layout I/O (cost model, stick-padded) --
IO   op amax [reduction]
IO     output op0                    torch [1024, 1] -> device [1, 1024, 64] in LX = 65536 elems x 2B = 131072 B  (hbm counted: 0 B)
IO     input  arg0_1                 torch [4096, 4096] -> device [64, 4096, 64] in HBM = 16777216 elems x 2B = 33554432 B  (hbm counted: 33554432 B)
IO   op sub
IO     output op1                    torch [1024, 4096] -> device [64, 1024, 64] in LX = 4194304 elems x 2B = 8388608 B  (hbm counted: 0 B)
IO     input  arg0_1                 torch [4096, 4096] -> device [64, 4096, 64] in HBM = 16777216 elems x 2B = 33554432 B  (hbm counted: 33554432 B)
IO     input  buf0                   torch [1024, 1] -> device [1, 1024, 64] in LX = 65536 elems x 2B = 131072 B  (hbm counted: 0 B) broadcast (loaded once)
IO   op exp
IO     output op2                    torch [1024, 4096] -> device [64, 1024, 64] in LX = 4194304 elems x 2B = 8388608 B  (hbm counted: 0 B)
IO     input  buf1                   torch [1024, 4096] -> device [64, 1024, 64] in LX = 4194304 elems x 2B = 8388608 B  (hbm counted: 0 B)
IO   op sum_1 [reduction]
IO     output op3                    torch [1024, 1] -> device [1, 1024, 64] in LX = 65536 elems x 2B = 131072 B  (hbm counted: 0 B)
IO     input  buf2                   torch [1024, 4096] -> device [64, 1024, 64] in LX = 4194304 elems x 2B = 8388608 B  (hbm counted: 0 B)
IO   op div
IO     output op4                    torch [4096, 4096] -> device [4096, 4096] in HBM = 16777216 elems x 2B = 33554432 B  (hbm counted: 33554432 B)
IO     input  buf2                   torch [1024, 4096] -> device [64, 1024, 64] in LX = 4194304 elems x 2B = 8388608 B  (hbm counted: 0 B)
IO     input  buf3                   torch [1024, 1] -> device [1, 1024, 64] in LX = 65536 elems x 2B = 131072 B  (hbm counted: 0 B) broadcast (loaded once)
IO   => HBM I/O total = 100663296 B  (lx 42467328 B, ~free)
MODEL -- estimate (turnaround): T = [(R+W)/BW_PEAK + a*min(R,W)] / eff_underfill --
MODEL   R=33554432 B (read)   W=33554432 B (write)   loop_trip L=4
MODEL   base = (R+W)/150 = 447.39 us
MODEL   turn = a*min(R,W) = 0.00574*33554432 = 192.60 us
MODEL   eff_underfill = min(0.95,(32.0/13)**0.68) = 0.950 -> (base+turn)/eff = 673.68 us
MODEL   => T_model = 673.68 us
MODEL FEATS [{"name":"amax","is_reduction":true,"out_elems":65536,"cores":32,"dtype_bytes":2,"args":[{"name":"op0","role":"output","mem":"lx","elems":65536,"broadcast":false,"dims":[1,1024,64],"logical":[1024,1],"loop_factor":1},{"name":"arg0_1","role":"input","mem":"hbm","elems":16777216,"broadcast":false,"dims":[64,4096,64],"logical":[4096,4096],"loop_factor":1}],"reduction_cores":1,"loop_trip":4,"tiles_output_dim":true,"tile_rows_per_core":32.0,"is_matmul":false,"matmul_macs":0,"matmul_rows_per_core":0.0,"matmul_cols_per_core":0.0,"matmul_a_bytes":0,"matmul_b_bytes":0,"hbm_pattern":""},{"name":"sub","is_reduction":false,"out_elems":4194304,"cores":32,"dtype_bytes":2,"args":[{"name":"op1","role":"output","mem":"lx","elems":4194304,"broadcast":false,"dims":[64,1024,64],"logical":[1024,4096],"loop_factor":1},{"name":"arg0_1","role":"input","mem":"hbm","elems":16777216,"broadcast":false,"dims":[64,4096,64],"logical":[4096,4096],"loop_factor":1},{"name":"buf0","role":"input","mem":"lx","elems":65536,"broadcast":true,"dims":[1,1024,64],"logical":[1024,1],"loop_factor":1}],"reduction_cores":1,"loop_trip":4,"tiles_output_dim":true,"tile_rows_per_core":32.0,"is_matmul":false,"matmul_macs":0,"matmul_rows_per_core":0.0,"matmul_cols_per_core":0.0,"matmul_a_bytes":0,"matmul_b_bytes":0,"hbm_pattern":""},{"name":"exp","is_reduction":false,"out_elems":4194304,"cores":32,"dtype_bytes":2,"args":[{"name":"op2","role":"output","mem":"lx","elems":4194304,"broadcast":false,"dims":[64,1024,64],"logical":[1024,4096],"loop_factor":1},{"name":"buf1","role":"input","mem":"lx","elems":4194304,"broadcast":false,"dims":[64,1024,64],"logical":[1024,4096],"loop_factor":1}],"reduction_cores":1,"loop_trip":4,"tiles_output_dim":true,"tile_rows_per_core":32.0,"is_matmul":false,"matmul_macs":0,"matmul_rows_per_core":0.0,"matmul_cols_per_core":0.0,"matmul_a_bytes":0,"matmul_b_bytes":0,"hbm_pattern":""},{"name":"sum_1","is_reduction":true,"out_elems":65536,"cores":32,"dtype_bytes":2,"args":[{"name":"op3","role":"output","mem":"lx","elems":65536,"broadcast":false,"dims":[1,1024,64],"logical":[1024,1],"loop_factor":1},{"name":"buf2","role":"input","mem":"lx","elems":4194304,"broadcast":false,"dims":[64,1024,64],"logical":[1024,4096],"loop_factor":1}],"reduction_cores":1,"loop_trip":4,"tiles_output_dim":true,"tile_rows_per_core":32.0,"is_matmul":false,"matmul_macs":0,"matmul_rows_per_core":0.0,"matmul_cols_per_core":0.0,"matmul_a_bytes":0,"matmul_b_bytes":0,"hbm_pattern":""},{"name":"div","is_reduction":false,"out_elems":16777216,"cores":32,"dtype_bytes":2,"args":[{"name":"op4","role":"output","mem":"hbm","elems":16777216,"broadcast":false,"dims":[4096,4096],"logical":[4096,4096],"loop_factor":1},{"name":"buf2","role":"input","mem":"lx","elems":4194304,"broadcast":false,"dims":[64,1024,64],"logical":[1024,4096],"loop_factor":1},{"name":"buf3","role":"input","mem":"lx","elems":65536,"broadcast":true,"dims":[1,1024,64],"logical":[1024,1],"loop_factor":1}],"reduction_cores":1,"loop_trip":4,"tiles_output_dim":true,"tile_rows_per_core":32,"is_matmul":false,"matmul_macs":0,"matmul_rows_per_core":0.0,"matmul_cols_per_core":0.0,"matmul_a_bytes":0,"matmul_b_bytes":0,"hbm_pattern":""}]
SUMMARY op=softmax_row_tiling rows=4096 cols=4096 cores=32 tiles=4 lx=1 io_hbm_bytes=100663296 kernel_us=674.604 pred_us=673.679 err_pct=-0.1 bw_gbps=149.2 memset_us=423.497 other_dev_us=2434.119 total_dev_us=3532.220
-- softmax_row_tiling [4096,4096] tiles=8 lx=1
  op_it_space_splits={d0: 32, d1: 1}
  op_it_space_splits={d0: 32, d1: 1}
  op_it_space_splits={d0: 32, d1: 1}
  op_it_space_splits={d0: 32, d1: 1}
  op_it_space_splits={d0: 32, d1: 1}
  op_it_space_splits={d0: 32, d1: 1}
  op_it_space_splits={d0: 32, d1: 1}
  op_it_space_splits={d0: 32, d1: 1}
  op_it_space_splits={d0: 32, d1: 1}
  op_it_space_splits={d0: 32, d1: 1}
  op_it_space_splits={d0: 32, d1: 1}
  op_it_space_splits={d0: 32, d1: 1}
  op_it_space_splits={d0: 32, d1: 1}
  op_it_space_splits={d0: 32, d1: 1}
  op_it_space_splits={d0: 32, d1: 1}
  op_it_space_splits={d0: 32, d1: 1}
  op_it_space_splits={d0: 32, d1: 1}
  op_it_space_splits={d0: 32, d1: 1}
  op_it_space_splits={d0: 32, d1: 1}
  op_it_space_splits={d0: 32, d1: 1}
  op_it_space_splits={d0: 32, d1: 1}
  op_it_space_splits={d0: 32, d1: 1}
  op_it_space_splits={d0: 32, d1: 1}
  op_it_space_splits={d0: 32, d1: 1}
  op_it_space_splits={d0: 32, d1: 1}
  op_it_space_splits={d0: 32, d1: 1}
  op_it_space_splits={d0: 32, d1: 1}
  op_it_space_splits={d0: 32, d1: 1}
  op_it_space_splits={d0: 32, d1: 1}
  op_it_space_splits={d0: 32, d1: 1}
IO -- device-layout I/O (cost model, stick-padded) --
IO   op amax [reduction]
IO     output op0                    torch [512, 1] -> device [1, 512, 64] in LX = 32768 elems x 2B = 65536 B  (hbm counted: 0 B)
IO     input  arg0_1                 torch [4096, 4096] -> device [64, 4096, 64] in HBM = 16777216 elems x 2B = 33554432 B  (hbm counted: 33554432 B)
IO   op sub
IO     output op1                    torch [512, 4096] -> device [64, 512, 64] in LX = 2097152 elems x 2B = 4194304 B  (hbm counted: 0 B)
IO     input  arg0_1                 torch [4096, 4096] -> device [64, 4096, 64] in HBM = 16777216 elems x 2B = 33554432 B  (hbm counted: 33554432 B)
IO     input  buf0                   torch [512, 1] -> device [1, 512, 64] in LX = 32768 elems x 2B = 65536 B  (hbm counted: 0 B) broadcast (loaded once)
IO   op exp
IO     output op2                    torch [512, 4096] -> device [64, 512, 64] in LX = 2097152 elems x 2B = 4194304 B  (hbm counted: 0 B)
IO     input  buf1                   torch [512, 4096] -> device [64, 512, 64] in LX = 2097152 elems x 2B = 4194304 B  (hbm counted: 0 B)
IO   op sum_1 [reduction]
IO     output op3                    torch [512, 1] -> device [1, 512, 64] in LX = 32768 elems x 2B = 65536 B  (hbm counted: 0 B)
IO     input  buf2                   torch [512, 4096] -> device [64, 512, 64] in LX = 2097152 elems x 2B = 4194304 B  (hbm counted: 0 B)
IO   op div
IO     output op4                    torch [4096, 4096] -> device [4096, 4096] in HBM = 16777216 elems x 2B = 33554432 B  (hbm counted: 33554432 B)
IO     input  buf2                   torch [512, 4096] -> device [64, 512, 64] in LX = 2097152 elems x 2B = 4194304 B  (hbm counted: 0 B)
IO     input  buf3                   torch [512, 1] -> device [1, 512, 64] in LX = 32768 elems x 2B = 65536 B  (hbm counted: 0 B) broadcast (loaded once)
IO   => HBM I/O total = 100663296 B  (lx 21233664 B, ~free)
MODEL -- estimate (turnaround): T = [(R+W)/BW_PEAK + a*min(R,W)] / eff_underfill --
MODEL   R=33554432 B (read)   W=33554432 B (write)   loop_trip L=8
MODEL   base = (R+W)/150 = 447.39 us
MODEL   turn = a*min(R,W) = 0.00574*33554432 = 192.60 us
MODEL   eff_underfill = min(0.95,(16.0/13)**0.68) = 0.950 -> (base+turn)/eff = 673.68 us
MODEL   => T_model = 673.68 us
MODEL FEATS [{"name":"amax","is_reduction":true,"out_elems":32768,"cores":32,"dtype_bytes":2,"args":[{"name":"op0","role":"output","mem":"lx","elems":32768,"broadcast":false,"dims":[1,512,64],"logical":[512,1],"loop_factor":1},{"name":"arg0_1","role":"input","mem":"hbm","elems":16777216,"broadcast":false,"dims":[64,4096,64],"logical":[4096,4096],"loop_factor":1}],"reduction_cores":1,"loop_trip":8,"tiles_output_dim":true,"tile_rows_per_core":16.0,"is_matmul":false,"matmul_macs":0,"matmul_rows_per_core":0.0,"matmul_cols_per_core":0.0,"matmul_a_bytes":0,"matmul_b_bytes":0,"hbm_pattern":""},{"name":"sub","is_reduction":false,"out_elems":2097152,"cores":32,"dtype_bytes":2,"args":[{"name":"op1","role":"output","mem":"lx","elems":2097152,"broadcast":false,"dims":[64,512,64],"logical":[512,4096],"loop_factor":1},{"name":"arg0_1","role":"input","mem":"hbm","elems":16777216,"broadcast":false,"dims":[64,4096,64],"logical":[4096,4096],"loop_factor":1},{"name":"buf0","role":"input","mem":"lx","elems":32768,"broadcast":true,"dims":[1,512,64],"logical":[512,1],"loop_factor":1}],"reduction_cores":1,"loop_trip":8,"tiles_output_dim":true,"tile_rows_per_core":16.0,"is_matmul":false,"matmul_macs":0,"matmul_rows_per_core":0.0,"matmul_cols_per_core":0.0,"matmul_a_bytes":0,"matmul_b_bytes":0,"hbm_pattern":""},{"name":"exp","is_reduction":false,"out_elems":2097152,"cores":32,"dtype_bytes":2,"args":[{"name":"op2","role":"output","mem":"lx","elems":2097152,"broadcast":false,"dims":[64,512,64],"logical":[512,4096],"loop_factor":1},{"name":"buf1","role":"input","mem":"lx","elems":2097152,"broadcast":false,"dims":[64,512,64],"logical":[512,4096],"loop_factor":1}],"reduction_cores":1,"loop_trip":8,"tiles_output_dim":true,"tile_rows_per_core":16.0,"is_matmul":false,"matmul_macs":0,"matmul_rows_per_core":0.0,"matmul_cols_per_core":0.0,"matmul_a_bytes":0,"matmul_b_bytes":0,"hbm_pattern":""},{"name":"sum_1","is_reduction":true,"out_elems":32768,"cores":32,"dtype_bytes":2,"args":[{"name":"op3","role":"output","mem":"lx","elems":32768,"broadcast":false,"dims":[1,512,64],"logical":[512,1],"loop_factor":1},{"name":"buf2","role":"input","mem":"lx","elems":2097152,"broadcast":false,"dims":[64,512,64],"logical":[512,4096],"loop_factor":1}],"reduction_cores":1,"loop_trip":8,"tiles_output_dim":true,"tile_rows_per_core":16.0,"is_matmul":false,"matmul_macs":0,"matmul_rows_per_core":0.0,"matmul_cols_per_core":0.0,"matmul_a_bytes":0,"matmul_b_bytes":0,"hbm_pattern":""},{"name":"div","is_reduction":false,"out_elems":16777216,"cores":32,"dtype_bytes":2,"args":[{"name":"op4","role":"output","mem":"hbm","elems":16777216,"broadcast":false,"dims":[4096,4096],"logical":[4096,4096],"loop_factor":1},{"name":"buf2","role":"input","mem":"lx","elems":2097152,"broadcast":false,"dims":[64,512,64],"logical":[512,4096],"loop_factor":1},{"name":"buf3","role":"input","mem":"lx","elems":32768,"broadcast":true,"dims":[1,512,64],"logical":[512,1],"loop_factor":1}],"reduction_cores":1,"loop_trip":8,"tiles_output_dim":true,"tile_rows_per_core":16,"is_matmul":false,"matmul_macs":0,"matmul_rows_per_core":0.0,"matmul_cols_per_core":0.0,"matmul_a_bytes":0,"matmul_b_bytes":0,"hbm_pattern":""}]
SUMMARY op=softmax_row_tiling rows=4096 cols=4096 cores=32 tiles=8 lx=1 io_hbm_bytes=100663296 kernel_us=690.931 pred_us=673.679 err_pct=-2.5 bw_gbps=145.7 memset_us=479.716 other_dev_us=2394.655 total_dev_us=3565.302
## CT2 matmul_row_tiling: 3 shapes x TILES {2,4,8}
-- matmul_row_tiling M=2048 K=2048 N=2048 tiles=2
  op_it_space_splits={d0: 8, d1: 4, d2: 1}
  op_it_space_splits={d0: 8, d1: 4, d2: 1}
  op_it_space_splits={d0: 8, d1: 4, d2: 1}
  op_it_space_splits={d0: 8, d1: 4, d2: 1}
  op_it_space_splits={d0: 8, d1: 4, d2: 1}
  op_it_space_splits={d0: 8, d1: 4, d2: 1}
IO -- device-layout I/O (cost model, stick-padded) --
IO   op mm [reduction]
IO     output op0                    torch [2048, 2048] -> device [2048, 2048] in HBM = 4194304 elems x 2B = 8388608 B  (hbm counted: 8388608 B)
IO     input  arg0_1                 torch [2048, 2048] -> device [32, 2048, 64] in HBM = 4194304 elems x 2B = 8388608 B  (hbm counted: 8388608 B)
IO     input  arg1_1                 torch [2048, 2048] -> device [32, 2048, 64] in HBM = 4194304 elems x 2B = 8388608 B  (hbm counted: 8388608 B)
IO   => HBM I/O total = 25165824 B  (lx 0 B, ~free)
MODEL -- estimate (turnaround): T = compute + [(R+W)/BW_PEAK + a*min(R,W)] / eff_underfill --
MODEL   R=16777216 B (read)   W=8388608 B (write)   loop_trip L=2
MODEL   compute = MACs/cores/(mac_peak*pt_eff) = 8589934592/32/(1140*1.000) = 235.47 us  (M/m=128, pt_eff=1.000)
MODEL   base = R/143+W/156 = 171.10 us
MODEL   turn = a*min(R,W) = 0.00574*8388608 = 48.15 us
MODEL   eff_underfill = min(0.95,(128.0/13)**0.68) = 0.950 -> (base+turn)/eff = 230.79 us
MODEL   => T_model = 371.03 us
MODEL FEATS [{"name":"mm","is_reduction":true,"out_elems":4194304,"cores":32,"dtype_bytes":2,"args":[{"name":"op0","role":"output","mem":"hbm","elems":4194304,"broadcast":false,"dims":[2048,2048],"logical":[2048,2048],"loop_factor":1},{"name":"arg0_1","role":"input","mem":"hbm","elems":4194304,"broadcast":false,"dims":[32,2048,64],"logical":[2048,2048],"loop_factor":1},{"name":"arg1_1","role":"input","mem":"hbm","elems":4194304,"broadcast":false,"dims":[32,2048,64],"logical":[2048,2048],"loop_factor":1}],"reduction_cores":1,"loop_trip":2,"tiles_output_dim":true,"tile_rows_per_core":128,"is_matmul":true,"matmul_macs":8589934592,"matmul_rows_per_core":128.0,"matmul_cols_per_core":512.0,"matmul_a_bytes":4194304,"matmul_b_bytes":8388608,"hbm_pattern":""}]
SUMMARY op=matmul_row_tiling rows=2048 cols=2048 cores=32 tiles=2 lx=1 io_hbm_bytes=25165824 kernel_us=341.312 pred_us=371.025 err_pct=+8.7 bw_gbps=73.7 memset_us=224.842 other_dev_us=375.631 total_dev_us=941.785
-- matmul_row_tiling M=2048 K=2048 N=2048 tiles=4
  op_it_space_splits={d0: 8, d1: 4, d2: 1}
  op_it_space_splits={d0: 8, d1: 4, d2: 1}
  op_it_space_splits={d0: 8, d1: 4, d2: 1}
  op_it_space_splits={d0: 8, d1: 4, d2: 1}
  op_it_space_splits={d0: 8, d1: 4, d2: 1}
  op_it_space_splits={d0: 8, d1: 4, d2: 1}
IO -- device-layout I/O (cost model, stick-padded) --
IO   op mm [reduction]
IO     output op0                    torch [2048, 2048] -> device [2048, 2048] in HBM = 4194304 elems x 2B = 8388608 B  (hbm counted: 8388608 B)
IO     input  arg0_1                 torch [2048, 2048] -> device [32, 2048, 64] in HBM = 4194304 elems x 2B = 8388608 B  (hbm counted: 8388608 B)
IO     input  arg1_1                 torch [2048, 2048] -> device [32, 2048, 64] in HBM = 4194304 elems x 2B = 8388608 B  (hbm counted: 8388608 B)
IO   => HBM I/O total = 25165824 B  (lx 0 B, ~free)
MODEL -- estimate (turnaround): T = compute + [(R+W)/BW_PEAK + a*min(R,W)] / eff_underfill --
MODEL   R=16777216 B (read)   W=8388608 B (write)   loop_trip L=4
MODEL   compute = MACs/cores/(mac_peak*pt_eff) = 8589934592/32/(1140*1.000) = 235.47 us  (M/m=64, pt_eff=1.000)
MODEL   base = R/143+W/156 = 171.10 us
MODEL   turn = a*min(R,W) = 0.00574*8388608 = 48.15 us
MODEL   eff_underfill = min(0.95,(64.0/13)**0.68) = 0.950 -> (base+turn)/eff = 230.79 us
MODEL   => T_model = 371.03 us
MODEL FEATS [{"name":"mm","is_reduction":true,"out_elems":4194304,"cores":32,"dtype_bytes":2,"args":[{"name":"op0","role":"output","mem":"hbm","elems":4194304,"broadcast":false,"dims":[2048,2048],"logical":[2048,2048],"loop_factor":1},{"name":"arg0_1","role":"input","mem":"hbm","elems":4194304,"broadcast":false,"dims":[32,2048,64],"logical":[2048,2048],"loop_factor":1},{"name":"arg1_1","role":"input","mem":"hbm","elems":4194304,"broadcast":false,"dims":[32,2048,64],"logical":[2048,2048],"loop_factor":1}],"reduction_cores":1,"loop_trip":4,"tiles_output_dim":true,"tile_rows_per_core":64,"is_matmul":true,"matmul_macs":8589934592,"matmul_rows_per_core":64.0,"matmul_cols_per_core":512.0,"matmul_a_bytes":2097152,"matmul_b_bytes":8388608,"hbm_pattern":""}]
SUMMARY op=matmul_row_tiling rows=2048 cols=2048 cores=32 tiles=4 lx=1 io_hbm_bytes=25165824 kernel_us=440.466 pred_us=371.025 err_pct=-15.8 bw_gbps=57.1 memset_us=253.904 other_dev_us=389.784 total_dev_us=1084.154
-- matmul_row_tiling M=2048 K=2048 N=2048 tiles=8
  op_it_space_splits={d0: 8, d1: 4, d2: 1}
  op_it_space_splits={d0: 8, d1: 4, d2: 1}
  op_it_space_splits={d0: 8, d1: 4, d2: 1}
  op_it_space_splits={d0: 8, d1: 4, d2: 1}
  op_it_space_splits={d0: 8, d1: 4, d2: 1}
  op_it_space_splits={d0: 8, d1: 4, d2: 1}
IO -- device-layout I/O (cost model, stick-padded) --
IO   op mm [reduction]
IO     output op0                    torch [2048, 2048] -> device [2048, 2048] in HBM = 4194304 elems x 2B = 8388608 B  (hbm counted: 8388608 B)
IO     input  arg0_1                 torch [2048, 2048] -> device [32, 2048, 64] in HBM = 4194304 elems x 2B = 8388608 B  (hbm counted: 8388608 B)
IO     input  arg1_1                 torch [2048, 2048] -> device [32, 2048, 64] in HBM = 4194304 elems x 2B = 8388608 B  (hbm counted: 8388608 B)
IO   => HBM I/O total = 25165824 B  (lx 0 B, ~free)
MODEL -- estimate (turnaround): T = compute + [(R+W)/BW_PEAK + a*min(R,W)] / eff_underfill --
MODEL   R=16777216 B (read)   W=8388608 B (write)   loop_trip L=8
MODEL   compute = MACs/cores/(mac_peak*pt_eff) = 8589934592/32/(1140*0.785) = 300.12 us  (M/m=32, pt_eff=0.785)
MODEL   base = R/143+W/156 = 171.10 us
MODEL   turn = a*min(R,W) = 0.00574*8388608 = 48.15 us
MODEL   eff_underfill = min(0.95,(32.0/13)**0.68) = 0.950 -> (base+turn)/eff = 230.79 us
MODEL   => T_model = 431.81 us
MODEL FEATS [{"name":"mm","is_reduction":true,"out_elems":4194304,"cores":32,"dtype_bytes":2,"args":[{"name":"op0","role":"output","mem":"hbm","elems":4194304,"broadcast":false,"dims":[2048,2048],"logical":[2048,2048],"loop_factor":1},{"name":"arg0_1","role":"input","mem":"hbm","elems":4194304,"broadcast":false,"dims":[32,2048,64],"logical":[2048,2048],"loop_factor":1},{"name":"arg1_1","role":"input","mem":"hbm","elems":4194304,"broadcast":false,"dims":[32,2048,64],"logical":[2048,2048],"loop_factor":1}],"reduction_cores":1,"loop_trip":8,"tiles_output_dim":true,"tile_rows_per_core":32,"is_matmul":true,"matmul_macs":8589934592,"matmul_rows_per_core":32.0,"matmul_cols_per_core":512.0,"matmul_a_bytes":1048576,"matmul_b_bytes":8388608,"hbm_pattern":""}]
SUMMARY op=matmul_row_tiling rows=2048 cols=2048 cores=32 tiles=8 lx=1 io_hbm_bytes=25165824 kernel_us=652.115 pred_us=431.811 err_pct=-33.8 bw_gbps=38.6 memset_us=264.526 other_dev_us=467.323 total_dev_us=1383.964
-- matmul_row_tiling M=4096 K=2048 N=2048 tiles=2
  op_it_space_splits={d0: 8, d1: 4, d2: 1}
  op_it_space_splits={d0: 8, d1: 4, d2: 1}
  op_it_space_splits={d0: 8, d1: 4, d2: 1}
  op_it_space_splits={d0: 8, d1: 4, d2: 1}
  op_it_space_splits={d0: 8, d1: 4, d2: 1}
  op_it_space_splits={d0: 8, d1: 4, d2: 1}
IO -- device-layout I/O (cost model, stick-padded) --
IO   op mm [reduction]
IO     output op0                    torch [4096, 2048] -> device [4096, 2048] in HBM = 8388608 elems x 2B = 16777216 B  (hbm counted: 16777216 B)
IO     input  arg0_1                 torch [4096, 2048] -> device [32, 4096, 64] in HBM = 8388608 elems x 2B = 16777216 B  (hbm counted: 16777216 B)
IO     input  arg1_1                 torch [2048, 2048] -> device [32, 2048, 64] in HBM = 4194304 elems x 2B = 8388608 B  (hbm counted: 8388608 B)
IO   => HBM I/O total = 41943040 B  (lx 0 B, ~free)
MODEL -- estimate (turnaround): T = compute + [(R+W)/BW_PEAK + a*min(R,W)] / eff_underfill --
MODEL   R=25165824 B (read)   W=16777216 B (write)   loop_trip L=2
MODEL   compute = MACs/cores/(mac_peak*pt_eff) = 17179869184/32/(1140*1.000) = 470.94 us  (M/m=256, pt_eff=1.000)
MODEL   base = R/143+W/156 = 283.53 us
MODEL   turn = a*min(R,W) = 0.00574*16777216 = 96.30 us
MODEL   eff_underfill = min(0.95,(256.0/13)**0.68) = 0.950 -> (base+turn)/eff = 399.82 us
MODEL   => T_model = 693.91 us
MODEL FEATS [{"name":"mm","is_reduction":true,"out_elems":8388608,"cores":32,"dtype_bytes":2,"args":[{"name":"op0","role":"output","mem":"hbm","elems":8388608,"broadcast":false,"dims":[4096,2048],"logical":[4096,2048],"loop_factor":1},{"name":"arg0_1","role":"input","mem":"hbm","elems":8388608,"broadcast":false,"dims":[32,4096,64],"logical":[4096,2048],"loop_factor":1},{"name":"arg1_1","role":"input","mem":"hbm","elems":4194304,"broadcast":false,"dims":[32,2048,64],"logical":[2048,2048],"loop_factor":1}],"reduction_cores":1,"loop_trip":2,"tiles_output_dim":true,"tile_rows_per_core":256,"is_matmul":true,"matmul_macs":17179869184,"matmul_rows_per_core":256.0,"matmul_cols_per_core":512.0,"matmul_a_bytes":8388608,"matmul_b_bytes":8388608,"hbm_pattern":""}]
SUMMARY op=matmul_row_tiling rows=4096 cols=2048 cores=32 tiles=2 lx=1 io_hbm_bytes=41943040 kernel_us=776.400 pred_us=693.910 err_pct=-10.6 bw_gbps=54.0 memset_us=300.829 other_dev_us=745.432 total_dev_us=1822.661
-- matmul_row_tiling M=4096 K=2048 N=2048 tiles=4
  op_it_space_splits={d0: 8, d1: 4, d2: 1}
  op_it_space_splits={d0: 8, d1: 4, d2: 1}
  op_it_space_splits={d0: 8, d1: 4, d2: 1}
  op_it_space_splits={d0: 8, d1: 4, d2: 1}
  op_it_space_splits={d0: 8, d1: 4, d2: 1}
  op_it_space_splits={d0: 8, d1: 4, d2: 1}
IO -- device-layout I/O (cost model, stick-padded) --
IO   op mm [reduction]
IO     output op0                    torch [4096, 2048] -> device [4096, 2048] in HBM = 8388608 elems x 2B = 16777216 B  (hbm counted: 16777216 B)
IO     input  arg0_1                 torch [4096, 2048] -> device [32, 4096, 64] in HBM = 8388608 elems x 2B = 16777216 B  (hbm counted: 16777216 B)
IO     input  arg1_1                 torch [2048, 2048] -> device [32, 2048, 64] in HBM = 4194304 elems x 2B = 8388608 B  (hbm counted: 8388608 B)
IO   => HBM I/O total = 41943040 B  (lx 0 B, ~free)
MODEL -- estimate (turnaround): T = compute + [(R+W)/BW_PEAK + a*min(R,W)] / eff_underfill --
MODEL   R=25165824 B (read)   W=16777216 B (write)   loop_trip L=4
MODEL   compute = MACs/cores/(mac_peak*pt_eff) = 17179869184/32/(1140*1.000) = 470.94 us  (M/m=128, pt_eff=1.000)
MODEL   base = R/143+W/156 = 283.53 us
MODEL   turn = a*min(R,W) = 0.00574*16777216 = 96.30 us
MODEL   eff_underfill = min(0.95,(128.0/13)**0.68) = 0.950 -> (base+turn)/eff = 399.82 us
MODEL   => T_model = 693.91 us
MODEL FEATS [{"name":"mm","is_reduction":true,"out_elems":8388608,"cores":32,"dtype_bytes":2,"args":[{"name":"op0","role":"output","mem":"hbm","elems":8388608,"broadcast":false,"dims":[4096,2048],"logical":[4096,2048],"loop_factor":1},{"name":"arg0_1","role":"input","mem":"hbm","elems":8388608,"broadcast":false,"dims":[32,4096,64],"logical":[4096,2048],"loop_factor":1},{"name":"arg1_1","role":"input","mem":"hbm","elems":4194304,"broadcast":false,"dims":[32,2048,64],"logical":[2048,2048],"loop_factor":1}],"reduction_cores":1,"loop_trip":4,"tiles_output_dim":true,"tile_rows_per_core":128,"is_matmul":true,"matmul_macs":17179869184,"matmul_rows_per_core":128.0,"matmul_cols_per_core":512.0,"matmul_a_bytes":4194304,"matmul_b_bytes":8388608,"hbm_pattern":""}]
SUMMARY op=matmul_row_tiling rows=4096 cols=2048 cores=32 tiles=4 lx=1 io_hbm_bytes=41943040 kernel_us=677.474 pred_us=693.910 err_pct=+2.4 bw_gbps=61.9 memset_us=257.189 other_dev_us=963.380 total_dev_us=1898.043
-- matmul_row_tiling M=4096 K=2048 N=2048 tiles=8
  op_it_space_splits={d0: 8, d1: 4, d2: 1}
  op_it_space_splits={d0: 8, d1: 4, d2: 1}
  op_it_space_splits={d0: 8, d1: 4, d2: 1}
  op_it_space_splits={d0: 8, d1: 4, d2: 1}
  op_it_space_splits={d0: 8, d1: 4, d2: 1}
  op_it_space_splits={d0: 8, d1: 4, d2: 1}
IO -- device-layout I/O (cost model, stick-padded) --
IO   op mm [reduction]
IO     output op0                    torch [4096, 2048] -> device [4096, 2048] in HBM = 8388608 elems x 2B = 16777216 B  (hbm counted: 16777216 B)
IO     input  arg0_1                 torch [4096, 2048] -> device [32, 4096, 64] in HBM = 8388608 elems x 2B = 16777216 B  (hbm counted: 16777216 B)
IO     input  arg1_1                 torch [2048, 2048] -> device [32, 2048, 64] in HBM = 4194304 elems x 2B = 8388608 B  (hbm counted: 8388608 B)
IO   => HBM I/O total = 41943040 B  (lx 0 B, ~free)
MODEL -- estimate (turnaround): T = compute + [(R+W)/BW_PEAK + a*min(R,W)] / eff_underfill --
MODEL   R=25165824 B (read)   W=16777216 B (write)   loop_trip L=8
MODEL   compute = MACs/cores/(mac_peak*pt_eff) = 17179869184/32/(1140*1.000) = 470.94 us  (M/m=64, pt_eff=1.000)
MODEL   base = R/143+W/156 = 283.53 us
MODEL   turn = a*min(R,W) = 0.00574*16777216 = 96.30 us
MODEL   eff_underfill = min(0.95,(64.0/13)**0.68) = 0.950 -> (base+turn)/eff = 399.82 us
MODEL   => T_model = 693.91 us
MODEL FEATS [{"name":"mm","is_reduction":true,"out_elems":8388608,"cores":32,"dtype_bytes":2,"args":[{"name":"op0","role":"output","mem":"hbm","elems":8388608,"broadcast":false,"dims":[4096,2048],"logical":[4096,2048],"loop_factor":1},{"name":"arg0_1","role":"input","mem":"hbm","elems":8388608,"broadcast":false,"dims":[32,4096,64],"logical":[4096,2048],"loop_factor":1},{"name":"arg1_1","role":"input","mem":"hbm","elems":4194304,"broadcast":false,"dims":[32,2048,64],"logical":[2048,2048],"loop_factor":1}],"reduction_cores":1,"loop_trip":8,"tiles_output_dim":true,"tile_rows_per_core":64,"is_matmul":true,"matmul_macs":17179869184,"matmul_rows_per_core":64.0,"matmul_cols_per_core":512.0,"matmul_a_bytes":2097152,"matmul_b_bytes":8388608,"hbm_pattern":""}]
SUMMARY op=matmul_row_tiling rows=4096 cols=2048 cores=32 tiles=8 lx=1 io_hbm_bytes=41943040 kernel_us=872.086 pred_us=693.910 err_pct=-20.4 bw_gbps=48.1 memset_us=355.576 other_dev_us=784.891 total_dev_us=2012.553
-- matmul_row_tiling M=2048 K=2048 N=4096 tiles=2
  op_it_space_splits={d0: 4, d1: 8, d2: 1}
  op_it_space_splits={d0: 4, d1: 8, d2: 1}
  op_it_space_splits={d0: 4, d1: 8, d2: 1}
  op_it_space_splits={d0: 4, d1: 8, d2: 1}
  op_it_space_splits={d0: 4, d1: 8, d2: 1}
  op_it_space_splits={d0: 4, d1: 8, d2: 1}
IO -- device-layout I/O (cost model, stick-padded) --
IO   op mm [reduction]
IO     output op0                    torch [2048, 4096] -> device [2048, 4096] in HBM = 8388608 elems x 2B = 16777216 B  (hbm counted: 16777216 B)
IO     input  arg0_1                 torch [2048, 2048] -> device [32, 2048, 64] in HBM = 4194304 elems x 2B = 8388608 B  (hbm counted: 8388608 B)
IO     input  arg1_1                 torch [2048, 4096] -> device [64, 2048, 64] in HBM = 8388608 elems x 2B = 16777216 B  (hbm counted: 16777216 B)
IO   => HBM I/O total = 41943040 B  (lx 0 B, ~free)
MODEL -- estimate (turnaround): T = compute + [(R+W)/BW_PEAK + a*min(R,W)] / eff_underfill --
MODEL   R=25165824 B (read)   W=16777216 B (write)   loop_trip L=2
MODEL   compute = MACs/cores/(mac_peak*pt_eff) = 17179869184/32/(1140*1.000) = 470.94 us  (M/m=256, pt_eff=1.000)
MODEL   base = R/143+W/156 = 283.53 us
MODEL   turn = a*min(R,W) = 0.00574*16777216 = 96.30 us
MODEL   eff_underfill = min(0.95,(256.0/13)**0.68) = 0.950 -> (base+turn)/eff = 399.82 us
MODEL   => T_model = 700.98 us
MODEL FEATS [{"name":"mm","is_reduction":true,"out_elems":8388608,"cores":32,"dtype_bytes":2,"args":[{"name":"op0","role":"output","mem":"hbm","elems":8388608,"broadcast":false,"dims":[2048,4096],"logical":[2048,4096],"loop_factor":1},{"name":"arg0_1","role":"input","mem":"hbm","elems":4194304,"broadcast":false,"dims":[32,2048,64],"logical":[2048,2048],"loop_factor":1},{"name":"arg1_1","role":"input","mem":"hbm","elems":8388608,"broadcast":false,"dims":[64,2048,64],"logical":[2048,4096],"loop_factor":1}],"reduction_cores":1,"loop_trip":2,"tiles_output_dim":true,"tile_rows_per_core":256,"is_matmul":true,"matmul_macs":17179869184,"matmul_rows_per_core":256.0,"matmul_cols_per_core":512.0,"matmul_a_bytes":4194304,"matmul_b_bytes":16777216,"hbm_pattern":""}]
SUMMARY op=matmul_row_tiling rows=2048 cols=2048 cores=32 tiles=2 lx=1 io_hbm_bytes=41943040 kernel_us=752.353 pred_us=700.976 err_pct=-6.8 bw_gbps=55.7 memset_us=321.002 other_dev_us=816.107 total_dev_us=1889.462
-- matmul_row_tiling M=2048 K=2048 N=4096 tiles=4
  op_it_space_splits={d0: 4, d1: 8, d2: 1}
  op_it_space_splits={d0: 4, d1: 8, d2: 1}
  op_it_space_splits={d0: 4, d1: 8, d2: 1}
  op_it_space_splits={d0: 4, d1: 8, d2: 1}
  op_it_space_splits={d0: 4, d1: 8, d2: 1}
  op_it_space_splits={d0: 4, d1: 8, d2: 1}
IO -- device-layout I/O (cost model, stick-padded) --
IO   op mm [reduction]
IO     output op0                    torch [2048, 4096] -> device [2048, 4096] in HBM = 8388608 elems x 2B = 16777216 B  (hbm counted: 16777216 B)
IO     input  arg0_1                 torch [2048, 2048] -> device [32, 2048, 64] in HBM = 4194304 elems x 2B = 8388608 B  (hbm counted: 8388608 B)
IO     input  arg1_1                 torch [2048, 4096] -> device [64, 2048, 64] in HBM = 8388608 elems x 2B = 16777216 B  (hbm counted: 16777216 B)
IO   => HBM I/O total = 41943040 B  (lx 0 B, ~free)
MODEL -- estimate (turnaround): T = compute + [(R+W)/BW_PEAK + a*min(R,W)] / eff_underfill --
MODEL   R=25165824 B (read)   W=16777216 B (write)   loop_trip L=4
MODEL   compute = MACs/cores/(mac_peak*pt_eff) = 17179869184/32/(1140*1.000) = 470.94 us  (M/m=128, pt_eff=1.000)
MODEL   base = R/143+W/156 = 283.53 us
MODEL   turn = a*min(R,W) = 0.00574*16777216 = 96.30 us
MODEL   eff_underfill = min(0.95,(128.0/13)**0.68) = 0.950 -> (base+turn)/eff = 399.82 us
MODEL   => T_model = 700.98 us
MODEL FEATS [{"name":"mm","is_reduction":true,"out_elems":8388608,"cores":32,"dtype_bytes":2,"args":[{"name":"op0","role":"output","mem":"hbm","elems":8388608,"broadcast":false,"dims":[2048,4096],"logical":[2048,4096],"loop_factor":1},{"name":"arg0_1","role":"input","mem":"hbm","elems":4194304,"broadcast":false,"dims":[32,2048,64],"logical":[2048,2048],"loop_factor":1},{"name":"arg1_1","role":"input","mem":"hbm","elems":8388608,"broadcast":false,"dims":[64,2048,64],"logical":[2048,4096],"loop_factor":1}],"reduction_cores":1,"loop_trip":4,"tiles_output_dim":true,"tile_rows_per_core":128,"is_matmul":true,"matmul_macs":17179869184,"matmul_rows_per_core":128.0,"matmul_cols_per_core":512.0,"matmul_a_bytes":2097152,"matmul_b_bytes":16777216,"hbm_pattern":""}]
SUMMARY op=matmul_row_tiling rows=2048 cols=2048 cores=32 tiles=4 lx=1 io_hbm_bytes=41943040 kernel_us=724.183 pred_us=700.976 err_pct=-3.2 bw_gbps=57.9 memset_us=340.170 other_dev_us=862.915 total_dev_us=1927.268
-- matmul_row_tiling M=2048 K=2048 N=4096 tiles=8
  op_it_space_splits={d0: 4, d1: 8, d2: 1}
  op_it_space_splits={d0: 4, d1: 8, d2: 1}
  op_it_space_splits={d0: 4, d1: 8, d2: 1}
  op_it_space_splits={d0: 4, d1: 8, d2: 1}
  op_it_space_splits={d0: 4, d1: 8, d2: 1}
  op_it_space_splits={d0: 4, d1: 8, d2: 1}
IO -- device-layout I/O (cost model, stick-padded) --
IO   op mm [reduction]
IO     output op0                    torch [2048, 4096] -> device [2048, 4096] in HBM = 8388608 elems x 2B = 16777216 B  (hbm counted: 16777216 B)
IO     input  arg0_1                 torch [2048, 2048] -> device [32, 2048, 64] in HBM = 4194304 elems x 2B = 8388608 B  (hbm counted: 8388608 B)
IO     input  arg1_1                 torch [2048, 4096] -> device [64, 2048, 64] in HBM = 8388608 elems x 2B = 16777216 B  (hbm counted: 16777216 B)
IO   => HBM I/O total = 41943040 B  (lx 0 B, ~free)
MODEL -- estimate (turnaround): T = compute + [(R+W)/BW_PEAK + a*min(R,W)] / eff_underfill --
MODEL   R=25165824 B (read)   W=16777216 B (write)   loop_trip L=8
MODEL   compute = MACs/cores/(mac_peak*pt_eff) = 17179869184/32/(1140*1.000) = 470.94 us  (M/m=64, pt_eff=1.000)
MODEL   base = R/143+W/156 = 283.53 us
MODEL   turn = a*min(R,W) = 0.00574*16777216 = 96.30 us
MODEL   eff_underfill = min(0.95,(64.0/13)**0.68) = 0.950 -> (base+turn)/eff = 399.82 us
MODEL   => T_model = 700.98 us
MODEL FEATS [{"name":"mm","is_reduction":true,"out_elems":8388608,"cores":32,"dtype_bytes":2,"args":[{"name":"op0","role":"output","mem":"hbm","elems":8388608,"broadcast":false,"dims":[2048,4096],"logical":[2048,4096],"loop_factor":1},{"name":"arg0_1","role":"input","mem":"hbm","elems":4194304,"broadcast":false,"dims":[32,2048,64],"logical":[2048,2048],"loop_factor":1},{"name":"arg1_1","role":"input","mem":"hbm","elems":8388608,"broadcast":false,"dims":[64,2048,64],"logical":[2048,4096],"loop_factor":1}],"reduction_cores":1,"loop_trip":8,"tiles_output_dim":true,"tile_rows_per_core":64,"is_matmul":true,"matmul_macs":17179869184,"matmul_rows_per_core":64.0,"matmul_cols_per_core":512.0,"matmul_a_bytes":1048576,"matmul_b_bytes":16777216,"hbm_pattern":""}]
SUMMARY op=matmul_row_tiling rows=2048 cols=2048 cores=32 tiles=8 lx=1 io_hbm_bytes=41943040 kernel_us=1122.549 pred_us=700.976 err_pct=-37.6 bw_gbps=37.4 memset_us=284.023 other_dev_us=834.279 total_dev_us=2240.851
## CT3 chain [2048,4096] TILES{1,2,4,8,16} + ctsum LX on/off
-- chain [2048,4096] tiles=1 lx=1
  op_it_space_splits={d0: 32, d1: 1}
  op_it_space_splits={d0: 32, d1: 1}
IO -- device-layout I/O (cost model, stick-padded) --
IO   op add
IO     output op0                    torch [2048, 4096] -> device [64, 2048, 64] in LX = 8388608 elems x 2B = 16777216 B  (hbm counted: 0 B)
IO     input  arg0_1                 torch [2048, 4096] -> device [64, 2048, 64] in HBM = 8388608 elems x 2B = 16777216 B  (hbm counted: 16777216 B)
IO     input  arg1_1                 torch [2048, 4096] -> device [64, 2048, 64] in HBM = 8388608 elems x 2B = 16777216 B  (hbm counted: 16777216 B)
IO   op mul
IO     output op1                    torch [2048, 4096] -> device [64, 2048, 64] in HBM = 8388608 elems x 2B = 16777216 B  (hbm counted: 16777216 B)
IO     input  buf0                   torch [2048, 4096] -> device [64, 2048, 64] in LX = 8388608 elems x 2B = 16777216 B  (hbm counted: 0 B)
IO     input  arg2_1                 torch [2048, 4096] -> device [64, 2048, 64] in HBM = 8388608 elems x 2B = 16777216 B  (hbm counted: 16777216 B)
IO   => HBM I/O total = 67108864 B  (lx 33554432 B, ~free)
MODEL -- estimate (turnaround): T = (R+W)/BW_PEAK + a*min(R,W) --
MODEL   R=50331648 B (read)   W=16777216 B (write)   loop_trip L=1
MODEL   base = (R+W)/150 = 447.39 us
MODEL   turn = a*min(R,W) = 0.00574*16777216 = 96.30 us
MODEL   => T_model = 584.47 us
MODEL FEATS [{"name":"add","is_reduction":false,"out_elems":8388608,"cores":32,"dtype_bytes":2,"args":[{"name":"op0","role":"output","mem":"lx","elems":8388608,"broadcast":false,"dims":[64,2048,64],"logical":[2048,4096],"loop_factor":1},{"name":"arg0_1","role":"input","mem":"hbm","elems":8388608,"broadcast":false,"dims":[64,2048,64],"logical":[2048,4096],"loop_factor":1},{"name":"arg1_1","role":"input","mem":"hbm","elems":8388608,"broadcast":false,"dims":[64,2048,64],"logical":[2048,4096],"loop_factor":1}],"reduction_cores":1,"loop_trip":1,"tiles_output_dim":false,"tile_rows_per_core":0.0,"is_matmul":false,"matmul_macs":0,"matmul_rows_per_core":0.0,"matmul_cols_per_core":0.0,"matmul_a_bytes":0,"matmul_b_bytes":0,"hbm_pattern":""},{"name":"mul","is_reduction":false,"out_elems":8388608,"cores":32,"dtype_bytes":2,"args":[{"name":"op1","role":"output","mem":"hbm","elems":8388608,"broadcast":false,"dims":[64,2048,64],"logical":[2048,4096],"loop_factor":1},{"name":"buf0","role":"input","mem":"lx","elems":8388608,"broadcast":false,"dims":[64,2048,64],"logical":[2048,4096],"loop_factor":1},{"name":"arg2_1","role":"input","mem":"hbm","elems":8388608,"broadcast":false,"dims":[64,2048,64],"logical":[2048,4096],"loop_factor":1}],"reduction_cores":1,"loop_trip":1,"tiles_output_dim":false,"tile_rows_per_core":0.0,"is_matmul":false,"matmul_macs":0,"matmul_rows_per_core":0.0,"matmul_cols_per_core":0.0,"matmul_a_bytes":0,"matmul_b_bytes":0,"hbm_pattern":""}]
SUMMARY op=chain rows=2048 cols=4096 cores=32 tiles=1 lx=1 io_hbm_bytes=67108864 kernel_us=591.859 pred_us=584.471 err_pct=-1.2 bw_gbps=113.4 memset_us=266.858 other_dev_us=972.017 total_dev_us=1830.734
-- chain [2048,4096] tiles=2 lx=1
  op_it_space_splits={d0: 32, d1: 1}
  op_it_space_splits={d0: 32, d1: 1}
  op_it_space_splits={d0: 32, d1: 1}
  op_it_space_splits={d0: 32, d1: 1}
  op_it_space_splits={d0: 32, d1: 1}
  op_it_space_splits={d0: 32, d1: 1}
  op_it_space_splits={d0: 32, d1: 1}
  op_it_space_splits={d0: 32, d1: 1}
  op_it_space_splits={d0: 32, d1: 1}
  op_it_space_splits={d0: 32, d1: 1}
  op_it_space_splits={d0: 32, d1: 1}
  op_it_space_splits={d0: 32, d1: 1}
IO -- device-layout I/O (cost model, stick-padded) --
IO   op add
IO     output op0                    torch [1024, 4096] -> device [64, 1024, 64] in LX = 4194304 elems x 2B = 8388608 B  (hbm counted: 0 B)
IO     input  arg0_1                 torch [2048, 4096] -> device [64, 2048, 64] in HBM = 8388608 elems x 2B = 16777216 B  (hbm counted: 16777216 B)
IO     input  arg1_1                 torch [2048, 4096] -> device [64, 2048, 64] in HBM = 8388608 elems x 2B = 16777216 B  (hbm counted: 16777216 B)
IO   op mul
IO     output op1                    torch [2048, 4096] -> device [2048, 4096] in HBM = 8388608 elems x 2B = 16777216 B  (hbm counted: 16777216 B)
IO     input  buf0                   torch [1024, 4096] -> device [64, 1024, 64] in LX = 4194304 elems x 2B = 8388608 B  (hbm counted: 0 B)
IO     input  arg2_1                 torch [2048, 4096] -> device [64, 2048, 64] in HBM = 8388608 elems x 2B = 16777216 B  (hbm counted: 16777216 B)
IO   => HBM I/O total = 67108864 B  (lx 16777216 B, ~free)
MODEL -- estimate (turnaround): T = [(R+W)/BW_PEAK + a*min(R,W)] / eff_underfill --
MODEL   R=50331648 B (read)   W=16777216 B (write)   loop_trip L=2
MODEL   base = (R+W)/150 = 447.39 us
MODEL   turn = a*min(R,W) = 0.00574*16777216 = 96.30 us
MODEL   eff_underfill = min(0.95,(32.0/13)**0.68) = 0.950 -> (base+turn)/eff = 572.31 us
MODEL   => T_model = 572.31 us
MODEL FEATS [{"name":"add","is_reduction":false,"out_elems":4194304,"cores":32,"dtype_bytes":2,"args":[{"name":"op0","role":"output","mem":"lx","elems":4194304,"broadcast":false,"dims":[64,1024,64],"logical":[1024,4096],"loop_factor":1},{"name":"arg0_1","role":"input","mem":"hbm","elems":8388608,"broadcast":false,"dims":[64,2048,64],"logical":[2048,4096],"loop_factor":1},{"name":"arg1_1","role":"input","mem":"hbm","elems":8388608,"broadcast":false,"dims":[64,2048,64],"logical":[2048,4096],"loop_factor":1}],"reduction_cores":1,"loop_trip":2,"tiles_output_dim":true,"tile_rows_per_core":32.0,"is_matmul":false,"matmul_macs":0,"matmul_rows_per_core":0.0,"matmul_cols_per_core":0.0,"matmul_a_bytes":0,"matmul_b_bytes":0,"hbm_pattern":""},{"name":"mul","is_reduction":false,"out_elems":8388608,"cores":32,"dtype_bytes":2,"args":[{"name":"op1","role":"output","mem":"hbm","elems":8388608,"broadcast":false,"dims":[2048,4096],"logical":[2048,4096],"loop_factor":1},{"name":"buf0","role":"input","mem":"lx","elems":4194304,"broadcast":false,"dims":[64,1024,64],"logical":[1024,4096],"loop_factor":1},{"name":"arg2_1","role":"input","mem":"hbm","elems":8388608,"broadcast":false,"dims":[64,2048,64],"logical":[2048,4096],"loop_factor":1}],"reduction_cores":1,"loop_trip":2,"tiles_output_dim":true,"tile_rows_per_core":32,"is_matmul":false,"matmul_macs":0,"matmul_rows_per_core":0.0,"matmul_cols_per_core":0.0,"matmul_a_bytes":0,"matmul_b_bytes":0,"hbm_pattern":""}]
SUMMARY op=chain rows=2048 cols=4096 cores=32 tiles=2 lx=1 io_hbm_bytes=67108864 kernel_us=583.051 pred_us=572.309 err_pct=-1.8 bw_gbps=115.1 memset_us=288.020 other_dev_us=954.286 total_dev_us=1825.357
-- chain [2048,4096] tiles=4 lx=1
  op_it_space_splits={d0: 32, d1: 1}
  op_it_space_splits={d0: 32, d1: 1}
  op_it_space_splits={d0: 32, d1: 1}
  op_it_space_splits={d0: 32, d1: 1}
  op_it_space_splits={d0: 32, d1: 1}
  op_it_space_splits={d0: 32, d1: 1}
  op_it_space_splits={d0: 32, d1: 1}
  op_it_space_splits={d0: 32, d1: 1}
  op_it_space_splits={d0: 32, d1: 1}
  op_it_space_splits={d0: 32, d1: 1}
  op_it_space_splits={d0: 32, d1: 1}
  op_it_space_splits={d0: 32, d1: 1}
IO -- device-layout I/O (cost model, stick-padded) --
IO   op add
IO     output op0                    torch [512, 4096] -> device [64, 512, 64] in LX = 2097152 elems x 2B = 4194304 B  (hbm counted: 0 B)
IO     input  arg0_1                 torch [2048, 4096] -> device [64, 2048, 64] in HBM = 8388608 elems x 2B = 16777216 B  (hbm counted: 16777216 B)
IO     input  arg1_1                 torch [2048, 4096] -> device [64, 2048, 64] in HBM = 8388608 elems x 2B = 16777216 B  (hbm counted: 16777216 B)
IO   op mul
IO     output op1                    torch [2048, 4096] -> device [2048, 4096] in HBM = 8388608 elems x 2B = 16777216 B  (hbm counted: 16777216 B)
IO     input  buf0                   torch [512, 4096] -> device [64, 512, 64] in LX = 2097152 elems x 2B = 4194304 B  (hbm counted: 0 B)
IO     input  arg2_1                 torch [2048, 4096] -> device [64, 2048, 64] in HBM = 8388608 elems x 2B = 16777216 B  (hbm counted: 16777216 B)
IO   => HBM I/O total = 67108864 B  (lx 8388608 B, ~free)
MODEL -- estimate (turnaround): T = [(R+W)/BW_PEAK + a*min(R,W)] / eff_underfill --
MODEL   R=50331648 B (read)   W=16777216 B (write)   loop_trip L=4
MODEL   base = (R+W)/150 = 447.39 us
MODEL   turn = a*min(R,W) = 0.00574*16777216 = 96.30 us
MODEL   eff_underfill = min(0.95,(16.0/13)**0.68) = 0.950 -> (base+turn)/eff = 572.31 us
MODEL   => T_model = 572.31 us
MODEL FEATS [{"name":"add","is_reduction":false,"out_elems":2097152,"cores":32,"dtype_bytes":2,"args":[{"name":"op0","role":"output","mem":"lx","elems":2097152,"broadcast":false,"dims":[64,512,64],"logical":[512,4096],"loop_factor":1},{"name":"arg0_1","role":"input","mem":"hbm","elems":8388608,"broadcast":false,"dims":[64,2048,64],"logical":[2048,4096],"loop_factor":1},{"name":"arg1_1","role":"input","mem":"hbm","elems":8388608,"broadcast":false,"dims":[64,2048,64],"logical":[2048,4096],"loop_factor":1}],"reduction_cores":1,"loop_trip":4,"tiles_output_dim":true,"tile_rows_per_core":16.0,"is_matmul":false,"matmul_macs":0,"matmul_rows_per_core":0.0,"matmul_cols_per_core":0.0,"matmul_a_bytes":0,"matmul_b_bytes":0,"hbm_pattern":""},{"name":"mul","is_reduction":false,"out_elems":8388608,"cores":32,"dtype_bytes":2,"args":[{"name":"op1","role":"output","mem":"hbm","elems":8388608,"broadcast":false,"dims":[2048,4096],"logical":[2048,4096],"loop_factor":1},{"name":"buf0","role":"input","mem":"lx","elems":2097152,"broadcast":false,"dims":[64,512,64],"logical":[512,4096],"loop_factor":1},{"name":"arg2_1","role":"input","mem":"hbm","elems":8388608,"broadcast":false,"dims":[64,2048,64],"logical":[2048,4096],"loop_factor":1}],"reduction_cores":1,"loop_trip":4,"tiles_output_dim":true,"tile_rows_per_core":16,"is_matmul":false,"matmul_macs":0,"matmul_rows_per_core":0.0,"matmul_cols_per_core":0.0,"matmul_a_bytes":0,"matmul_b_bytes":0,"hbm_pattern":""}]
SUMMARY op=chain rows=2048 cols=4096 cores=32 tiles=4 lx=1 io_hbm_bytes=67108864 kernel_us=603.525 pred_us=572.309 err_pct=-5.2 bw_gbps=111.2 memset_us=286.924 other_dev_us=913.461 total_dev_us=1803.910
-- chain [2048,4096] tiles=8 lx=1
  op_it_space_splits={d0: 32, d1: 1}
  op_it_space_splits={d0: 32, d1: 1}
  op_it_space_splits={d0: 32, d1: 1}
  op_it_space_splits={d0: 32, d1: 1}
  op_it_space_splits={d0: 32, d1: 1}
  op_it_space_splits={d0: 32, d1: 1}
  op_it_space_splits={d0: 32, d1: 1}
  op_it_space_splits={d0: 32, d1: 1}
  op_it_space_splits={d0: 32, d1: 1}
  op_it_space_splits={d0: 32, d1: 1}
  op_it_space_splits={d0: 32, d1: 1}
  op_it_space_splits={d0: 32, d1: 1}
IO -- device-layout I/O (cost model, stick-padded) --
IO   op add
IO     output op0                    torch [256, 4096] -> device [64, 256, 64] in LX = 1048576 elems x 2B = 2097152 B  (hbm counted: 0 B)
IO     input  arg0_1                 torch [2048, 4096] -> device [64, 2048, 64] in HBM = 8388608 elems x 2B = 16777216 B  (hbm counted: 16777216 B)
IO     input  arg1_1                 torch [2048, 4096] -> device [64, 2048, 64] in HBM = 8388608 elems x 2B = 16777216 B  (hbm counted: 16777216 B)
IO   op mul
IO     output op1                    torch [2048, 4096] -> device [2048, 4096] in HBM = 8388608 elems x 2B = 16777216 B  (hbm counted: 16777216 B)
IO     input  buf0                   torch [256, 4096] -> device [64, 256, 64] in LX = 1048576 elems x 2B = 2097152 B  (hbm counted: 0 B)
IO     input  arg2_1                 torch [2048, 4096] -> device [64, 2048, 64] in HBM = 8388608 elems x 2B = 16777216 B  (hbm counted: 16777216 B)
IO   => HBM I/O total = 67108864 B  (lx 4194304 B, ~free)
MODEL -- estimate (turnaround): T = [(R+W)/BW_PEAK + a*min(R,W)] / eff_underfill --
MODEL   R=50331648 B (read)   W=16777216 B (write)   loop_trip L=8
MODEL   base = (R+W)/150 = 447.39 us
MODEL   turn = a*min(R,W) = 0.00574*16777216 = 96.30 us
MODEL   eff_underfill = min(0.95,(8.0/13)**0.68) = 0.719 -> (base+turn)/eff = 756.37 us
MODEL   => T_model = 756.37 us
MODEL FEATS [{"name":"add","is_reduction":false,"out_elems":1048576,"cores":32,"dtype_bytes":2,"args":[{"name":"op0","role":"output","mem":"lx","elems":1048576,"broadcast":false,"dims":[64,256,64],"logical":[256,4096],"loop_factor":1},{"name":"arg0_1","role":"input","mem":"hbm","elems":8388608,"broadcast":false,"dims":[64,2048,64],"logical":[2048,4096],"loop_factor":1},{"name":"arg1_1","role":"input","mem":"hbm","elems":8388608,"broadcast":false,"dims":[64,2048,64],"logical":[2048,4096],"loop_factor":1}],"reduction_cores":1,"loop_trip":8,"tiles_output_dim":true,"tile_rows_per_core":8.0,"is_matmul":false,"matmul_macs":0,"matmul_rows_per_core":0.0,"matmul_cols_per_core":0.0,"matmul_a_bytes":0,"matmul_b_bytes":0,"hbm_pattern":""},{"name":"mul","is_reduction":false,"out_elems":8388608,"cores":32,"dtype_bytes":2,"args":[{"name":"op1","role":"output","mem":"hbm","elems":8388608,"broadcast":false,"dims":[2048,4096],"logical":[2048,4096],"loop_factor":1},{"name":"buf0","role":"input","mem":"lx","elems":1048576,"broadcast":false,"dims":[64,256,64],"logical":[256,4096],"loop_factor":1},{"name":"arg2_1","role":"input","mem":"hbm","elems":8388608,"broadcast":false,"dims":[64,2048,64],"logical":[2048,4096],"loop_factor":1}],"reduction_cores":1,"loop_trip":8,"tiles_output_dim":true,"tile_rows_per_core":8,"is_matmul":false,"matmul_macs":0,"matmul_rows_per_core":0.0,"matmul_cols_per_core":0.0,"matmul_a_bytes":0,"matmul_b_bytes":0,"hbm_pattern":""}]
SUMMARY op=chain rows=2048 cols=4096 cores=32 tiles=8 lx=1 io_hbm_bytes=67108864 kernel_us=903.353 pred_us=756.370 err_pct=-16.3 bw_gbps=74.3 memset_us=316.523 other_dev_us=868.674 total_dev_us=2088.550
-- chain [2048,4096] tiles=16 lx=1
  op_it_space_splits={d0: 32, d1: 1}
  op_it_space_splits={d0: 32, d1: 1}
  op_it_space_splits={d0: 32, d1: 1}
  op_it_space_splits={d0: 32, d1: 1}
  op_it_space_splits={d0: 32, d1: 1}
  op_it_space_splits={d0: 32, d1: 1}
  op_it_space_splits={d0: 32, d1: 1}
  op_it_space_splits={d0: 32, d1: 1}
  op_it_space_splits={d0: 32, d1: 1}
  op_it_space_splits={d0: 32, d1: 1}
  op_it_space_splits={d0: 32, d1: 1}
  op_it_space_splits={d0: 32, d1: 1}
IO -- device-layout I/O (cost model, stick-padded) --
IO   op add
IO     output op0                    torch [128, 4096] -> device [64, 128, 64] in LX = 524288 elems x 2B = 1048576 B  (hbm counted: 0 B)
IO     input  arg0_1                 torch [2048, 4096] -> device [64, 2048, 64] in HBM = 8388608 elems x 2B = 16777216 B  (hbm counted: 16777216 B)
IO     input  arg1_1                 torch [2048, 4096] -> device [64, 2048, 64] in HBM = 8388608 elems x 2B = 16777216 B  (hbm counted: 16777216 B)
IO   op mul
IO     output op1                    torch [2048, 4096] -> device [2048, 4096] in HBM = 8388608 elems x 2B = 16777216 B  (hbm counted: 16777216 B)
IO     input  buf0                   torch [128, 4096] -> device [64, 128, 64] in LX = 524288 elems x 2B = 1048576 B  (hbm counted: 0 B)
IO     input  arg2_1                 torch [2048, 4096] -> device [64, 2048, 64] in HBM = 8388608 elems x 2B = 16777216 B  (hbm counted: 16777216 B)
IO   => HBM I/O total = 67108864 B  (lx 2097152 B, ~free)
MODEL -- estimate (turnaround): T = [(R+W)/BW_PEAK + a*min(R,W)] / eff_underfill --
MODEL   R=50331648 B (read)   W=16777216 B (write)   loop_trip L=16
MODEL   base = (R+W)/150 = 447.39 us
MODEL   turn = a*min(R,W) = 0.00574*16777216 = 96.30 us
MODEL   eff_underfill = min(0.95,(4.0/13)**0.68) = 0.449 -> (base+turn)/eff = 1211.81 us
MODEL   => T_model = 1211.81 us
MODEL FEATS [{"name":"add","is_reduction":false,"out_elems":524288,"cores":32,"dtype_bytes":2,"args":[{"name":"op0","role":"output","mem":"lx","elems":524288,"broadcast":false,"dims":[64,128,64],"logical":[128,4096],"loop_factor":1},{"name":"arg0_1","role":"input","mem":"hbm","elems":8388608,"broadcast":false,"dims":[64,2048,64],"logical":[2048,4096],"loop_factor":1},{"name":"arg1_1","role":"input","mem":"hbm","elems":8388608,"broadcast":false,"dims":[64,2048,64],"logical":[2048,4096],"loop_factor":1}],"reduction_cores":1,"loop_trip":16,"tiles_output_dim":true,"tile_rows_per_core":4.0,"is_matmul":false,"matmul_macs":0,"matmul_rows_per_core":0.0,"matmul_cols_per_core":0.0,"matmul_a_bytes":0,"matmul_b_bytes":0,"hbm_pattern":""},{"name":"mul","is_reduction":false,"out_elems":8388608,"cores":32,"dtype_bytes":2,"args":[{"name":"op1","role":"output","mem":"hbm","elems":8388608,"broadcast":false,"dims":[2048,4096],"logical":[2048,4096],"loop_factor":1},{"name":"buf0","role":"input","mem":"lx","elems":524288,"broadcast":false,"dims":[64,128,64],"logical":[128,4096],"loop_factor":1},{"name":"arg2_1","role":"input","mem":"hbm","elems":8388608,"broadcast":false,"dims":[64,2048,64],"logical":[2048,4096],"loop_factor":1}],"reduction_cores":1,"loop_trip":16,"tiles_output_dim":true,"tile_rows_per_core":4,"is_matmul":false,"matmul_macs":0,"matmul_rows_per_core":0.0,"matmul_cols_per_core":0.0,"matmul_a_bytes":0,"matmul_b_bytes":0,"hbm_pattern":""}]
SUMMARY op=chain rows=2048 cols=4096 cores=32 tiles=16 lx=1 io_hbm_bytes=67108864 kernel_us=1001.844 pred_us=1211.811 err_pct=+21.0 bw_gbps=67.0 memset_us=348.653 other_dev_us=841.477 total_dev_us=2191.974
-- ctsum [2048,512] tiles=1 lx=0
  op_it_space_splits={d0: 8, d1: 4}
IO -- device-layout I/O (cost model, stick-padded) --
IO   op sum_1 [reduction]
IO     output op0                    torch [512] -> device [8, 64] in HBM = 512 elems x 2B = 1024 B  (hbm counted: 1024 B)
IO     input  arg0_1                 torch [2048, 512] -> device [8, 2048, 64] in HBM = 1048576 elems x 2B = 2097152 B  (hbm counted: 2097152 B)
IO   => HBM I/O total = 2098176 B  (lx 0 B, ~free)
MODEL -- estimate (turnaround): T = (R+W)/BW_PEAK + a*min(R,W) --
MODEL   R=2097152 B (read)   W=1024 B (write)   loop_trip L=1
MODEL   base = (R+W)/150 = 13.99 us
MODEL   turn = a*min(R,W) = 0.00574*1024 = 0.01 us
MODEL   => T_model = 18.57 us
MODEL FEATS [{"name":"sum_1","is_reduction":true,"out_elems":512,"cores":32,"dtype_bytes":2,"args":[{"name":"op0","role":"output","mem":"hbm","elems":512,"broadcast":false,"dims":[8,64],"logical":[512],"loop_factor":1},{"name":"arg0_1","role":"input","mem":"hbm","elems":1048576,"broadcast":false,"dims":[8,2048,64],"logical":[2048,512],"loop_factor":1}],"reduction_cores":1,"loop_trip":1,"tiles_output_dim":false,"tile_rows_per_core":0.0,"is_matmul":false,"matmul_macs":0,"matmul_rows_per_core":0.0,"matmul_cols_per_core":0.0,"matmul_a_bytes":0,"matmul_b_bytes":0,"hbm_pattern":"reduce_outer"}]
SUMMARY op=ctsum rows=2048 cols=512 cores=32 tiles=1 lx=0 io_hbm_bytes=2098176 kernel_us=17.263 pred_us=18.568 err_pct=+7.6 bw_gbps=121.5 memset_us=38.639 other_dev_us=14.616 total_dev_us=70.518
-- ctsum [2048,512] tiles=2 lx=0
  op_it_space_splits={d0: 8}
  op_it_space_splits={d0: 8, d1: 4}
  op_it_space_splits={d0: 8}
SUMMARY op=ctsum rows=2048 cols=512 tiles=2 lx=0 FAILED reason=InductorError: CalledProcessError: Command '['dxp_standalone', '--bundle', '-d', '/tmp/torchinductor_haoyang/tmp3sf0st4n/inductor-spyre/sdsc_fused_sum_1_au
-- ctsum [2048,512] tiles=4 lx=0
  op_it_space_splits={d0: 8}
  op_it_space_splits={d0: 8, d1: 4}
  op_it_space_splits={d0: 8}
SUMMARY op=ctsum rows=2048 cols=512 tiles=4 lx=0 FAILED reason=InductorError: CalledProcessError: Command '['dxp_standalone', '--bundle', '-d', '/tmp/torchinductor_haoyang/tmp0mht50xg/inductor-spyre/sdsc_fused_sum_1_8z
-- ctsum [2048,512] tiles=8 lx=0
  op_it_space_splits={d0: 8}
  op_it_space_splits={d0: 8, d1: 4}
  op_it_space_splits={d0: 8}
SUMMARY op=ctsum rows=2048 cols=512 tiles=8 lx=0 FAILED reason=InductorError: CalledProcessError: Command '['dxp_standalone', '--bundle', '-d', '/tmp/torchinductor_haoyang/tmpym1ionuz/inductor-spyre/sdsc_fused_sum_1_ba
-- ctsum [2048,512] tiles=1 lx=1
  op_it_space_splits={d0: 8, d1: 4}
IO -- device-layout I/O (cost model, stick-padded) --
IO   op sum_1 [reduction]
IO     output op0                    torch [512] -> device [8, 64] in HBM = 512 elems x 2B = 1024 B  (hbm counted: 1024 B)
IO     input  arg0_1                 torch [2048, 512] -> device [8, 2048, 64] in HBM = 1048576 elems x 2B = 2097152 B  (hbm counted: 2097152 B)
IO   => HBM I/O total = 2098176 B  (lx 0 B, ~free)
MODEL -- estimate (turnaround): T = (R+W)/BW_PEAK + a*min(R,W) --
MODEL   R=2097152 B (read)   W=1024 B (write)   loop_trip L=1
MODEL   base = (R+W)/150 = 13.99 us
MODEL   turn = a*min(R,W) = 0.00574*1024 = 0.01 us
MODEL   => T_model = 18.57 us
MODEL FEATS [{"name":"sum_1","is_reduction":true,"out_elems":512,"cores":32,"dtype_bytes":2,"args":[{"name":"op0","role":"output","mem":"hbm","elems":512,"broadcast":false,"dims":[8,64],"logical":[512],"loop_factor":1},{"name":"arg0_1","role":"input","mem":"hbm","elems":1048576,"broadcast":false,"dims":[8,2048,64],"logical":[2048,512],"loop_factor":1}],"reduction_cores":1,"loop_trip":1,"tiles_output_dim":false,"tile_rows_per_core":0.0,"is_matmul":false,"matmul_macs":0,"matmul_rows_per_core":0.0,"matmul_cols_per_core":0.0,"matmul_a_bytes":0,"matmul_b_bytes":0,"hbm_pattern":"reduce_outer"}]
SUMMARY op=ctsum rows=2048 cols=512 cores=32 tiles=1 lx=1 io_hbm_bytes=2098176 kernel_us=19.288 pred_us=18.568 err_pct=-3.7 bw_gbps=108.8 memset_us=18.923 other_dev_us=17.983 total_dev_us=56.194
-- ctsum [2048,512] tiles=2 lx=1
  op_it_space_splits={d0: 8}
  op_it_space_splits={d0: 8, d1: 4}
  op_it_space_splits={d0: 8}
SUMMARY op=ctsum rows=2048 cols=512 tiles=2 lx=1 FAILED reason=InductorError: CalledProcessError: Command '['dxp_standalone', '--bundle', '-d', '/tmp/torchinductor_haoyang/tmpun61jfsi/inductor-spyre/sdsc_fused_sum_1_ep
-- ctsum [2048,512] tiles=4 lx=1
  op_it_space_splits={d0: 8}
  op_it_space_splits={d0: 8, d1: 4}
  op_it_space_splits={d0: 8}
SUMMARY op=ctsum rows=2048 cols=512 tiles=4 lx=1 FAILED reason=InductorError: CalledProcessError: Command '['dxp_standalone', '--bundle', '-d', '/tmp/torchinductor_haoyang/tmpmpryoivm/inductor-spyre/sdsc_fused_sum_1_fx
-- ctsum [2048,512] tiles=8 lx=1
  op_it_space_splits={d0: 8}
  op_it_space_splits={d0: 8, d1: 4}
  op_it_space_splits={d0: 8}
SUMMARY op=ctsum rows=2048 cols=512 tiles=8 lx=1 FAILED reason=InductorError: CalledProcessError: Command '['dxp_standalone', '--bundle', '-d', '/tmp/torchinductor_haoyang/tmp_udawtg_/inductor-spyre/sdsc_fused_sum_1_bn
==== DONE -> forward /dev/null ====

################################################################
## >>> run_softmax_terms_sweep.sh 
################################################################
==== softmax term sweep Thu Jul  9 22:04:23 UTC 2026 ====
git: 2012d4f  sections: GR VAR SP
## GR softmax COLS=2048: ROWS{2048,4096,8192,16384} x TILES{4,8,16,32}
-- softmax [2048,2048] tiles=4 (ROWS/tile=512)
  op_it_space_splits={d0: 32, d1: 1}
  op_it_space_splits={d0: 32, d1: 1}
  op_it_space_splits={d0: 32, d1: 1}
  op_it_space_splits={d0: 32, d1: 1}
  op_it_space_splits={d0: 32, d1: 1}
  op_it_space_splits={d0: 32, d1: 1}
  op_it_space_splits={d0: 32, d1: 1}
  op_it_space_splits={d0: 32, d1: 1}
  op_it_space_splits={d0: 32, d1: 1}
  op_it_space_splits={d0: 32, d1: 1}
  op_it_space_splits={d0: 32, d1: 1}
  op_it_space_splits={d0: 32, d1: 1}
  op_it_space_splits={d0: 32, d1: 1}
  op_it_space_splits={d0: 32, d1: 1}
  op_it_space_splits={d0: 32, d1: 1}
  op_it_space_splits={d0: 32, d1: 1}
  op_it_space_splits={d0: 32, d1: 1}
  op_it_space_splits={d0: 32, d1: 1}
  op_it_space_splits={d0: 32, d1: 1}
  op_it_space_splits={d0: 32, d1: 1}
  op_it_space_splits={d0: 32, d1: 1}
  op_it_space_splits={d0: 32, d1: 1}
  op_it_space_splits={d0: 32, d1: 1}
  op_it_space_splits={d0: 32, d1: 1}
  op_it_space_splits={d0: 32, d1: 1}
  op_it_space_splits={d0: 32, d1: 1}
  op_it_space_splits={d0: 32, d1: 1}
  op_it_space_splits={d0: 32, d1: 1}
  op_it_space_splits={d0: 32, d1: 1}
  op_it_space_splits={d0: 32, d1: 1}
IO -- device-layout I/O (cost model, stick-padded) --
IO   op amax [reduction]
IO     output op0                    torch [512, 1] -> device [1, 512, 64] in LX = 32768 elems x 2B = 65536 B  (hbm counted: 0 B)
IO     input  arg0_1                 torch [2048, 2048] -> device [32, 2048, 64] in HBM = 4194304 elems x 2B = 8388608 B  (hbm counted: 8388608 B)
IO   op sub
IO     output op1                    torch [512, 2048] -> device [32, 512, 64] in LX = 1048576 elems x 2B = 2097152 B  (hbm counted: 0 B)
IO     input  arg0_1                 torch [2048, 2048] -> device [32, 2048, 64] in HBM = 4194304 elems x 2B = 8388608 B  (hbm counted: 8388608 B)
IO     input  buf0                   torch [512, 1] -> device [1, 512, 64] in LX = 32768 elems x 2B = 65536 B  (hbm counted: 0 B) broadcast (loaded once)
IO   op exp
IO     output op2                    torch [512, 2048] -> device [32, 512, 64] in LX = 1048576 elems x 2B = 2097152 B  (hbm counted: 0 B)
IO     input  buf1                   torch [512, 2048] -> device [32, 512, 64] in LX = 1048576 elems x 2B = 2097152 B  (hbm counted: 0 B)
IO   op sum_1 [reduction]
IO     output op3                    torch [512, 1] -> device [1, 512, 64] in LX = 32768 elems x 2B = 65536 B  (hbm counted: 0 B)
IO     input  buf2                   torch [512, 2048] -> device [32, 512, 64] in LX = 1048576 elems x 2B = 2097152 B  (hbm counted: 0 B)
IO   op div
IO     output op4                    torch [2048, 2048] -> device [2048, 2048] in HBM = 4194304 elems x 2B = 8388608 B  (hbm counted: 8388608 B)
IO     input  buf2                   torch [512, 2048] -> device [32, 512, 64] in LX = 1048576 elems x 2B = 2097152 B  (hbm counted: 0 B)
IO     input  buf3                   torch [512, 1] -> device [1, 512, 64] in LX = 32768 elems x 2B = 65536 B  (hbm counted: 0 B) broadcast (loaded once)
IO   => HBM I/O total = 25165824 B  (lx 10747904 B, ~free)
MODEL -- estimate (turnaround): T = [(R+W)/BW_PEAK + a*min(R,W)] / eff_underfill --
MODEL   R=8388608 B (read)   W=8388608 B (write)   loop_trip L=4
MODEL   base = (R+W)/150 = 111.85 us
MODEL   turn = a*min(R,W) = 0.00574*8388608 = 48.15 us
MODEL   eff_underfill = min(0.95,(16.0/13)**0.68) = 0.950 -> (base+turn)/eff = 168.42 us
MODEL   => T_model = 168.42 us
MODEL FEATS [{"name":"amax","is_reduction":true,"out_elems":32768,"cores":32,"dtype_bytes":2,"args":[{"name":"op0","role":"output","mem":"lx","elems":32768,"broadcast":false,"dims":[1,512,64],"logical":[512,1],"loop_factor":1},{"name":"arg0_1","role":"input","mem":"hbm","elems":4194304,"broadcast":false,"dims":[32,2048,64],"logical":[2048,2048],"loop_factor":1}],"reduction_cores":1,"loop_trip":4,"tiles_output_dim":true,"tile_rows_per_core":16.0,"is_matmul":false,"matmul_macs":0,"matmul_rows_per_core":0.0,"matmul_cols_per_core":0.0,"matmul_a_bytes":0,"matmul_b_bytes":0,"hbm_pattern":""},{"name":"sub","is_reduction":false,"out_elems":1048576,"cores":32,"dtype_bytes":2,"args":[{"name":"op1","role":"output","mem":"lx","elems":1048576,"broadcast":false,"dims":[32,512,64],"logical":[512,2048],"loop_factor":1},{"name":"arg0_1","role":"input","mem":"hbm","elems":4194304,"broadcast":false,"dims":[32,2048,64],"logical":[2048,2048],"loop_factor":1},{"name":"buf0","role":"input","mem":"lx","elems":32768,"broadcast":true,"dims":[1,512,64],"logical":[512,1],"loop_factor":1}],"reduction_cores":1,"loop_trip":4,"tiles_output_dim":true,"tile_rows_per_core":16.0,"is_matmul":false,"matmul_macs":0,"matmul_rows_per_core":0.0,"matmul_cols_per_core":0.0,"matmul_a_bytes":0,"matmul_b_bytes":0,"hbm_pattern":""},{"name":"exp","is_reduction":false,"out_elems":1048576,"cores":32,"dtype_bytes":2,"args":[{"name":"op2","role":"output","mem":"lx","elems":1048576,"broadcast":false,"dims":[32,512,64],"logical":[512,2048],"loop_factor":1},{"name":"buf1","role":"input","mem":"lx","elems":1048576,"broadcast":false,"dims":[32,512,64],"logical":[512,2048],"loop_factor":1}],"reduction_cores":1,"loop_trip":4,"tiles_output_dim":true,"tile_rows_per_core":16.0,"is_matmul":false,"matmul_macs":0,"matmul_rows_per_core":0.0,"matmul_cols_per_core":0.0,"matmul_a_bytes":0,"matmul_b_bytes":0,"hbm_pattern":""},{"name":"sum_1","is_reduction":true,"out_elems":32768,"cores":32,"dtype_bytes":2,"args":[{"name":"op3","role":"output","mem":"lx","elems":32768,"broadcast":false,"dims":[1,512,64],"logical":[512,1],"loop_factor":1},{"name":"buf2","role":"input","mem":"lx","elems":1048576,"broadcast":false,"dims":[32,512,64],"logical":[512,2048],"loop_factor":1}],"reduction_cores":1,"loop_trip":4,"tiles_output_dim":true,"tile_rows_per_core":16.0,"is_matmul":false,"matmul_macs":0,"matmul_rows_per_core":0.0,"matmul_cols_per_core":0.0,"matmul_a_bytes":0,"matmul_b_bytes":0,"hbm_pattern":""},{"name":"div","is_reduction":false,"out_elems":4194304,"cores":32,"dtype_bytes":2,"args":[{"name":"op4","role":"output","mem":"hbm","elems":4194304,"broadcast":false,"dims":[2048,2048],"logical":[2048,2048],"loop_factor":1},{"name":"buf2","role":"input","mem":"lx","elems":1048576,"broadcast":false,"dims":[32,512,64],"logical":[512,2048],"loop_factor":1},{"name":"buf3","role":"input","mem":"lx","elems":32768,"broadcast":true,"dims":[1,512,64],"logical":[512,1],"loop_factor":1}],"reduction_cores":1,"loop_trip":4,"tiles_output_dim":true,"tile_rows_per_core":16,"is_matmul":false,"matmul_macs":0,"matmul_rows_per_core":0.0,"matmul_cols_per_core":0.0,"matmul_a_bytes":0,"matmul_b_bytes":0,"hbm_pattern":""}]
SUMMARY op=softmax_row_tiling rows=2048 cols=2048 cores=32 tiles=4 lx=1 io_hbm_bytes=25165824 kernel_us=171.661 pred_us=168.420 err_pct=-1.9 bw_gbps=146.6 memset_us=156.979 other_dev_us=355.050 total_dev_us=683.690
-- softmax [2048,2048] tiles=8 (ROWS/tile=256)
  op_it_space_splits={d0: 32, d1: 1}
  op_it_space_splits={d0: 32, d1: 1}
  op_it_space_splits={d0: 32, d1: 1}
  op_it_space_splits={d0: 32, d1: 1}
  op_it_space_splits={d0: 32, d1: 1}
  op_it_space_splits={d0: 32, d1: 1}
  op_it_space_splits={d0: 32, d1: 1}
  op_it_space_splits={d0: 32, d1: 1}
  op_it_space_splits={d0: 32, d1: 1}
  op_it_space_splits={d0: 32, d1: 1}
  op_it_space_splits={d0: 32, d1: 1}
  op_it_space_splits={d0: 32, d1: 1}
  op_it_space_splits={d0: 32, d1: 1}
  op_it_space_splits={d0: 32, d1: 1}
  op_it_space_splits={d0: 32, d1: 1}
  op_it_space_splits={d0: 32, d1: 1}
  op_it_space_splits={d0: 32, d1: 1}
  op_it_space_splits={d0: 32, d1: 1}
  op_it_space_splits={d0: 32, d1: 1}
  op_it_space_splits={d0: 32, d1: 1}
  op_it_space_splits={d0: 32, d1: 1}
  op_it_space_splits={d0: 32, d1: 1}
  op_it_space_splits={d0: 32, d1: 1}
  op_it_space_splits={d0: 32, d1: 1}
  op_it_space_splits={d0: 32, d1: 1}
  op_it_space_splits={d0: 32, d1: 1}
  op_it_space_splits={d0: 32, d1: 1}
  op_it_space_splits={d0: 32, d1: 1}
  op_it_space_splits={d0: 32, d1: 1}
  op_it_space_splits={d0: 32, d1: 1}
IO -- device-layout I/O (cost model, stick-padded) --
IO   op amax [reduction]
IO     output op0                    torch [256, 1] -> device [1, 256, 64] in LX = 16384 elems x 2B = 32768 B  (hbm counted: 0 B)
IO     input  arg0_1                 torch [2048, 2048] -> device [32, 2048, 64] in HBM = 4194304 elems x 2B = 8388608 B  (hbm counted: 8388608 B)
IO   op sub
IO     output op1                    torch [256, 2048] -> device [32, 256, 64] in LX = 524288 elems x 2B = 1048576 B  (hbm counted: 0 B)
IO     input  arg0_1                 torch [2048, 2048] -> device [32, 2048, 64] in HBM = 4194304 elems x 2B = 8388608 B  (hbm counted: 8388608 B)
IO     input  buf0                   torch [256, 1] -> device [1, 256, 64] in LX = 16384 elems x 2B = 32768 B  (hbm counted: 0 B) broadcast (loaded once)
IO   op exp
IO     output op2                    torch [256, 2048] -> device [32, 256, 64] in LX = 524288 elems x 2B = 1048576 B  (hbm counted: 0 B)
IO     input  buf1                   torch [256, 2048] -> device [32, 256, 64] in LX = 524288 elems x 2B = 1048576 B  (hbm counted: 0 B)
IO   op sum_1 [reduction]
IO     output op3                    torch [256, 1] -> device [1, 256, 64] in LX = 16384 elems x 2B = 32768 B  (hbm counted: 0 B)
IO     input  buf2                   torch [256, 2048] -> device [32, 256, 64] in LX = 524288 elems x 2B = 1048576 B  (hbm counted: 0 B)
IO   op div
IO     output op4                    torch [2048, 2048] -> device [2048, 2048] in HBM = 4194304 elems x 2B = 8388608 B  (hbm counted: 8388608 B)
IO     input  buf2                   torch [256, 2048] -> device [32, 256, 64] in LX = 524288 elems x 2B = 1048576 B  (hbm counted: 0 B)
IO     input  buf3                   torch [256, 1] -> device [1, 256, 64] in LX = 16384 elems x 2B = 32768 B  (hbm counted: 0 B) broadcast (loaded once)
IO   => HBM I/O total = 25165824 B  (lx 5373952 B, ~free)
MODEL -- estimate (turnaround): T = [(R+W)/BW_PEAK + a*min(R,W)] / eff_underfill --
MODEL   R=8388608 B (read)   W=8388608 B (write)   loop_trip L=8
MODEL   base = (R+W)/150 = 111.85 us
MODEL   turn = a*min(R,W) = 0.00574*8388608 = 48.15 us
MODEL   eff_underfill = min(0.95,(8.0/13)**0.68) = 0.719 -> (base+turn)/eff = 222.59 us
MODEL   => T_model = 222.59 us
MODEL FEATS [{"name":"amax","is_reduction":true,"out_elems":16384,"cores":32,"dtype_bytes":2,"args":[{"name":"op0","role":"output","mem":"lx","elems":16384,"broadcast":false,"dims":[1,256,64],"logical":[256,1],"loop_factor":1},{"name":"arg0_1","role":"input","mem":"hbm","elems":4194304,"broadcast":false,"dims":[32,2048,64],"logical":[2048,2048],"loop_factor":1}],"reduction_cores":1,"loop_trip":8,"tiles_output_dim":true,"tile_rows_per_core":8.0,"is_matmul":false,"matmul_macs":0,"matmul_rows_per_core":0.0,"matmul_cols_per_core":0.0,"matmul_a_bytes":0,"matmul_b_bytes":0,"hbm_pattern":""},{"name":"sub","is_reduction":false,"out_elems":524288,"cores":32,"dtype_bytes":2,"args":[{"name":"op1","role":"output","mem":"lx","elems":524288,"broadcast":false,"dims":[32,256,64],"logical":[256,2048],"loop_factor":1},{"name":"arg0_1","role":"input","mem":"hbm","elems":4194304,"broadcast":false,"dims":[32,2048,64],"logical":[2048,2048],"loop_factor":1},{"name":"buf0","role":"input","mem":"lx","elems":16384,"broadcast":true,"dims":[1,256,64],"logical":[256,1],"loop_factor":1}],"reduction_cores":1,"loop_trip":8,"tiles_output_dim":true,"tile_rows_per_core":8.0,"is_matmul":false,"matmul_macs":0,"matmul_rows_per_core":0.0,"matmul_cols_per_core":0.0,"matmul_a_bytes":0,"matmul_b_bytes":0,"hbm_pattern":""},{"name":"exp","is_reduction":false,"out_elems":524288,"cores":32,"dtype_bytes":2,"args":[{"name":"op2","role":"output","mem":"lx","elems":524288,"broadcast":false,"dims":[32,256,64],"logical":[256,2048],"loop_factor":1},{"name":"buf1","role":"input","mem":"lx","elems":524288,"broadcast":false,"dims":[32,256,64],"logical":[256,2048],"loop_factor":1}],"reduction_cores":1,"loop_trip":8,"tiles_output_dim":true,"tile_rows_per_core":8.0,"is_matmul":false,"matmul_macs":0,"matmul_rows_per_core":0.0,"matmul_cols_per_core":0.0,"matmul_a_bytes":0,"matmul_b_bytes":0,"hbm_pattern":""},{"name":"sum_1","is_reduction":true,"out_elems":16384,"cores":32,"dtype_bytes":2,"args":[{"name":"op3","role":"output","mem":"lx","elems":16384,"broadcast":false,"dims":[1,256,64],"logical":[256,1],"loop_factor":1},{"name":"buf2","role":"input","mem":"lx","elems":524288,"broadcast":false,"dims":[32,256,64],"logical":[256,2048],"loop_factor":1}],"reduction_cores":1,"loop_trip":8,"tiles_output_dim":true,"tile_rows_per_core":8.0,"is_matmul":false,"matmul_macs":0,"matmul_rows_per_core":0.0,"matmul_cols_per_core":0.0,"matmul_a_bytes":0,"matmul_b_bytes":0,"hbm_pattern":""},{"name":"div","is_reduction":false,"out_elems":4194304,"cores":32,"dtype_bytes":2,"args":[{"name":"op4","role":"output","mem":"hbm","elems":4194304,"broadcast":false,"dims":[2048,2048],"logical":[2048,2048],"loop_factor":1},{"name":"buf2","role":"input","mem":"lx","elems":524288,"broadcast":false,"dims":[32,256,64],"logical":[256,2048],"loop_factor":1},{"name":"buf3","role":"input","mem":"lx","elems":16384,"broadcast":true,"dims":[1,256,64],"logical":[256,1],"loop_factor":1}],"reduction_cores":1,"loop_trip":8,"tiles_output_dim":true,"tile_rows_per_core":8,"is_matmul":false,"matmul_macs":0,"matmul_rows_per_core":0.0,"matmul_cols_per_core":0.0,"matmul_a_bytes":0,"matmul_b_bytes":0,"hbm_pattern":""}]
SUMMARY op=softmax_row_tiling rows=2048 cols=2048 cores=32 tiles=8 lx=1 io_hbm_bytes=25165824 kernel_us=204.388 pred_us=222.585 err_pct=+8.9 bw_gbps=123.1 memset_us=294.787 other_dev_us=393.884 total_dev_us=893.059
-- softmax [2048,2048] tiles=16 (ROWS/tile=128)
  op_it_space_splits={d0: 32, d1: 1}
  op_it_space_splits={d0: 32, d1: 1}
  op_it_space_splits={d0: 32, d1: 1}
  op_it_space_splits={d0: 32, d1: 1}
  op_it_space_splits={d0: 32, d1: 1}
  op_it_space_splits={d0: 32, d1: 1}
  op_it_space_splits={d0: 32, d1: 1}
  op_it_space_splits={d0: 32, d1: 1}
  op_it_space_splits={d0: 32, d1: 1}
  op_it_space_splits={d0: 32, d1: 1}
  op_it_space_splits={d0: 32, d1: 1}
  op_it_space_splits={d0: 32, d1: 1}
  op_it_space_splits={d0: 32, d1: 1}
  op_it_space_splits={d0: 32, d1: 1}
  op_it_space_splits={d0: 32, d1: 1}
  op_it_space_splits={d0: 32, d1: 1}
  op_it_space_splits={d0: 32, d1: 1}
  op_it_space_splits={d0: 32, d1: 1}
  op_it_space_splits={d0: 32, d1: 1}
  op_it_space_splits={d0: 32, d1: 1}
  op_it_space_splits={d0: 32, d1: 1}
  op_it_space_splits={d0: 32, d1: 1}
  op_it_space_splits={d0: 32, d1: 1}
  op_it_space_splits={d0: 32, d1: 1}
  op_it_space_splits={d0: 32, d1: 1}
  op_it_space_splits={d0: 32, d1: 1}
  op_it_space_splits={d0: 32, d1: 1}
  op_it_space_splits={d0: 32, d1: 1}
  op_it_space_splits={d0: 32, d1: 1}
  op_it_space_splits={d0: 32, d1: 1}
IO -- device-layout I/O (cost model, stick-padded) --
IO   op amax [reduction]
IO     output op0                    torch [128, 1] -> device [1, 128, 64] in LX = 8192 elems x 2B = 16384 B  (hbm counted: 0 B)
IO     input  arg0_1                 torch [2048, 2048] -> device [32, 2048, 64] in HBM = 4194304 elems x 2B = 8388608 B  (hbm counted: 8388608 B)
IO   op sub
IO     output op1                    torch [128, 2048] -> device [32, 128, 64] in LX = 262144 elems x 2B = 524288 B  (hbm counted: 0 B)
IO     input  arg0_1                 torch [2048, 2048] -> device [32, 2048, 64] in HBM = 4194304 elems x 2B = 8388608 B  (hbm counted: 8388608 B)
IO     input  buf0                   torch [128, 1] -> device [1, 128, 64] in LX = 8192 elems x 2B = 16384 B  (hbm counted: 0 B) broadcast (loaded once)
IO   op exp
IO     output op2                    torch [128, 2048] -> device [32, 128, 64] in LX = 262144 elems x 2B = 524288 B  (hbm counted: 0 B)
IO     input  buf1                   torch [128, 2048] -> device [32, 128, 64] in LX = 262144 elems x 2B = 524288 B  (hbm counted: 0 B)
IO   op sum_1 [reduction]
IO     output op3                    torch [128, 1] -> device [1, 128, 64] in LX = 8192 elems x 2B = 16384 B  (hbm counted: 0 B)
IO     input  buf2                   torch [128, 2048] -> device [32, 128, 64] in LX = 262144 elems x 2B = 524288 B  (hbm counted: 0 B)
IO   op div
IO     output op4                    torch [2048, 2048] -> device [2048, 2048] in HBM = 4194304 elems x 2B = 8388608 B  (hbm counted: 8388608 B)
IO     input  buf2                   torch [128, 2048] -> device [32, 128, 64] in LX = 262144 elems x 2B = 524288 B  (hbm counted: 0 B)
IO     input  buf3                   torch [128, 1] -> device [1, 128, 64] in LX = 8192 elems x 2B = 16384 B  (hbm counted: 0 B) broadcast (loaded once)
IO   => HBM I/O total = 25165824 B  (lx 2686976 B, ~free)
MODEL -- estimate (turnaround): T = [(R+W)/BW_PEAK + a*min(R,W)] / eff_underfill --
MODEL   R=8388608 B (read)   W=8388608 B (write)   loop_trip L=16
MODEL   base = (R+W)/150 = 111.85 us
MODEL   turn = a*min(R,W) = 0.00574*8388608 = 48.15 us
MODEL   eff_underfill = min(0.95,(4.0/13)**0.68) = 0.449 -> (base+turn)/eff = 356.61 us
MODEL   => T_model = 356.61 us
MODEL FEATS [{"name":"amax","is_reduction":true,"out_elems":8192,"cores":32,"dtype_bytes":2,"args":[{"name":"op0","role":"output","mem":"lx","elems":8192,"broadcast":false,"dims":[1,128,64],"logical":[128,1],"loop_factor":1},{"name":"arg0_1","role":"input","mem":"hbm","elems":4194304,"broadcast":false,"dims":[32,2048,64],"logical":[2048,2048],"loop_factor":1}],"reduction_cores":1,"loop_trip":16,"tiles_output_dim":true,"tile_rows_per_core":4.0,"is_matmul":false,"matmul_macs":0,"matmul_rows_per_core":0.0,"matmul_cols_per_core":0.0,"matmul_a_bytes":0,"matmul_b_bytes":0,"hbm_pattern":""},{"name":"sub","is_reduction":false,"out_elems":262144,"cores":32,"dtype_bytes":2,"args":[{"name":"op1","role":"output","mem":"lx","elems":262144,"broadcast":false,"dims":[32,128,64],"logical":[128,2048],"loop_factor":1},{"name":"arg0_1","role":"input","mem":"hbm","elems":4194304,"broadcast":false,"dims":[32,2048,64],"logical":[2048,2048],"loop_factor":1},{"name":"buf0","role":"input","mem":"lx","elems":8192,"broadcast":true,"dims":[1,128,64],"logical":[128,1],"loop_factor":1}],"reduction_cores":1,"loop_trip":16,"tiles_output_dim":true,"tile_rows_per_core":4.0,"is_matmul":false,"matmul_macs":0,"matmul_rows_per_core":0.0,"matmul_cols_per_core":0.0,"matmul_a_bytes":0,"matmul_b_bytes":0,"hbm_pattern":""},{"name":"exp","is_reduction":false,"out_elems":262144,"cores":32,"dtype_bytes":2,"args":[{"name":"op2","role":"output","mem":"lx","elems":262144,"broadcast":false,"dims":[32,128,64],"logical":[128,2048],"loop_factor":1},{"name":"buf1","role":"input","mem":"lx","elems":262144,"broadcast":false,"dims":[32,128,64],"logical":[128,2048],"loop_factor":1}],"reduction_cores":1,"loop_trip":16,"tiles_output_dim":true,"tile_rows_per_core":4.0,"is_matmul":false,"matmul_macs":0,"matmul_rows_per_core":0.0,"matmul_cols_per_core":0.0,"matmul_a_bytes":0,"matmul_b_bytes":0,"hbm_pattern":""},{"name":"sum_1","is_reduction":true,"out_elems":8192,"cores":32,"dtype_bytes":2,"args":[{"name":"op3","role":"output","mem":"lx","elems":8192,"broadcast":false,"dims":[1,128,64],"logical":[128,1],"loop_factor":1},{"name":"buf2","role":"input","mem":"lx","elems":262144,"broadcast":false,"dims":[32,128,64],"logical":[128,2048],"loop_factor":1}],"reduction_cores":1,"loop_trip":16,"tiles_output_dim":true,"tile_rows_per_core":4.0,"is_matmul":false,"matmul_macs":0,"matmul_rows_per_core":0.0,"matmul_cols_per_core":0.0,"matmul_a_bytes":0,"matmul_b_bytes":0,"hbm_pattern":""},{"name":"div","is_reduction":false,"out_elems":4194304,"cores":32,"dtype_bytes":2,"args":[{"name":"op4","role":"output","mem":"hbm","elems":4194304,"broadcast":false,"dims":[2048,2048],"logical":[2048,2048],"loop_factor":1},{"name":"buf2","role":"input","mem":"lx","elems":262144,"broadcast":false,"dims":[32,128,64],"logical":[128,2048],"loop_factor":1},{"name":"buf3","role":"input","mem":"lx","elems":8192,"broadcast":true,"dims":[1,128,64],"logical":[128,1],"loop_factor":1}],"reduction_cores":1,"loop_trip":16,"tiles_output_dim":true,"tile_rows_per_core":4,"is_matmul":false,"matmul_macs":0,"matmul_rows_per_core":0.0,"matmul_cols_per_core":0.0,"matmul_a_bytes":0,"matmul_b_bytes":0,"hbm_pattern":""}]
SUMMARY op=softmax_row_tiling rows=2048 cols=2048 cores=32 tiles=16 lx=1 io_hbm_bytes=25165824 kernel_us=323.464 pred_us=356.613 err_pct=+10.2 bw_gbps=77.8 memset_us=225.917 other_dev_us=777.092 total_dev_us=1326.473
-- softmax [2048,2048] tiles=32 (ROWS/tile=64)
  op_it_space_splits={d0: 32, d1: 1}
  op_it_space_splits={d0: 32, d1: 1}
  op_it_space_splits={d0: 32, d1: 1}
  op_it_space_splits={d0: 32, d1: 1}
  op_it_space_splits={d0: 32, d1: 1}
  op_it_space_splits={d0: 32, d1: 1}
  op_it_space_splits={d0: 32, d1: 1}
  op_it_space_splits={d0: 32, d1: 1}
  op_it_space_splits={d0: 32, d1: 1}
  op_it_space_splits={d0: 32, d1: 1}
  op_it_space_splits={d0: 32, d1: 1}
  op_it_space_splits={d0: 32, d1: 1}
  op_it_space_splits={d0: 32, d1: 1}
  op_it_space_splits={d0: 32, d1: 1}
  op_it_space_splits={d0: 32, d1: 1}
  op_it_space_splits={d0: 32, d1: 1}
  op_it_space_splits={d0: 32, d1: 1}
  op_it_space_splits={d0: 32, d1: 1}
  op_it_space_splits={d0: 32, d1: 1}
  op_it_space_splits={d0: 32, d1: 1}
  op_it_space_splits={d0: 32, d1: 1}
  op_it_space_splits={d0: 32, d1: 1}
  op_it_space_splits={d0: 32, d1: 1}
  op_it_space_splits={d0: 32, d1: 1}
  op_it_space_splits={d0: 32, d1: 1}
  op_it_space_splits={d0: 32, d1: 1}
  op_it_space_splits={d0: 32, d1: 1}
  op_it_space_splits={d0: 32, d1: 1}
  op_it_space_splits={d0: 32, d1: 1}
  op_it_space_splits={d0: 32, d1: 1}
IO -- device-layout I/O (cost model, stick-padded) --
IO   op amax [reduction]
IO     output op0                    torch [64, 1] -> device [1, 64, 64] in LX = 4096 elems x 2B = 8192 B  (hbm counted: 0 B)
IO     input  arg0_1                 torch [2048, 2048] -> device [32, 2048, 64] in HBM = 4194304 elems x 2B = 8388608 B  (hbm counted: 8388608 B)
IO   op sub
IO     output op1                    torch [64, 2048] -> device [32, 64, 64] in LX = 131072 elems x 2B = 262144 B  (hbm counted: 0 B)
IO     input  arg0_1                 torch [2048, 2048] -> device [32, 2048, 64] in HBM = 4194304 elems x 2B = 8388608 B  (hbm counted: 8388608 B)
IO     input  buf0                   torch [64, 1] -> device [1, 64, 64] in LX = 4096 elems x 2B = 8192 B  (hbm counted: 0 B) broadcast (loaded once)
IO   op exp
IO     output op2                    torch [64, 2048] -> device [32, 64, 64] in LX = 131072 elems x 2B = 262144 B  (hbm counted: 0 B)
IO     input  buf1                   torch [64, 2048] -> device [32, 64, 64] in LX = 131072 elems x 2B = 262144 B  (hbm counted: 0 B)
IO   op sum_1 [reduction]
IO     output op3                    torch [64, 1] -> device [1, 64, 64] in LX = 4096 elems x 2B = 8192 B  (hbm counted: 0 B)
IO     input  buf2                   torch [64, 2048] -> device [32, 64, 64] in LX = 131072 elems x 2B = 262144 B  (hbm counted: 0 B)
IO   op div
IO     output op4                    torch [2048, 2048] -> device [2048, 2048] in HBM = 4194304 elems x 2B = 8388608 B  (hbm counted: 8388608 B)
IO     input  buf2                   torch [64, 2048] -> device [32, 64, 64] in LX = 131072 elems x 2B = 262144 B  (hbm counted: 0 B)
IO     input  buf3                   torch [64, 1] -> device [1, 64, 64] in LX = 4096 elems x 2B = 8192 B  (hbm counted: 0 B) broadcast (loaded once)
IO   => HBM I/O total = 25165824 B  (lx 1343488 B, ~free)
MODEL -- estimate (turnaround): T = [(R+W)/BW_PEAK + a*min(R,W)] / eff_underfill --
MODEL   R=8388608 B (read)   W=8388608 B (write)   loop_trip L=32
MODEL   base = (R+W)/150 = 111.85 us
MODEL   turn = a*min(R,W) = 0.00574*8388608 = 48.15 us
MODEL   eff_underfill = min(0.95,(2.0/13)**0.68) = 0.280 -> (base+turn)/eff = 571.34 us
MODEL   => T_model = 571.34 us
MODEL FEATS [{"name":"amax","is_reduction":true,"out_elems":4096,"cores":32,"dtype_bytes":2,"args":[{"name":"op0","role":"output","mem":"lx","elems":4096,"broadcast":false,"dims":[1,64,64],"logical":[64,1],"loop_factor":1},{"name":"arg0_1","role":"input","mem":"hbm","elems":4194304,"broadcast":false,"dims":[32,2048,64],"logical":[2048,2048],"loop_factor":1}],"reduction_cores":1,"loop_trip":32,"tiles_output_dim":true,"tile_rows_per_core":2.0,"is_matmul":false,"matmul_macs":0,"matmul_rows_per_core":0.0,"matmul_cols_per_core":0.0,"matmul_a_bytes":0,"matmul_b_bytes":0,"hbm_pattern":""},{"name":"sub","is_reduction":false,"out_elems":131072,"cores":32,"dtype_bytes":2,"args":[{"name":"op1","role":"output","mem":"lx","elems":131072,"broadcast":false,"dims":[32,64,64],"logical":[64,2048],"loop_factor":1},{"name":"arg0_1","role":"input","mem":"hbm","elems":4194304,"broadcast":false,"dims":[32,2048,64],"logical":[2048,2048],"loop_factor":1},{"name":"buf0","role":"input","mem":"lx","elems":4096,"broadcast":true,"dims":[1,64,64],"logical":[64,1],"loop_factor":1}],"reduction_cores":1,"loop_trip":32,"tiles_output_dim":true,"tile_rows_per_core":2.0,"is_matmul":false,"matmul_macs":0,"matmul_rows_per_core":0.0,"matmul_cols_per_core":0.0,"matmul_a_bytes":0,"matmul_b_bytes":0,"hbm_pattern":""},{"name":"exp","is_reduction":false,"out_elems":131072,"cores":32,"dtype_bytes":2,"args":[{"name":"op2","role":"output","mem":"lx","elems":131072,"broadcast":false,"dims":[32,64,64],"logical":[64,2048],"loop_factor":1},{"name":"buf1","role":"input","mem":"lx","elems":131072,"broadcast":false,"dims":[32,64,64],"logical":[64,2048],"loop_factor":1}],"reduction_cores":1,"loop_trip":32,"tiles_output_dim":true,"tile_rows_per_core":2.0,"is_matmul":false,"matmul_macs":0,"matmul_rows_per_core":0.0,"matmul_cols_per_core":0.0,"matmul_a_bytes":0,"matmul_b_bytes":0,"hbm_pattern":""},{"name":"sum_1","is_reduction":true,"out_elems":4096,"cores":32,"dtype_bytes":2,"args":[{"name":"op3","role":"output","mem":"lx","elems":4096,"broadcast":false,"dims":[1,64,64],"logical":[64,1],"loop_factor":1},{"name":"buf2","role":"input","mem":"lx","elems":131072,"broadcast":false,"dims":[32,64,64],"logical":[64,2048],"loop_factor":1}],"reduction_cores":1,"loop_trip":32,"tiles_output_dim":true,"tile_rows_per_core":2.0,"is_matmul":false,"matmul_macs":0,"matmul_rows_per_core":0.0,"matmul_cols_per_core":0.0,"matmul_a_bytes":0,"matmul_b_bytes":0,"hbm_pattern":""},{"name":"div","is_reduction":false,"out_elems":4194304,"cores":32,"dtype_bytes":2,"args":[{"name":"op4","role":"output","mem":"hbm","elems":4194304,"broadcast":false,"dims":[2048,2048],"logical":[2048,2048],"loop_factor":1},{"name":"buf2","role":"input","mem":"lx","elems":131072,"broadcast":false,"dims":[32,64,64],"logical":[64,2048],"loop_factor":1},{"name":"buf3","role":"input","mem":"lx","elems":4096,"broadcast":true,"dims":[1,64,64],"logical":[64,1],"loop_factor":1}],"reduction_cores":1,"loop_trip":32,"tiles_output_dim":true,"tile_rows_per_core":2,"is_matmul":false,"matmul_macs":0,"matmul_rows_per_core":0.0,"matmul_cols_per_core":0.0,"matmul_a_bytes":0,"matmul_b_bytes":0,"hbm_pattern":""}]
SUMMARY op=softmax_row_tiling rows=2048 cols=2048 cores=32 tiles=32 lx=1 io_hbm_bytes=25165824 kernel_us=525.623 pred_us=571.344 err_pct=+8.7 bw_gbps=47.9 memset_us=234.287 other_dev_us=508.206 total_dev_us=1268.116
-- softmax [4096,2048] tiles=4 (ROWS/tile=1024)
  op_it_space_splits={d0: 32, d1: 1}
  op_it_space_splits={d0: 32, d1: 1}
  op_it_space_splits={d0: 32, d1: 1}
  op_it_space_splits={d0: 32, d1: 1}
  op_it_space_splits={d0: 32, d1: 1}
  op_it_space_splits={d0: 32, d1: 1}
  op_it_space_splits={d0: 32, d1: 1}
  op_it_space_splits={d0: 32, d1: 1}
  op_it_space_splits={d0: 32, d1: 1}
  op_it_space_splits={d0: 32, d1: 1}
  op_it_space_splits={d0: 32, d1: 1}
  op_it_space_splits={d0: 32, d1: 1}
  op_it_space_splits={d0: 32, d1: 1}
  op_it_space_splits={d0: 32, d1: 1}
  op_it_space_splits={d0: 32, d1: 1}
  op_it_space_splits={d0: 32, d1: 1}
  op_it_space_splits={d0: 32, d1: 1}
  op_it_space_splits={d0: 32, d1: 1}
  op_it_space_splits={d0: 32, d1: 1}
  op_it_space_splits={d0: 32, d1: 1}
  op_it_space_splits={d0: 32, d1: 1}
  op_it_space_splits={d0: 32, d1: 1}
  op_it_space_splits={d0: 32, d1: 1}
  op_it_space_splits={d0: 32, d1: 1}
  op_it_space_splits={d0: 32, d1: 1}
  op_it_space_splits={d0: 32, d1: 1}
  op_it_space_splits={d0: 32, d1: 1}
  op_it_space_splits={d0: 32, d1: 1}
  op_it_space_splits={d0: 32, d1: 1}
  op_it_space_splits={d0: 32, d1: 1}
IO -- device-layout I/O (cost model, stick-padded) --
IO   op amax [reduction]
IO     output op0                    torch [1024, 1] -> device [1, 1024, 64] in LX = 65536 elems x 2B = 131072 B  (hbm counted: 0 B)
IO     input  arg0_1                 torch [4096, 2048] -> device [32, 4096, 64] in HBM = 8388608 elems x 2B = 16777216 B  (hbm counted: 16777216 B)
IO   op sub
IO     output op1                    torch [1024, 2048] -> device [32, 1024, 64] in LX = 2097152 elems x 2B = 4194304 B  (hbm counted: 0 B)
IO     input  arg0_1                 torch [4096, 2048] -> device [32, 4096, 64] in HBM = 8388608 elems x 2B = 16777216 B  (hbm counted: 16777216 B)
IO     input  buf0                   torch [1024, 1] -> device [1, 1024, 64] in LX = 65536 elems x 2B = 131072 B  (hbm counted: 0 B) broadcast (loaded once)
IO   op exp
IO     output op2                    torch [1024, 2048] -> device [32, 1024, 64] in LX = 2097152 elems x 2B = 4194304 B  (hbm counted: 0 B)
IO     input  buf1                   torch [1024, 2048] -> device [32, 1024, 64] in LX = 2097152 elems x 2B = 4194304 B  (hbm counted: 0 B)
IO   op sum_1 [reduction]
IO     output op3                    torch [1024, 1] -> device [1, 1024, 64] in LX = 65536 elems x 2B = 131072 B  (hbm counted: 0 B)
IO     input  buf2                   torch [1024, 2048] -> device [32, 1024, 64] in LX = 2097152 elems x 2B = 4194304 B  (hbm counted: 0 B)
IO   op div
IO     output op4                    torch [4096, 2048] -> device [4096, 2048] in HBM = 8388608 elems x 2B = 16777216 B  (hbm counted: 16777216 B)
IO     input  buf2                   torch [1024, 2048] -> device [32, 1024, 64] in LX = 2097152 elems x 2B = 4194304 B  (hbm counted: 0 B)
IO     input  buf3                   torch [1024, 1] -> device [1, 1024, 64] in LX = 65536 elems x 2B = 131072 B  (hbm counted: 0 B) broadcast (loaded once)
IO   => HBM I/O total = 50331648 B  (lx 21495808 B, ~free)
MODEL -- estimate (turnaround): T = [(R+W)/BW_PEAK + a*min(R,W)] / eff_underfill --
MODEL   R=16777216 B (read)   W=16777216 B (write)   loop_trip L=4
MODEL   base = (R+W)/150 = 223.70 us
MODEL   turn = a*min(R,W) = 0.00574*16777216 = 96.30 us
MODEL   eff_underfill = min(0.95,(32.0/13)**0.68) = 0.950 -> (base+turn)/eff = 336.84 us
MODEL   => T_model = 336.84 us
MODEL FEATS [{"name":"amax","is_reduction":true,"out_elems":65536,"cores":32,"dtype_bytes":2,"args":[{"name":"op0","role":"output","mem":"lx","elems":65536,"broadcast":false,"dims":[1,1024,64],"logical":[1024,1],"loop_factor":1},{"name":"arg0_1","role":"input","mem":"hbm","elems":8388608,"broadcast":false,"dims":[32,4096,64],"logical":[4096,2048],"loop_factor":1}],"reduction_cores":1,"loop_trip":4,"tiles_output_dim":true,"tile_rows_per_core":32.0,"is_matmul":false,"matmul_macs":0,"matmul_rows_per_core":0.0,"matmul_cols_per_core":0.0,"matmul_a_bytes":0,"matmul_b_bytes":0,"hbm_pattern":""},{"name":"sub","is_reduction":false,"out_elems":2097152,"cores":32,"dtype_bytes":2,"args":[{"name":"op1","role":"output","mem":"lx","elems":2097152,"broadcast":false,"dims":[32,1024,64],"logical":[1024,2048],"loop_factor":1},{"name":"arg0_1","role":"input","mem":"hbm","elems":8388608,"broadcast":false,"dims":[32,4096,64],"logical":[4096,2048],"loop_factor":1},{"name":"buf0","role":"input","mem":"lx","elems":65536,"broadcast":true,"dims":[1,1024,64],"logical":[1024,1],"loop_factor":1}],"reduction_cores":1,"loop_trip":4,"tiles_output_dim":true,"tile_rows_per_core":32.0,"is_matmul":false,"matmul_macs":0,"matmul_rows_per_core":0.0,"matmul_cols_per_core":0.0,"matmul_a_bytes":0,"matmul_b_bytes":0,"hbm_pattern":""},{"name":"exp","is_reduction":false,"out_elems":2097152,"cores":32,"dtype_bytes":2,"args":[{"name":"op2","role":"output","mem":"lx","elems":2097152,"broadcast":false,"dims":[32,1024,64],"logical":[1024,2048],"loop_factor":1},{"name":"buf1","role":"input","mem":"lx","elems":2097152,"broadcast":false,"dims":[32,1024,64],"logical":[1024,2048],"loop_factor":1}],"reduction_cores":1,"loop_trip":4,"tiles_output_dim":true,"tile_rows_per_core":32.0,"is_matmul":false,"matmul_macs":0,"matmul_rows_per_core":0.0,"matmul_cols_per_core":0.0,"matmul_a_bytes":0,"matmul_b_bytes":0,"hbm_pattern":""},{"name":"sum_1","is_reduction":true,"out_elems":65536,"cores":32,"dtype_bytes":2,"args":[{"name":"op3","role":"output","mem":"lx","elems":65536,"broadcast":false,"dims":[1,1024,64],"logical":[1024,1],"loop_factor":1},{"name":"buf2","role":"input","mem":"lx","elems":2097152,"broadcast":false,"dims":[32,1024,64],"logical":[1024,2048],"loop_factor":1}],"reduction_cores":1,"loop_trip":4,"tiles_output_dim":true,"tile_rows_per_core":32.0,"is_matmul":false,"matmul_macs":0,"matmul_rows_per_core":0.0,"matmul_cols_per_core":0.0,"matmul_a_bytes":0,"matmul_b_bytes":0,"hbm_pattern":""},{"name":"div","is_reduction":false,"out_elems":8388608,"cores":32,"dtype_bytes":2,"args":[{"name":"op4","role":"output","mem":"hbm","elems":8388608,"broadcast":false,"dims":[4096,2048],"logical":[4096,2048],"loop_factor":1},{"name":"buf2","role":"input","mem":"lx","elems":2097152,"broadcast":false,"dims":[32,1024,64],"logical":[1024,2048],"loop_factor":1},{"name":"buf3","role":"input","mem":"lx","elems":65536,"broadcast":true,"dims":[1,1024,64],"logical":[1024,1],"loop_factor":1}],"reduction_cores":1,"loop_trip":4,"tiles_output_dim":true,"tile_rows_per_core":32,"is_matmul":false,"matmul_macs":0,"matmul_rows_per_core":0.0,"matmul_cols_per_core":0.0,"matmul_a_bytes":0,"matmul_b_bytes":0,"hbm_pattern":""}]
SUMMARY op=softmax_row_tiling rows=4096 cols=2048 cores=32 tiles=4 lx=1 io_hbm_bytes=50331648 kernel_us=351.523 pred_us=336.839 err_pct=-4.2 bw_gbps=143.2 memset_us=291.545 other_dev_us=908.803 total_dev_us=1551.871
-- softmax [4096,2048] tiles=8 (ROWS/tile=512)
  op_it_space_splits={d0: 32, d1: 1}
  op_it_space_splits={d0: 32, d1: 1}
  op_it_space_splits={d0: 32, d1: 1}
  op_it_space_splits={d0: 32, d1: 1}
  op_it_space_splits={d0: 32, d1: 1}
  op_it_space_splits={d0: 32, d1: 1}
  op_it_space_splits={d0: 32, d1: 1}
  op_it_space_splits={d0: 32, d1: 1}
  op_it_space_splits={d0: 32, d1: 1}
  op_it_space_splits={d0: 32, d1: 1}
  op_it_space_splits={d0: 32, d1: 1}
  op_it_space_splits={d0: 32, d1: 1}
  op_it_space_splits={d0: 32, d1: 1}
  op_it_space_splits={d0: 32, d1: 1}
  op_it_space_splits={d0: 32, d1: 1}
  op_it_space_splits={d0: 32, d1: 1}
  op_it_space_splits={d0: 32, d1: 1}
  op_it_space_splits={d0: 32, d1: 1}
  op_it_space_splits={d0: 32, d1: 1}
  op_it_space_splits={d0: 32, d1: 1}
  op_it_space_splits={d0: 32, d1: 1}
  op_it_space_splits={d0: 32, d1: 1}
  op_it_space_splits={d0: 32, d1: 1}
  op_it_space_splits={d0: 32, d1: 1}
  op_it_space_splits={d0: 32, d1: 1}
  op_it_space_splits={d0: 32, d1: 1}
  op_it_space_splits={d0: 32, d1: 1}
  op_it_space_splits={d0: 32, d1: 1}
  op_it_space_splits={d0: 32, d1: 1}
  op_it_space_splits={d0: 32, d1: 1}
IO -- device-layout I/O (cost model, stick-padded) --
IO   op amax [reduction]
IO     output op0                    torch [512, 1] -> device [1, 512, 64] in LX = 32768 elems x 2B = 65536 B  (hbm counted: 0 B)
IO     input  arg0_1                 torch [4096, 2048] -> device [32, 4096, 64] in HBM = 8388608 elems x 2B = 16777216 B  (hbm counted: 16777216 B)
IO   op sub
IO     output op1                    torch [512, 2048] -> device [32, 512, 64] in LX = 1048576 elems x 2B = 2097152 B  (hbm counted: 0 B)
IO     input  arg0_1                 torch [4096, 2048] -> device [32, 4096, 64] in HBM = 8388608 elems x 2B = 16777216 B  (hbm counted: 16777216 B)
IO     input  buf0                   torch [512, 1] -> device [1, 512, 64] in LX = 32768 elems x 2B = 65536 B  (hbm counted: 0 B) broadcast (loaded once)
IO   op exp
IO     output op2                    torch [512, 2048] -> device [32, 512, 64] in LX = 1048576 elems x 2B = 2097152 B  (hbm counted: 0 B)
IO     input  buf1                   torch [512, 2048] -> device [32, 512, 64] in LX = 1048576 elems x 2B = 2097152 B  (hbm counted: 0 B)
IO   op sum_1 [reduction]
IO     output op3                    torch [512, 1] -> device [1, 512, 64] in LX = 32768 elems x 2B = 65536 B  (hbm counted: 0 B)
IO     input  buf2                   torch [512, 2048] -> device [32, 512, 64] in LX = 1048576 elems x 2B = 2097152 B  (hbm counted: 0 B)
IO   op div
IO     output op4                    torch [4096, 2048] -> device [4096, 2048] in HBM = 8388608 elems x 2B = 16777216 B  (hbm counted: 16777216 B)
IO     input  buf2                   torch [512, 2048] -> device [32, 512, 64] in LX = 1048576 elems x 2B = 2097152 B  (hbm counted: 0 B)
IO     input  buf3                   torch [512, 1] -> device [1, 512, 64] in LX = 32768 elems x 2B = 65536 B  (hbm counted: 0 B) broadcast (loaded once)
IO   => HBM I/O total = 50331648 B  (lx 10747904 B, ~free)
MODEL -- estimate (turnaround): T = [(R+W)/BW_PEAK + a*min(R,W)] / eff_underfill --
MODEL   R=16777216 B (read)   W=16777216 B (write)   loop_trip L=8
MODEL   base = (R+W)/150 = 223.70 us
MODEL   turn = a*min(R,W) = 0.00574*16777216 = 96.30 us
MODEL   eff_underfill = min(0.95,(16.0/13)**0.68) = 0.950 -> (base+turn)/eff = 336.84 us
MODEL   => T_model = 336.84 us
MODEL FEATS [{"name":"amax","is_reduction":true,"out_elems":32768,"cores":32,"dtype_bytes":2,"args":[{"name":"op0","role":"output","mem":"lx","elems":32768,"broadcast":false,"dims":[1,512,64],"logical":[512,1],"loop_factor":1},{"name":"arg0_1","role":"input","mem":"hbm","elems":8388608,"broadcast":false,"dims":[32,4096,64],"logical":[4096,2048],"loop_factor":1}],"reduction_cores":1,"loop_trip":8,"tiles_output_dim":true,"tile_rows_per_core":16.0,"is_matmul":false,"matmul_macs":0,"matmul_rows_per_core":0.0,"matmul_cols_per_core":0.0,"matmul_a_bytes":0,"matmul_b_bytes":0,"hbm_pattern":""},{"name":"sub","is_reduction":false,"out_elems":1048576,"cores":32,"dtype_bytes":2,"args":[{"name":"op1","role":"output","mem":"lx","elems":1048576,"broadcast":false,"dims":[32,512,64],"logical":[512,2048],"loop_factor":1},{"name":"arg0_1","role":"input","mem":"hbm","elems":8388608,"broadcast":false,"dims":[32,4096,64],"logical":[4096,2048],"loop_factor":1},{"name":"buf0","role":"input","mem":"lx","elems":32768,"broadcast":true,"dims":[1,512,64],"logical":[512,1],"loop_factor":1}],"reduction_cores":1,"loop_trip":8,"tiles_output_dim":true,"tile_rows_per_core":16.0,"is_matmul":false,"matmul_macs":0,"matmul_rows_per_core":0.0,"matmul_cols_per_core":0.0,"matmul_a_bytes":0,"matmul_b_bytes":0,"hbm_pattern":""},{"name":"exp","is_reduction":false,"out_elems":1048576,"cores":32,"dtype_bytes":2,"args":[{"name":"op2","role":"output","mem":"lx","elems":1048576,"broadcast":false,"dims":[32,512,64],"logical":[512,2048],"loop_factor":1},{"name":"buf1","role":"input","mem":"lx","elems":1048576,"broadcast":false,"dims":[32,512,64],"logical":[512,2048],"loop_factor":1}],"reduction_cores":1,"loop_trip":8,"tiles_output_dim":true,"tile_rows_per_core":16.0,"is_matmul":false,"matmul_macs":0,"matmul_rows_per_core":0.0,"matmul_cols_per_core":0.0,"matmul_a_bytes":0,"matmul_b_bytes":0,"hbm_pattern":""},{"name":"sum_1","is_reduction":true,"out_elems":32768,"cores":32,"dtype_bytes":2,"args":[{"name":"op3","role":"output","mem":"lx","elems":32768,"broadcast":false,"dims":[1,512,64],"logical":[512,1],"loop_factor":1},{"name":"buf2","role":"input","mem":"lx","elems":1048576,"broadcast":false,"dims":[32,512,64],"logical":[512,2048],"loop_factor":1}],"reduction_cores":1,"loop_trip":8,"tiles_output_dim":true,"tile_rows_per_core":16.0,"is_matmul":false,"matmul_macs":0,"matmul_rows_per_core":0.0,"matmul_cols_per_core":0.0,"matmul_a_bytes":0,"matmul_b_bytes":0,"hbm_pattern":""},{"name":"div","is_reduction":false,"out_elems":8388608,"cores":32,"dtype_bytes":2,"args":[{"name":"op4","role":"output","mem":"hbm","elems":8388608,"broadcast":false,"dims":[4096,2048],"logical":[4096,2048],"loop_factor":1},{"name":"buf2","role":"input","mem":"lx","elems":1048576,"broadcast":false,"dims":[32,512,64],"logical":[512,2048],"loop_factor":1},{"name":"buf3","role":"input","mem":"lx","elems":32768,"broadcast":true,"dims":[1,512,64],"logical":[512,1],"loop_factor":1}],"reduction_cores":1,"loop_trip":8,"tiles_output_dim":true,"tile_rows_per_core":16,"is_matmul":false,"matmul_macs":0,"matmul_rows_per_core":0.0,"matmul_cols_per_core":0.0,"matmul_a_bytes":0,"matmul_b_bytes":0,"hbm_pattern":""}]
SUMMARY op=softmax_row_tiling rows=4096 cols=2048 cores=32 tiles=8 lx=1 io_hbm_bytes=50331648 kernel_us=358.979 pred_us=336.839 err_pct=-6.2 bw_gbps=140.2 memset_us=396.402 other_dev_us=724.848 total_dev_us=1480.229
-- softmax [4096,2048] tiles=16 (ROWS/tile=256)
  op_it_space_splits={d0: 32, d1: 1}
  op_it_space_splits={d0: 32, d1: 1}
  op_it_space_splits={d0: 32, d1: 1}
  op_it_space_splits={d0: 32, d1: 1}
  op_it_space_splits={d0: 32, d1: 1}
  op_it_space_splits={d0: 32, d1: 1}
  op_it_space_splits={d0: 32, d1: 1}
  op_it_space_splits={d0: 32, d1: 1}
  op_it_space_splits={d0: 32, d1: 1}
  op_it_space_splits={d0: 32, d1: 1}
  op_it_space_splits={d0: 32, d1: 1}
  op_it_space_splits={d0: 32, d1: 1}
  op_it_space_splits={d0: 32, d1: 1}
  op_it_space_splits={d0: 32, d1: 1}
  op_it_space_splits={d0: 32, d1: 1}
  op_it_space_splits={d0: 32, d1: 1}
  op_it_space_splits={d0: 32, d1: 1}
  op_it_space_splits={d0: 32, d1: 1}
  op_it_space_splits={d0: 32, d1: 1}
  op_it_space_splits={d0: 32, d1: 1}
  op_it_space_splits={d0: 32, d1: 1}
  op_it_space_splits={d0: 32, d1: 1}
  op_it_space_splits={d0: 32, d1: 1}
  op_it_space_splits={d0: 32, d1: 1}
  op_it_space_splits={d0: 32, d1: 1}
  op_it_space_splits={d0: 32, d1: 1}
  op_it_space_splits={d0: 32, d1: 1}
  op_it_space_splits={d0: 32, d1: 1}
  op_it_space_splits={d0: 32, d1: 1}
  op_it_space_splits={d0: 32, d1: 1}
IO -- device-layout I/O (cost model, stick-padded) --
IO   op amax [reduction]
IO     output op0                    torch [256, 1] -> device [1, 256, 64] in LX = 16384 elems x 2B = 32768 B  (hbm counted: 0 B)
IO     input  arg0_1                 torch [4096, 2048] -> device [32, 4096, 64] in HBM = 8388608 elems x 2B = 16777216 B  (hbm counted: 16777216 B)
IO   op sub
IO     output op1                    torch [256, 2048] -> device [32, 256, 64] in LX = 524288 elems x 2B = 1048576 B  (hbm counted: 0 B)
IO     input  arg0_1                 torch [4096, 2048] -> device [32, 4096, 64] in HBM = 8388608 elems x 2B = 16777216 B  (hbm counted: 16777216 B)
IO     input  buf0                   torch [256, 1] -> device [1, 256, 64] in LX = 16384 elems x 2B = 32768 B  (hbm counted: 0 B) broadcast (loaded once)
IO   op exp
IO     output op2                    torch [256, 2048] -> device [32, 256, 64] in LX = 524288 elems x 2B = 1048576 B  (hbm counted: 0 B)
IO     input  buf1                   torch [256, 2048] -> device [32, 256, 64] in LX = 524288 elems x 2B = 1048576 B  (hbm counted: 0 B)
IO   op sum_1 [reduction]
IO     output op3                    torch [256, 1] -> device [1, 256, 64] in LX = 16384 elems x 2B = 32768 B  (hbm counted: 0 B)
IO     input  buf2                   torch [256, 2048] -> device [32, 256, 64] in LX = 524288 elems x 2B = 1048576 B  (hbm counted: 0 B)
IO   op div
IO     output op4                    torch [4096, 2048] -> device [4096, 2048] in HBM = 8388608 elems x 2B = 16777216 B  (hbm counted: 16777216 B)
IO     input  buf2                   torch [256, 2048] -> device [32, 256, 64] in LX = 524288 elems x 2B = 1048576 B  (hbm counted: 0 B)
IO     input  buf3                   torch [256, 1] -> device [1, 256, 64] in LX = 16384 elems x 2B = 32768 B  (hbm counted: 0 B) broadcast (loaded once)
IO   => HBM I/O total = 50331648 B  (lx 5373952 B, ~free)
MODEL -- estimate (turnaround): T = [(R+W)/BW_PEAK + a*min(R,W)] / eff_underfill --
MODEL   R=16777216 B (read)   W=16777216 B (write)   loop_trip L=16
MODEL   base = (R+W)/150 = 223.70 us
MODEL   turn = a*min(R,W) = 0.00574*16777216 = 96.30 us
MODEL   eff_underfill = min(0.95,(8.0/13)**0.68) = 0.719 -> (base+turn)/eff = 445.17 us
MODEL   => T_model = 445.17 us
MODEL FEATS [{"name":"amax","is_reduction":true,"out_elems":16384,"cores":32,"dtype_bytes":2,"args":[{"name":"op0","role":"output","mem":"lx","elems":16384,"broadcast":false,"dims":[1,256,64],"logical":[256,1],"loop_factor":1},{"name":"arg0_1","role":"input","mem":"hbm","elems":8388608,"broadcast":false,"dims":[32,4096,64],"logical":[4096,2048],"loop_factor":1}],"reduction_cores":1,"loop_trip":16,"tiles_output_dim":true,"tile_rows_per_core":8.0,"is_matmul":false,"matmul_macs":0,"matmul_rows_per_core":0.0,"matmul_cols_per_core":0.0,"matmul_a_bytes":0,"matmul_b_bytes":0,"hbm_pattern":""},{"name":"sub","is_reduction":false,"out_elems":524288,"cores":32,"dtype_bytes":2,"args":[{"name":"op1","role":"output","mem":"lx","elems":524288,"broadcast":false,"dims":[32,256,64],"logical":[256,2048],"loop_factor":1},{"name":"arg0_1","role":"input","mem":"hbm","elems":8388608,"broadcast":false,"dims":[32,4096,64],"logical":[4096,2048],"loop_factor":1},{"name":"buf0","role":"input","mem":"lx","elems":16384,"broadcast":true,"dims":[1,256,64],"logical":[256,1],"loop_factor":1}],"reduction_cores":1,"loop_trip":16,"tiles_output_dim":true,"tile_rows_per_core":8.0,"is_matmul":false,"matmul_macs":0,"matmul_rows_per_core":0.0,"matmul_cols_per_core":0.0,"matmul_a_bytes":0,"matmul_b_bytes":0,"hbm_pattern":""},{"name":"exp","is_reduction":false,"out_elems":524288,"cores":32,"dtype_bytes":2,"args":[{"name":"op2","role":"output","mem":"lx","elems":524288,"broadcast":false,"dims":[32,256,64],"logical":[256,2048],"loop_factor":1},{"name":"buf1","role":"input","mem":"lx","elems":524288,"broadcast":false,"dims":[32,256,64],"logical":[256,2048],"loop_factor":1}],"reduction_cores":1,"loop_trip":16,"tiles_output_dim":true,"tile_rows_per_core":8.0,"is_matmul":false,"matmul_macs":0,"matmul_rows_per_core":0.0,"matmul_cols_per_core":0.0,"matmul_a_bytes":0,"matmul_b_bytes":0,"hbm_pattern":""},{"name":"sum_1","is_reduction":true,"out_elems":16384,"cores":32,"dtype_bytes":2,"args":[{"name":"op3","role":"output","mem":"lx","elems":16384,"broadcast":false,"dims":[1,256,64],"logical":[256,1],"loop_factor":1},{"name":"buf2","role":"input","mem":"lx","elems":524288,"broadcast":false,"dims":[32,256,64],"logical":[256,2048],"loop_factor":1}],"reduction_cores":1,"loop_trip":16,"tiles_output_dim":true,"tile_rows_per_core":8.0,"is_matmul":false,"matmul_macs":0,"matmul_rows_per_core":0.0,"matmul_cols_per_core":0.0,"matmul_a_bytes":0,"matmul_b_bytes":0,"hbm_pattern":""},{"name":"div","is_reduction":false,"out_elems":8388608,"cores":32,"dtype_bytes":2,"args":[{"name":"op4","role":"output","mem":"hbm","elems":8388608,"broadcast":false,"dims":[4096,2048],"logical":[4096,2048],"loop_factor":1},{"name":"buf2","role":"input","mem":"lx","elems":524288,"broadcast":false,"dims":[32,256,64],"logical":[256,2048],"loop_factor":1},{"name":"buf3","role":"input","mem":"lx","elems":16384,"broadcast":true,"dims":[1,256,64],"logical":[256,1],"loop_factor":1}],"reduction_cores":1,"loop_trip":16,"tiles_output_dim":true,"tile_rows_per_core":8,"is_matmul":false,"matmul_macs":0,"matmul_rows_per_core":0.0,"matmul_cols_per_core":0.0,"matmul_a_bytes":0,"matmul_b_bytes":0,"hbm_pattern":""}]
SUMMARY op=softmax_row_tiling rows=4096 cols=2048 cores=32 tiles=16 lx=1 io_hbm_bytes=50331648 kernel_us=400.400 pred_us=445.171 err_pct=+11.2 bw_gbps=125.7 memset_us=592.339 other_dev_us=576.735 total_dev_us=1569.474
-- softmax [4096,2048] tiles=32 (ROWS/tile=128)
  op_it_space_splits={d0: 32, d1: 1}
  op_it_space_splits={d0: 32, d1: 1}
  op_it_space_splits={d0: 32, d1: 1}
  op_it_space_splits={d0: 32, d1: 1}
  op_it_space_splits={d0: 32, d1: 1}
  op_it_space_splits={d0: 32, d1: 1}
  op_it_space_splits={d0: 32, d1: 1}
  op_it_space_splits={d0: 32, d1: 1}
  op_it_space_splits={d0: 32, d1: 1}
  op_it_space_splits={d0: 32, d1: 1}
  op_it_space_splits={d0: 32, d1: 1}
  op_it_space_splits={d0: 32, d1: 1}
  op_it_space_splits={d0: 32, d1: 1}
  op_it_space_splits={d0: 32, d1: 1}
  op_it_space_splits={d0: 32, d1: 1}
  op_it_space_splits={d0: 32, d1: 1}
  op_it_space_splits={d0: 32, d1: 1}
  op_it_space_splits={d0: 32, d1: 1}
  op_it_space_splits={d0: 32, d1: 1}
  op_it_space_splits={d0: 32, d1: 1}
  op_it_space_splits={d0: 32, d1: 1}
  op_it_space_splits={d0: 32, d1: 1}
  op_it_space_splits={d0: 32, d1: 1}
  op_it_space_splits={d0: 32, d1: 1}
  op_it_space_splits={d0: 32, d1: 1}
  op_it_space_splits={d0: 32, d1: 1}
  op_it_space_splits={d0: 32, d1: 1}
  op_it_space_splits={d0: 32, d1: 1}
  op_it_space_splits={d0: 32, d1: 1}
  op_it_space_splits={d0: 32, d1: 1}
IO -- device-layout I/O (cost model, stick-padded) --
IO   op amax [reduction]
IO     output op0                    torch [128, 1] -> device [1, 128, 64] in LX = 8192 elems x 2B = 16384 B  (hbm counted: 0 B)
IO     input  arg0_1                 torch [4096, 2048] -> device [32, 4096, 64] in HBM = 8388608 elems x 2B = 16777216 B  (hbm counted: 16777216 B)
IO   op sub
IO     output op1                    torch [128, 2048] -> device [32, 128, 64] in LX = 262144 elems x 2B = 524288 B  (hbm counted: 0 B)
IO     input  arg0_1                 torch [4096, 2048] -> device [32, 4096, 64] in HBM = 8388608 elems x 2B = 16777216 B  (hbm counted: 16777216 B)
IO     input  buf0                   torch [128, 1] -> device [1, 128, 64] in LX = 8192 elems x 2B = 16384 B  (hbm counted: 0 B) broadcast (loaded once)
IO   op exp
IO     output op2                    torch [128, 2048] -> device [32, 128, 64] in LX = 262144 elems x 2B = 524288 B  (hbm counted: 0 B)
IO     input  buf1                   torch [128, 2048] -> device [32, 128, 64] in LX = 262144 elems x 2B = 524288 B  (hbm counted: 0 B)
IO   op sum_1 [reduction]
IO     output op3                    torch [128, 1] -> device [1, 128, 64] in LX = 8192 elems x 2B = 16384 B  (hbm counted: 0 B)
IO     input  buf2                   torch [128, 2048] -> device [32, 128, 64] in LX = 262144 elems x 2B = 524288 B  (hbm counted: 0 B)
IO   op div
IO     output op4                    torch [4096, 2048] -> device [4096, 2048] in HBM = 8388608 elems x 2B = 16777216 B  (hbm counted: 16777216 B)
IO     input  buf2                   torch [128, 2048] -> device [32, 128, 64] in LX = 262144 elems x 2B = 524288 B  (hbm counted: 0 B)
IO     input  buf3                   torch [128, 1] -> device [1, 128, 64] in LX = 8192 elems x 2B = 16384 B  (hbm counted: 0 B) broadcast (loaded once)
IO   => HBM I/O total = 50331648 B  (lx 2686976 B, ~free)
MODEL -- estimate (turnaround): T = [(R+W)/BW_PEAK + a*min(R,W)] / eff_underfill --
MODEL   R=16777216 B (read)   W=16777216 B (write)   loop_trip L=32
MODEL   base = (R+W)/150 = 223.70 us
MODEL   turn = a*min(R,W) = 0.00574*16777216 = 96.30 us
MODEL   eff_underfill = min(0.95,(4.0/13)**0.68) = 0.449 -> (base+turn)/eff = 713.23 us
MODEL   => T_model = 713.23 us
MODEL FEATS [{"name":"amax","is_reduction":true,"out_elems":8192,"cores":32,"dtype_bytes":2,"args":[{"name":"op0","role":"output","mem":"lx","elems":8192,"broadcast":false,"dims":[1,128,64],"logical":[128,1],"loop_factor":1},{"name":"arg0_1","role":"input","mem":"hbm","elems":8388608,"broadcast":false,"dims":[32,4096,64],"logical":[4096,2048],"loop_factor":1}],"reduction_cores":1,"loop_trip":32,"tiles_output_dim":true,"tile_rows_per_core":4.0,"is_matmul":false,"matmul_macs":0,"matmul_rows_per_core":0.0,"matmul_cols_per_core":0.0,"matmul_a_bytes":0,"matmul_b_bytes":0,"hbm_pattern":""},{"name":"sub","is_reduction":false,"out_elems":262144,"cores":32,"dtype_bytes":2,"args":[{"name":"op1","role":"output","mem":"lx","elems":262144,"broadcast":false,"dims":[32,128,64],"logical":[128,2048],"loop_factor":1},{"name":"arg0_1","role":"input","mem":"hbm","elems":8388608,"broadcast":false,"dims":[32,4096,64],"logical":[4096,2048],"loop_factor":1},{"name":"buf0","role":"input","mem":"lx","elems":8192,"broadcast":true,"dims":[1,128,64],"logical":[128,1],"loop_factor":1}],"reduction_cores":1,"loop_trip":32,"tiles_output_dim":true,"tile_rows_per_core":4.0,"is_matmul":false,"matmul_macs":0,"matmul_rows_per_core":0.0,"matmul_cols_per_core":0.0,"matmul_a_bytes":0,"matmul_b_bytes":0,"hbm_pattern":""},{"name":"exp","is_reduction":false,"out_elems":262144,"cores":32,"dtype_bytes":2,"args":[{"name":"op2","role":"output","mem":"lx","elems":262144,"broadcast":false,"dims":[32,128,64],"logical":[128,2048],"loop_factor":1},{"name":"buf1","role":"input","mem":"lx","elems":262144,"broadcast":false,"dims":[32,128,64],"logical":[128,2048],"loop_factor":1}],"reduction_cores":1,"loop_trip":32,"tiles_output_dim":true,"tile_rows_per_core":4.0,"is_matmul":false,"matmul_macs":0,"matmul_rows_per_core":0.0,"matmul_cols_per_core":0.0,"matmul_a_bytes":0,"matmul_b_bytes":0,"hbm_pattern":""},{"name":"sum_1","is_reduction":true,"out_elems":8192,"cores":32,"dtype_bytes":2,"args":[{"name":"op3","role":"output","mem":"lx","elems":8192,"broadcast":false,"dims":[1,128,64],"logical":[128,1],"loop_factor":1},{"name":"buf2","role":"input","mem":"lx","elems":262144,"broadcast":false,"dims":[32,128,64],"logical":[128,2048],"loop_factor":1}],"reduction_cores":1,"loop_trip":32,"tiles_output_dim":true,"tile_rows_per_core":4.0,"is_matmul":false,"matmul_macs":0,"matmul_rows_per_core":0.0,"matmul_cols_per_core":0.0,"matmul_a_bytes":0,"matmul_b_bytes":0,"hbm_pattern":""},{"name":"div","is_reduction":false,"out_elems":8388608,"cores":32,"dtype_bytes":2,"args":[{"name":"op4","role":"output","mem":"hbm","elems":8388608,"broadcast":false,"dims":[4096,2048],"logical":[4096,2048],"loop_factor":1},{"name":"buf2","role":"input","mem":"lx","elems":262144,"broadcast":false,"dims":[32,128,64],"logical":[128,2048],"loop_factor":1},{"name":"buf3","role":"input","mem":"lx","elems":8192,"broadcast":true,"dims":[1,128,64],"logical":[128,1],"loop_factor":1}],"reduction_cores":1,"loop_trip":32,"tiles_output_dim":true,"tile_rows_per_core":4,"is_matmul":false,"matmul_macs":0,"matmul_rows_per_core":0.0,"matmul_cols_per_core":0.0,"matmul_a_bytes":0,"matmul_b_bytes":0,"hbm_pattern":""}]
SUMMARY op=softmax_row_tiling rows=4096 cols=2048 cores=32 tiles=32 lx=1 io_hbm_bytes=50331648 kernel_us=645.673 pred_us=713.226 err_pct=+10.5 bw_gbps=78.0 memset_us=850.847 other_dev_us=568.171 total_dev_us=2064.691
-- softmax [8192,2048] tiles=4 (ROWS/tile=2048)
  op_it_space_splits={d0: 32, d1: 1}
  op_it_space_splits={d0: 32, d1: 1}
  op_it_space_splits={d0: 32, d1: 1}
  op_it_space_splits={d0: 32, d1: 1}
  op_it_space_splits={d0: 32, d1: 1}
  op_it_space_splits={d0: 32, d1: 1}
  op_it_space_splits={d0: 32, d1: 1}
  op_it_space_splits={d0: 32, d1: 1}
  op_it_space_splits={d0: 32, d1: 1}
  op_it_space_splits={d0: 32, d1: 1}
  op_it_space_splits={d0: 32, d1: 1}
  op_it_space_splits={d0: 32, d1: 1}
  op_it_space_splits={d0: 32, d1: 1}
  op_it_space_splits={d0: 32, d1: 1}
  op_it_space_splits={d0: 32, d1: 1}
  op_it_space_splits={d0: 32, d1: 1}
  op_it_space_splits={d0: 32, d1: 1}
  op_it_space_splits={d0: 32, d1: 1}
  op_it_space_splits={d0: 32, d1: 1}
  op_it_space_splits={d0: 32, d1: 1}
  op_it_space_splits={d0: 32, d1: 1}
  op_it_space_splits={d0: 32, d1: 1}
  op_it_space_splits={d0: 32, d1: 1}
  op_it_space_splits={d0: 32, d1: 1}
  op_it_space_splits={d0: 32, d1: 1}
  op_it_space_splits={d0: 32, d1: 1}
  op_it_space_splits={d0: 32, d1: 1}
  op_it_space_splits={d0: 32, d1: 1}
  op_it_space_splits={d0: 32, d1: 1}
  op_it_space_splits={d0: 32, d1: 1}
IO -- device-layout I/O (cost model, stick-padded) --
IO   op amax [reduction]
IO     output op0                    torch [2048, 1] -> device [1, 2048, 64] in LX = 131072 elems x 2B = 262144 B  (hbm counted: 0 B)
IO     input  arg0_1                 torch [8192, 2048] -> device [32, 8192, 64] in HBM = 16777216 elems x 2B = 33554432 B  (hbm counted: 33554432 B)
IO   op sub
IO     output op1                    torch [2048, 2048] -> device [32, 2048, 64] in LX = 4194304 elems x 2B = 8388608 B  (hbm counted: 0 B)
IO     input  arg0_1                 torch [8192, 2048] -> device [32, 8192, 64] in HBM = 16777216 elems x 2B = 33554432 B  (hbm counted: 33554432 B)
IO     input  buf0                   torch [2048, 1] -> device [1, 2048, 64] in LX = 131072 elems x 2B = 262144 B  (hbm counted: 0 B) broadcast (loaded once)
IO   op exp
IO     output op2                    torch [2048, 2048] -> device [32, 2048, 64] in LX = 4194304 elems x 2B = 8388608 B  (hbm counted: 0 B)
IO     input  buf1                   torch [2048, 2048] -> device [32, 2048, 64] in LX = 4194304 elems x 2B = 8388608 B  (hbm counted: 0 B)
IO   op sum_1 [reduction]
IO     output op3                    torch [2048, 1] -> device [1, 2048, 64] in LX = 131072 elems x 2B = 262144 B  (hbm counted: 0 B)
IO     input  buf2                   torch [2048, 2048] -> device [32, 2048, 64] in LX = 4194304 elems x 2B = 8388608 B  (hbm counted: 0 B)
IO   op div
IO     output op4                    torch [8192, 2048] -> device [8192, 2048] in HBM = 16777216 elems x 2B = 33554432 B  (hbm counted: 33554432 B)
IO     input  buf2                   torch [2048, 2048] -> device [32, 2048, 64] in LX = 4194304 elems x 2B = 8388608 B  (hbm counted: 0 B)
IO     input  buf3                   torch [2048, 1] -> device [1, 2048, 64] in LX = 131072 elems x 2B = 262144 B  (hbm counted: 0 B) broadcast (loaded once)
IO   => HBM I/O total = 100663296 B  (lx 42991616 B, ~free)
MODEL -- estimate (turnaround): T = [(R+W)/BW_PEAK + a*min(R,W)] / eff_underfill --
MODEL   R=33554432 B (read)   W=33554432 B (write)   loop_trip L=4
MODEL   base = (R+W)/150 = 447.39 us
MODEL   turn = a*min(R,W) = 0.00574*33554432 = 192.60 us
MODEL   eff_underfill = min(0.95,(64.0/13)**0.68) = 0.950 -> (base+turn)/eff = 673.68 us
MODEL   => T_model = 673.68 us
MODEL FEATS [{"name":"amax","is_reduction":true,"out_elems":131072,"cores":32,"dtype_bytes":2,"args":[{"name":"op0","role":"output","mem":"lx","elems":131072,"broadcast":false,"dims":[1,2048,64],"logical":[2048,1],"loop_factor":1},{"name":"arg0_1","role":"input","mem":"hbm","elems":16777216,"broadcast":false,"dims":[32,8192,64],"logical":[8192,2048],"loop_factor":1}],"reduction_cores":1,"loop_trip":4,"tiles_output_dim":true,"tile_rows_per_core":64.0,"is_matmul":false,"matmul_macs":0,"matmul_rows_per_core":0.0,"matmul_cols_per_core":0.0,"matmul_a_bytes":0,"matmul_b_bytes":0,"hbm_pattern":""},{"name":"sub","is_reduction":false,"out_elems":4194304,"cores":32,"dtype_bytes":2,"args":[{"name":"op1","role":"output","mem":"lx","elems":4194304,"broadcast":false,"dims":[32,2048,64],"logical":[2048,2048],"loop_factor":1},{"name":"arg0_1","role":"input","mem":"hbm","elems":16777216,"broadcast":false,"dims":[32,8192,64],"logical":[8192,2048],"loop_factor":1},{"name":"buf0","role":"input","mem":"lx","elems":131072,"broadcast":true,"dims":[1,2048,64],"logical":[2048,1],"loop_factor":1}],"reduction_cores":1,"loop_trip":4,"tiles_output_dim":true,"tile_rows_per_core":64.0,"is_matmul":false,"matmul_macs":0,"matmul_rows_per_core":0.0,"matmul_cols_per_core":0.0,"matmul_a_bytes":0,"matmul_b_bytes":0,"hbm_pattern":""},{"name":"exp","is_reduction":false,"out_elems":4194304,"cores":32,"dtype_bytes":2,"args":[{"name":"op2","role":"output","mem":"lx","elems":4194304,"broadcast":false,"dims":[32,2048,64],"logical":[2048,2048],"loop_factor":1},{"name":"buf1","role":"input","mem":"lx","elems":4194304,"broadcast":false,"dims":[32,2048,64],"logical":[2048,2048],"loop_factor":1}],"reduction_cores":1,"loop_trip":4,"tiles_output_dim":true,"tile_rows_per_core":64.0,"is_matmul":false,"matmul_macs":0,"matmul_rows_per_core":0.0,"matmul_cols_per_core":0.0,"matmul_a_bytes":0,"matmul_b_bytes":0,"hbm_pattern":""},{"name":"sum_1","is_reduction":true,"out_elems":131072,"cores":32,"dtype_bytes":2,"args":[{"name":"op3","role":"output","mem":"lx","elems":131072,"broadcast":false,"dims":[1,2048,64],"logical":[2048,1],"loop_factor":1},{"name":"buf2","role":"input","mem":"lx","elems":4194304,"broadcast":false,"dims":[32,2048,64],"logical":[2048,2048],"loop_factor":1}],"reduction_cores":1,"loop_trip":4,"tiles_output_dim":true,"tile_rows_per_core":64.0,"is_matmul":false,"matmul_macs":0,"matmul_rows_per_core":0.0,"matmul_cols_per_core":0.0,"matmul_a_bytes":0,"matmul_b_bytes":0,"hbm_pattern":""},{"name":"div","is_reduction":false,"out_elems":16777216,"cores":32,"dtype_bytes":2,"args":[{"name":"op4","role":"output","mem":"hbm","elems":16777216,"broadcast":false,"dims":[8192,2048],"logical":[8192,2048],"loop_factor":1},{"name":"buf2","role":"input","mem":"lx","elems":4194304,"broadcast":false,"dims":[32,2048,64],"logical":[2048,2048],"loop_factor":1},{"name":"buf3","role":"input","mem":"lx","elems":131072,"broadcast":true,"dims":[1,2048,64],"logical":[2048,1],"loop_factor":1}],"reduction_cores":1,"loop_trip":4,"tiles_output_dim":true,"tile_rows_per_core":64,"is_matmul":false,"matmul_macs":0,"matmul_rows_per_core":0.0,"matmul_cols_per_core":0.0,"matmul_a_bytes":0,"matmul_b_bytes":0,"hbm_pattern":""}]
SUMMARY op=softmax_row_tiling rows=8192 cols=2048 cores=32 tiles=4 lx=1 io_hbm_bytes=100663296 kernel_us=727.352 pred_us=673.679 err_pct=-7.4 bw_gbps=138.4 memset_us=484.306 other_dev_us=2137.752 total_dev_us=3349.410
-- softmax [8192,2048] tiles=8 (ROWS/tile=1024)
  op_it_space_splits={d0: 32, d1: 1}
  op_it_space_splits={d0: 32, d1: 1}
  op_it_space_splits={d0: 32, d1: 1}
  op_it_space_splits={d0: 32, d1: 1}
  op_it_space_splits={d0: 32, d1: 1}
  op_it_space_splits={d0: 32, d1: 1}
  op_it_space_splits={d0: 32, d1: 1}
  op_it_space_splits={d0: 32, d1: 1}
  op_it_space_splits={d0: 32, d1: 1}
  op_it_space_splits={d0: 32, d1: 1}
  op_it_space_splits={d0: 32, d1: 1}
  op_it_space_splits={d0: 32, d1: 1}
  op_it_space_splits={d0: 32, d1: 1}
  op_it_space_splits={d0: 32, d1: 1}
  op_it_space_splits={d0: 32, d1: 1}
  op_it_space_splits={d0: 32, d1: 1}
  op_it_space_splits={d0: 32, d1: 1}
  op_it_space_splits={d0: 32, d1: 1}
  op_it_space_splits={d0: 32, d1: 1}
  op_it_space_splits={d0: 32, d1: 1}
  op_it_space_splits={d0: 32, d1: 1}
  op_it_space_splits={d0: 32, d1: 1}
  op_it_space_splits={d0: 32, d1: 1}
  op_it_space_splits={d0: 32, d1: 1}
  op_it_space_splits={d0: 32, d1: 1}
  op_it_space_splits={d0: 32, d1: 1}
  op_it_space_splits={d0: 32, d1: 1}
  op_it_space_splits={d0: 32, d1: 1}
  op_it_space_splits={d0: 32, d1: 1}
  op_it_space_splits={d0: 32, d1: 1}
IO -- device-layout I/O (cost model, stick-padded) --
IO   op amax [reduction]
IO     output op0                    torch [1024, 1] -> device [1, 1024, 64] in LX = 65536 elems x 2B = 131072 B  (hbm counted: 0 B)
IO     input  arg0_1                 torch [8192, 2048] -> device [32, 8192, 64] in HBM = 16777216 elems x 2B = 33554432 B  (hbm counted: 33554432 B)
IO   op sub
IO     output op1                    torch [1024, 2048] -> device [32, 1024, 64] in LX = 2097152 elems x 2B = 4194304 B  (hbm counted: 0 B)
IO     input  arg0_1                 torch [8192, 2048] -> device [32, 8192, 64] in HBM = 16777216 elems x 2B = 33554432 B  (hbm counted: 33554432 B)
IO     input  buf0                   torch [1024, 1] -> device [1, 1024, 64] in LX = 65536 elems x 2B = 131072 B  (hbm counted: 0 B) broadcast (loaded once)
IO   op exp
IO     output op2                    torch [1024, 2048] -> device [32, 1024, 64] in LX = 2097152 elems x 2B = 4194304 B  (hbm counted: 0 B)
IO     input  buf1                   torch [1024, 2048] -> device [32, 1024, 64] in LX = 2097152 elems x 2B = 4194304 B  (hbm counted: 0 B)
IO   op sum_1 [reduction]
IO     output op3                    torch [1024, 1] -> device [1, 1024, 64] in LX = 65536 elems x 2B = 131072 B  (hbm counted: 0 B)
IO     input  buf2                   torch [1024, 2048] -> device [32, 1024, 64] in LX = 2097152 elems x 2B = 4194304 B  (hbm counted: 0 B)
IO   op div
IO     output op4                    torch [8192, 2048] -> device [8192, 2048] in HBM = 16777216 elems x 2B = 33554432 B  (hbm counted: 33554432 B)
IO     input  buf2                   torch [1024, 2048] -> device [32, 1024, 64] in LX = 2097152 elems x 2B = 4194304 B  (hbm counted: 0 B)
IO     input  buf3                   torch [1024, 1] -> device [1, 1024, 64] in LX = 65536 elems x 2B = 131072 B  (hbm counted: 0 B) broadcast (loaded once)
IO   => HBM I/O total = 100663296 B  (lx 21495808 B, ~free)
MODEL -- estimate (turnaround): T = [(R+W)/BW_PEAK + a*min(R,W)] / eff_underfill --
MODEL   R=33554432 B (read)   W=33554432 B (write)   loop_trip L=8
MODEL   base = (R+W)/150 = 447.39 us
MODEL   turn = a*min(R,W) = 0.00574*33554432 = 192.60 us
MODEL   eff_underfill = min(0.95,(32.0/13)**0.68) = 0.950 -> (base+turn)/eff = 673.68 us
MODEL   => T_model = 673.68 us
MODEL FEATS [{"name":"amax","is_reduction":true,"out_elems":65536,"cores":32,"dtype_bytes":2,"args":[{"name":"op0","role":"output","mem":"lx","elems":65536,"broadcast":false,"dims":[1,1024,64],"logical":[1024,1],"loop_factor":1},{"name":"arg0_1","role":"input","mem":"hbm","elems":16777216,"broadcast":false,"dims":[32,8192,64],"logical":[8192,2048],"loop_factor":1}],"reduction_cores":1,"loop_trip":8,"tiles_output_dim":true,"tile_rows_per_core":32.0,"is_matmul":false,"matmul_macs":0,"matmul_rows_per_core":0.0,"matmul_cols_per_core":0.0,"matmul_a_bytes":0,"matmul_b_bytes":0,"hbm_pattern":""},{"name":"sub","is_reduction":false,"out_elems":2097152,"cores":32,"dtype_bytes":2,"args":[{"name":"op1","role":"output","mem":"lx","elems":2097152,"broadcast":false,"dims":[32,1024,64],"logical":[1024,2048],"loop_factor":1},{"name":"arg0_1","role":"input","mem":"hbm","elems":16777216,"broadcast":false,"dims":[32,8192,64],"logical":[8192,2048],"loop_factor":1},{"name":"buf0","role":"input","mem":"lx","elems":65536,"broadcast":true,"dims":[1,1024,64],"logical":[1024,1],"loop_factor":1}],"reduction_cores":1,"loop_trip":8,"tiles_output_dim":true,"tile_rows_per_core":32.0,"is_matmul":false,"matmul_macs":0,"matmul_rows_per_core":0.0,"matmul_cols_per_core":0.0,"matmul_a_bytes":0,"matmul_b_bytes":0,"hbm_pattern":""},{"name":"exp","is_reduction":false,"out_elems":2097152,"cores":32,"dtype_bytes":2,"args":[{"name":"op2","role":"output","mem":"lx","elems":2097152,"broadcast":false,"dims":[32,1024,64],"logical":[1024,2048],"loop_factor":1},{"name":"buf1","role":"input","mem":"lx","elems":2097152,"broadcast":false,"dims":[32,1024,64],"logical":[1024,2048],"loop_factor":1}],"reduction_cores":1,"loop_trip":8,"tiles_output_dim":true,"tile_rows_per_core":32.0,"is_matmul":false,"matmul_macs":0,"matmul_rows_per_core":0.0,"matmul_cols_per_core":0.0,"matmul_a_bytes":0,"matmul_b_bytes":0,"hbm_pattern":""},{"name":"sum_1","is_reduction":true,"out_elems":65536,"cores":32,"dtype_bytes":2,"args":[{"name":"op3","role":"output","mem":"lx","elems":65536,"broadcast":false,"dims":[1,1024,64],"logical":[1024,1],"loop_factor":1},{"name":"buf2","role":"input","mem":"lx","elems":2097152,"broadcast":false,"dims":[32,1024,64],"logical":[1024,2048],"loop_factor":1}],"reduction_cores":1,"loop_trip":8,"tiles_output_dim":true,"tile_rows_per_core":32.0,"is_matmul":false,"matmul_macs":0,"matmul_rows_per_core":0.0,"matmul_cols_per_core":0.0,"matmul_a_bytes":0,"matmul_b_bytes":0,"hbm_pattern":""},{"name":"div","is_reduction":false,"out_elems":16777216,"cores":32,"dtype_bytes":2,"args":[{"name":"op4","role":"output","mem":"hbm","elems":16777216,"broadcast":false,"dims":[8192,2048],"logical":[8192,2048],"loop_factor":1},{"name":"buf2","role":"input","mem":"lx","elems":2097152,"broadcast":false,"dims":[32,1024,64],"logical":[1024,2048],"loop_factor":1},{"name":"buf3","role":"input","mem":"lx","elems":65536,"broadcast":true,"dims":[1,1024,64],"logical":[1024,1],"loop_factor":1}],"reduction_cores":1,"loop_trip":8,"tiles_output_dim":true,"tile_rows_per_core":32,"is_matmul":false,"matmul_macs":0,"matmul_rows_per_core":0.0,"matmul_cols_per_core":0.0,"matmul_a_bytes":0,"matmul_b_bytes":0,"hbm_pattern":""}]
SUMMARY op=softmax_row_tiling rows=8192 cols=2048 cores=32 tiles=8 lx=1 io_hbm_bytes=100663296 kernel_us=667.782 pred_us=673.679 err_pct=+0.9 bw_gbps=150.7 memset_us=489.565 other_dev_us=2345.687 total_dev_us=3503.034
-- softmax [8192,2048] tiles=16 (ROWS/tile=512)
  op_it_space_splits={d0: 32, d1: 1}
  op_it_space_splits={d0: 32, d1: 1}
  op_it_space_splits={d0: 32, d1: 1}
  op_it_space_splits={d0: 32, d1: 1}
  op_it_space_splits={d0: 32, d1: 1}
  op_it_space_splits={d0: 32, d1: 1}
  op_it_space_splits={d0: 32, d1: 1}
  op_it_space_splits={d0: 32, d1: 1}
  op_it_space_splits={d0: 32, d1: 1}
  op_it_space_splits={d0: 32, d1: 1}
  op_it_space_splits={d0: 32, d1: 1}
  op_it_space_splits={d0: 32, d1: 1}
  op_it_space_splits={d0: 32, d1: 1}
  op_it_space_splits={d0: 32, d1: 1}
  op_it_space_splits={d0: 32, d1: 1}
  op_it_space_splits={d0: 32, d1: 1}
  op_it_space_splits={d0: 32, d1: 1}
  op_it_space_splits={d0: 32, d1: 1}
  op_it_space_splits={d0: 32, d1: 1}
  op_it_space_splits={d0: 32, d1: 1}
  op_it_space_splits={d0: 32, d1: 1}
  op_it_space_splits={d0: 32, d1: 1}
  op_it_space_splits={d0: 32, d1: 1}
  op_it_space_splits={d0: 32, d1: 1}
  op_it_space_splits={d0: 32, d1: 1}
  op_it_space_splits={d0: 32, d1: 1}
  op_it_space_splits={d0: 32, d1: 1}
  op_it_space_splits={d0: 32, d1: 1}
  op_it_space_splits={d0: 32, d1: 1}
  op_it_space_splits={d0: 32, d1: 1}
IO -- device-layout I/O (cost model, stick-padded) --
IO   op amax [reduction]
IO     output op0                    torch [512, 1] -> device [1, 512, 64] in LX = 32768 elems x 2B = 65536 B  (hbm counted: 0 B)
IO     input  arg0_1                 torch [8192, 2048] -> device [32, 8192, 64] in HBM = 16777216 elems x 2B = 33554432 B  (hbm counted: 33554432 B)
IO   op sub
IO     output op1                    torch [512, 2048] -> device [32, 512, 64] in LX = 1048576 elems x 2B = 2097152 B  (hbm counted: 0 B)
IO     input  arg0_1                 torch [8192, 2048] -> device [32, 8192, 64] in HBM = 16777216 elems x 2B = 33554432 B  (hbm counted: 33554432 B)
IO     input  buf0                   torch [512, 1] -> device [1, 512, 64] in LX = 32768 elems x 2B = 65536 B  (hbm counted: 0 B) broadcast (loaded once)
IO   op exp
IO     output op2                    torch [512, 2048] -> device [32, 512, 64] in LX = 1048576 elems x 2B = 2097152 B  (hbm counted: 0 B)
IO     input  buf1                   torch [512, 2048] -> device [32, 512, 64] in LX = 1048576 elems x 2B = 2097152 B  (hbm counted: 0 B)
IO   op sum_1 [reduction]
IO     output op3                    torch [512, 1] -> device [1, 512, 64] in LX = 32768 elems x 2B = 65536 B  (hbm counted: 0 B)
IO     input  buf2                   torch [512, 2048] -> device [32, 512, 64] in LX = 1048576 elems x 2B = 2097152 B  (hbm counted: 0 B)
IO   op div
IO     output op4                    torch [8192, 2048] -> device [8192, 2048] in HBM = 16777216 elems x 2B = 33554432 B  (hbm counted: 33554432 B)
IO     input  buf2                   torch [512, 2048] -> device [32, 512, 64] in LX = 1048576 elems x 2B = 2097152 B  (hbm counted: 0 B)
IO     input  buf3                   torch [512, 1] -> device [1, 512, 64] in LX = 32768 elems x 2B = 65536 B  (hbm counted: 0 B) broadcast (loaded once)
IO   => HBM I/O total = 100663296 B  (lx 10747904 B, ~free)
MODEL -- estimate (turnaround): T = [(R+W)/BW_PEAK + a*min(R,W)] / eff_underfill --
MODEL   R=33554432 B (read)   W=33554432 B (write)   loop_trip L=16
MODEL   base = (R+W)/150 = 447.39 us
MODEL   turn = a*min(R,W) = 0.00574*33554432 = 192.60 us
MODEL   eff_underfill = min(0.95,(16.0/13)**0.68) = 0.950 -> (base+turn)/eff = 673.68 us
MODEL   => T_model = 673.68 us
MODEL FEATS [{"name":"amax","is_reduction":true,"out_elems":32768,"cores":32,"dtype_bytes":2,"args":[{"name":"op0","role":"output","mem":"lx","elems":32768,"broadcast":false,"dims":[1,512,64],"logical":[512,1],"loop_factor":1},{"name":"arg0_1","role":"input","mem":"hbm","elems":16777216,"broadcast":false,"dims":[32,8192,64],"logical":[8192,2048],"loop_factor":1}],"reduction_cores":1,"loop_trip":16,"tiles_output_dim":true,"tile_rows_per_core":16.0,"is_matmul":false,"matmul_macs":0,"matmul_rows_per_core":0.0,"matmul_cols_per_core":0.0,"matmul_a_bytes":0,"matmul_b_bytes":0,"hbm_pattern":""},{"name":"sub","is_reduction":false,"out_elems":1048576,"cores":32,"dtype_bytes":2,"args":[{"name":"op1","role":"output","mem":"lx","elems":1048576,"broadcast":false,"dims":[32,512,64],"logical":[512,2048],"loop_factor":1},{"name":"arg0_1","role":"input","mem":"hbm","elems":16777216,"broadcast":false,"dims":[32,8192,64],"logical":[8192,2048],"loop_factor":1},{"name":"buf0","role":"input","mem":"lx","elems":32768,"broadcast":true,"dims":[1,512,64],"logical":[512,1],"loop_factor":1}],"reduction_cores":1,"loop_trip":16,"tiles_output_dim":true,"tile_rows_per_core":16.0,"is_matmul":false,"matmul_macs":0,"matmul_rows_per_core":0.0,"matmul_cols_per_core":0.0,"matmul_a_bytes":0,"matmul_b_bytes":0,"hbm_pattern":""},{"name":"exp","is_reduction":false,"out_elems":1048576,"cores":32,"dtype_bytes":2,"args":[{"name":"op2","role":"output","mem":"lx","elems":1048576,"broadcast":false,"dims":[32,512,64],"logical":[512,2048],"loop_factor":1},{"name":"buf1","role":"input","mem":"lx","elems":1048576,"broadcast":false,"dims":[32,512,64],"logical":[512,2048],"loop_factor":1}],"reduction_cores":1,"loop_trip":16,"tiles_output_dim":true,"tile_rows_per_core":16.0,"is_matmul":false,"matmul_macs":0,"matmul_rows_per_core":0.0,"matmul_cols_per_core":0.0,"matmul_a_bytes":0,"matmul_b_bytes":0,"hbm_pattern":""},{"name":"sum_1","is_reduction":true,"out_elems":32768,"cores":32,"dtype_bytes":2,"args":[{"name":"op3","role":"output","mem":"lx","elems":32768,"broadcast":false,"dims":[1,512,64],"logical":[512,1],"loop_factor":1},{"name":"buf2","role":"input","mem":"lx","elems":1048576,"broadcast":false,"dims":[32,512,64],"logical":[512,2048],"loop_factor":1}],"reduction_cores":1,"loop_trip":16,"tiles_output_dim":true,"tile_rows_per_core":16.0,"is_matmul":false,"matmul_macs":0,"matmul_rows_per_core":0.0,"matmul_cols_per_core":0.0,"matmul_a_bytes":0,"matmul_b_bytes":0,"hbm_pattern":""},{"name":"div","is_reduction":false,"out_elems":16777216,"cores":32,"dtype_bytes":2,"args":[{"name":"op4","role":"output","mem":"hbm","elems":16777216,"broadcast":false,"dims":[8192,2048],"logical":[8192,2048],"loop_factor":1},{"name":"buf2","role":"input","mem":"lx","elems":1048576,"broadcast":false,"dims":[32,512,64],"logical":[512,2048],"loop_factor":1},{"name":"buf3","role":"input","mem":"lx","elems":32768,"broadcast":true,"dims":[1,512,64],"logical":[512,1],"loop_factor":1}],"reduction_cores":1,"loop_trip":16,"tiles_output_dim":true,"tile_rows_per_core":16,"is_matmul":false,"matmul_macs":0,"matmul_rows_per_core":0.0,"matmul_cols_per_core":0.0,"matmul_a_bytes":0,"matmul_b_bytes":0,"hbm_pattern":""}]
SUMMARY op=softmax_row_tiling rows=8192 cols=2048 cores=32 tiles=16 lx=1 io_hbm_bytes=100663296 kernel_us=675.964 pred_us=673.679 err_pct=-0.3 bw_gbps=148.9 memset_us=551.452 other_dev_us=2152.576 total_dev_us=3379.992
-- softmax [8192,2048] tiles=32 (ROWS/tile=256)
  op_it_space_splits={d0: 32, d1: 1}
  op_it_space_splits={d0: 32, d1: 1}
  op_it_space_splits={d0: 32, d1: 1}
  op_it_space_splits={d0: 32, d1: 1}
  op_it_space_splits={d0: 32, d1: 1}
  op_it_space_splits={d0: 32, d1: 1}
  op_it_space_splits={d0: 32, d1: 1}
  op_it_space_splits={d0: 32, d1: 1}
  op_it_space_splits={d0: 32, d1: 1}
  op_it_space_splits={d0: 32, d1: 1}
  op_it_space_splits={d0: 32, d1: 1}
  op_it_space_splits={d0: 32, d1: 1}
  op_it_space_splits={d0: 32, d1: 1}
  op_it_space_splits={d0: 32, d1: 1}
  op_it_space_splits={d0: 32, d1: 1}
  op_it_space_splits={d0: 32, d1: 1}
  op_it_space_splits={d0: 32, d1: 1}
  op_it_space_splits={d0: 32, d1: 1}
  op_it_space_splits={d0: 32, d1: 1}
  op_it_space_splits={d0: 32, d1: 1}
  op_it_space_splits={d0: 32, d1: 1}
  op_it_space_splits={d0: 32, d1: 1}
  op_it_space_splits={d0: 32, d1: 1}
  op_it_space_splits={d0: 32, d1: 1}
  op_it_space_splits={d0: 32, d1: 1}
  op_it_space_splits={d0: 32, d1: 1}
  op_it_space_splits={d0: 32, d1: 1}
  op_it_space_splits={d0: 32, d1: 1}
  op_it_space_splits={d0: 32, d1: 1}
  op_it_space_splits={d0: 32, d1: 1}
IO -- device-layout I/O (cost model, stick-padded) --
IO   op amax [reduction]
IO     output op0                    torch [256, 1] -> device [1, 256, 64] in LX = 16384 elems x 2B = 32768 B  (hbm counted: 0 B)
IO     input  arg0_1                 torch [8192, 2048] -> device [32, 8192, 64] in HBM = 16777216 elems x 2B = 33554432 B  (hbm counted: 33554432 B)
IO   op sub
IO     output op1                    torch [256, 2048] -> device [32, 256, 64] in LX = 524288 elems x 2B = 1048576 B  (hbm counted: 0 B)
IO     input  arg0_1                 torch [8192, 2048] -> device [32, 8192, 64] in HBM = 16777216 elems x 2B = 33554432 B  (hbm counted: 33554432 B)
IO     input  buf0                   torch [256, 1] -> device [1, 256, 64] in LX = 16384 elems x 2B = 32768 B  (hbm counted: 0 B) broadcast (loaded once)
IO   op exp
IO     output op2                    torch [256, 2048] -> device [32, 256, 64] in LX = 524288 elems x 2B = 1048576 B  (hbm counted: 0 B)
IO     input  buf1                   torch [256, 2048] -> device [32, 256, 64] in LX = 524288 elems x 2B = 1048576 B  (hbm counted: 0 B)
IO   op sum_1 [reduction]
IO     output op3                    torch [256, 1] -> device [1, 256, 64] in LX = 16384 elems x 2B = 32768 B  (hbm counted: 0 B)
IO     input  buf2                   torch [256, 2048] -> device [32, 256, 64] in LX = 524288 elems x 2B = 1048576 B  (hbm counted: 0 B)
IO   op div
IO     output op4                    torch [8192, 2048] -> device [8192, 2048] in HBM = 16777216 elems x 2B = 33554432 B  (hbm counted: 33554432 B)
IO     input  buf2                   torch [256, 2048] -> device [32, 256, 64] in LX = 524288 elems x 2B = 1048576 B  (hbm counted: 0 B)
IO     input  buf3                   torch [256, 1] -> device [1, 256, 64] in LX = 16384 elems x 2B = 32768 B  (hbm counted: 0 B) broadcast (loaded once)
IO   => HBM I/O total = 100663296 B  (lx 5373952 B, ~free)
MODEL -- estimate (turnaround): T = [(R+W)/BW_PEAK + a*min(R,W)] / eff_underfill --
MODEL   R=33554432 B (read)   W=33554432 B (write)   loop_trip L=32
MODEL   base = (R+W)/150 = 447.39 us
MODEL   turn = a*min(R,W) = 0.00574*33554432 = 192.60 us
MODEL   eff_underfill = min(0.95,(8.0/13)**0.68) = 0.719 -> (base+turn)/eff = 890.34 us
MODEL   => T_model = 890.34 us
MODEL FEATS [{"name":"amax","is_reduction":true,"out_elems":16384,"cores":32,"dtype_bytes":2,"args":[{"name":"op0","role":"output","mem":"lx","elems":16384,"broadcast":false,"dims":[1,256,64],"logical":[256,1],"loop_factor":1},{"name":"arg0_1","role":"input","mem":"hbm","elems":16777216,"broadcast":false,"dims":[32,8192,64],"logical":[8192,2048],"loop_factor":1}],"reduction_cores":1,"loop_trip":32,"tiles_output_dim":true,"tile_rows_per_core":8.0,"is_matmul":false,"matmul_macs":0,"matmul_rows_per_core":0.0,"matmul_cols_per_core":0.0,"matmul_a_bytes":0,"matmul_b_bytes":0,"hbm_pattern":""},{"name":"sub","is_reduction":false,"out_elems":524288,"cores":32,"dtype_bytes":2,"args":[{"name":"op1","role":"output","mem":"lx","elems":524288,"broadcast":false,"dims":[32,256,64],"logical":[256,2048],"loop_factor":1},{"name":"arg0_1","role":"input","mem":"hbm","elems":16777216,"broadcast":false,"dims":[32,8192,64],"logical":[8192,2048],"loop_factor":1},{"name":"buf0","role":"input","mem":"lx","elems":16384,"broadcast":true,"dims":[1,256,64],"logical":[256,1],"loop_factor":1}],"reduction_cores":1,"loop_trip":32,"tiles_output_dim":true,"tile_rows_per_core":8.0,"is_matmul":false,"matmul_macs":0,"matmul_rows_per_core":0.0,"matmul_cols_per_core":0.0,"matmul_a_bytes":0,"matmul_b_bytes":0,"hbm_pattern":""},{"name":"exp","is_reduction":false,"out_elems":524288,"cores":32,"dtype_bytes":2,"args":[{"name":"op2","role":"output","mem":"lx","elems":524288,"broadcast":false,"dims":[32,256,64],"logical":[256,2048],"loop_factor":1},{"name":"buf1","role":"input","mem":"lx","elems":524288,"broadcast":false,"dims":[32,256,64],"logical":[256,2048],"loop_factor":1}],"reduction_cores":1,"loop_trip":32,"tiles_output_dim":true,"tile_rows_per_core":8.0,"is_matmul":false,"matmul_macs":0,"matmul_rows_per_core":0.0,"matmul_cols_per_core":0.0,"matmul_a_bytes":0,"matmul_b_bytes":0,"hbm_pattern":""},{"name":"sum_1","is_reduction":true,"out_elems":16384,"cores":32,"dtype_bytes":2,"args":[{"name":"op3","role":"output","mem":"lx","elems":16384,"broadcast":false,"dims":[1,256,64],"logical":[256,1],"loop_factor":1},{"name":"buf2","role":"input","mem":"lx","elems":524288,"broadcast":false,"dims":[32,256,64],"logical":[256,2048],"loop_factor":1}],"reduction_cores":1,"loop_trip":32,"tiles_output_dim":true,"tile_rows_per_core":8.0,"is_matmul":false,"matmul_macs":0,"matmul_rows_per_core":0.0,"matmul_cols_per_core":0.0,"matmul_a_bytes":0,"matmul_b_bytes":0,"hbm_pattern":""},{"name":"div","is_reduction":false,"out_elems":16777216,"cores":32,"dtype_bytes":2,"args":[{"name":"op4","role":"output","mem":"hbm","elems":16777216,"broadcast":false,"dims":[8192,2048],"logical":[8192,2048],"loop_factor":1},{"name":"buf2","role":"input","mem":"lx","elems":524288,"broadcast":false,"dims":[32,256,64],"logical":[256,2048],"loop_factor":1},{"name":"buf3","role":"input","mem":"lx","elems":16384,"broadcast":true,"dims":[1,256,64],"logical":[256,1],"loop_factor":1}],"reduction_cores":1,"loop_trip":32,"tiles_output_dim":true,"tile_rows_per_core":8,"is_matmul":false,"matmul_macs":0,"matmul_rows_per_core":0.0,"matmul_cols_per_core":0.0,"matmul_a_bytes":0,"matmul_b_bytes":0,"hbm_pattern":""}]
SUMMARY op=softmax_row_tiling rows=8192 cols=2048 cores=32 tiles=32 lx=1 io_hbm_bytes=100663296 kernel_us=856.099 pred_us=890.342 err_pct=+4.0 bw_gbps=117.6 memset_us=536.488 other_dev_us=2300.049 total_dev_us=3692.636
-- softmax [16384,2048] tiles=4 (ROWS/tile=4096)
  op_it_space_splits={d0: 32, d1: 1}
  op_it_space_splits={d0: 32, d1: 1}
  op_it_space_splits={d0: 32, d1: 1}
  op_it_space_splits={d0: 32, d1: 1}
  op_it_space_splits={d0: 32, d1: 1}
  op_it_space_splits={d0: 32, d1: 1}
  op_it_space_splits={d0: 32, d1: 1}
  op_it_space_splits={d0: 32, d1: 1}
  op_it_space_splits={d0: 32, d1: 1}
  op_it_space_splits={d0: 32, d1: 1}
  op_it_space_splits={d0: 32, d1: 1}
  op_it_space_splits={d0: 32, d1: 1}
  op_it_space_splits={d0: 32, d1: 1}
  op_it_space_splits={d0: 32, d1: 1}
  op_it_space_splits={d0: 32, d1: 1}
  op_it_space_splits={d0: 32, d1: 1}
  op_it_space_splits={d0: 32, d1: 1}
  op_it_space_splits={d0: 32, d1: 1}
  op_it_space_splits={d0: 32, d1: 1}
  op_it_space_splits={d0: 32, d1: 1}
  op_it_space_splits={d0: 32, d1: 1}
  op_it_space_splits={d0: 32, d1: 1}
  op_it_space_splits={d0: 32, d1: 1}
  op_it_space_splits={d0: 32, d1: 1}
  op_it_space_splits={d0: 32, d1: 1}
  op_it_space_splits={d0: 32, d1: 1}
  op_it_space_splits={d0: 32, d1: 1}
  op_it_space_splits={d0: 32, d1: 1}
  op_it_space_splits={d0: 32, d1: 1}
  op_it_space_splits={d0: 32, d1: 1}
IO -- device-layout I/O (cost model, stick-padded) --
IO   op amax [reduction]
IO     output op0                    torch [4096, 1] -> device [1, 4096, 64] in LX = 262144 elems x 2B = 524288 B  (hbm counted: 0 B)
IO     input  arg0_1                 torch [16384, 2048] -> device [32, 16384, 64] in HBM = 33554432 elems x 2B = 67108864 B  (hbm counted: 67108864 B)
IO   op sub
IO     output op1                    torch [4096, 2048] -> device [32, 4096, 64] in LX = 8388608 elems x 2B = 16777216 B  (hbm counted: 0 B)
IO     input  arg0_1                 torch [16384, 2048] -> device [32, 16384, 64] in HBM = 33554432 elems x 2B = 67108864 B  (hbm counted: 67108864 B)
IO     input  buf0                   torch [4096, 1] -> device [1, 4096, 64] in LX = 262144 elems x 2B = 524288 B  (hbm counted: 0 B) broadcast (loaded once)
IO   op exp
IO     output op2                    torch [4096, 2048] -> device [32, 4096, 64] in LX = 8388608 elems x 2B = 16777216 B  (hbm counted: 0 B)
IO     input  buf1                   torch [4096, 2048] -> device [32, 4096, 64] in LX = 8388608 elems x 2B = 16777216 B  (hbm counted: 0 B)
IO   op sum_1 [reduction]
IO     output op3                    torch [4096, 1] -> device [1, 4096, 64] in LX = 262144 elems x 2B = 524288 B  (hbm counted: 0 B)
IO     input  buf2                   torch [4096, 2048] -> device [32, 4096, 64] in LX = 8388608 elems x 2B = 16777216 B  (hbm counted: 0 B)
IO   op div
IO     output op4                    torch [16384, 2048] -> device [16384, 2048] in HBM = 33554432 elems x 2B = 67108864 B  (hbm counted: 67108864 B)
IO     input  buf2                   torch [4096, 2048] -> device [32, 4096, 64] in LX = 8388608 elems x 2B = 16777216 B  (hbm counted: 0 B)
IO     input  buf3                   torch [4096, 1] -> device [1, 4096, 64] in LX = 262144 elems x 2B = 524288 B  (hbm counted: 0 B) broadcast (loaded once)
IO   => HBM I/O total = 201326592 B  (lx 85983232 B, ~free)
MODEL -- estimate (turnaround): T = [(R+W)/BW_PEAK + a*min(R,W)] / eff_underfill --
MODEL   R=67108864 B (read)   W=67108864 B (write)   loop_trip L=4
MODEL   base = (R+W)/150 = 894.78 us
MODEL   turn = a*min(R,W) = 0.00574*67108864 = 385.20 us
MODEL   eff_underfill = min(0.95,(128.0/13)**0.68) = 0.950 -> (base+turn)/eff = 1347.36 us
MODEL   => T_model = 1347.36 us
MODEL FEATS [{"name":"amax","is_reduction":true,"out_elems":262144,"cores":32,"dtype_bytes":2,"args":[{"name":"op0","role":"output","mem":"lx","elems":262144,"broadcast":false,"dims":[1,4096,64],"logical":[4096,1],"loop_factor":1},{"name":"arg0_1","role":"input","mem":"hbm","elems":33554432,"broadcast":false,"dims":[32,16384,64],"logical":[16384,2048],"loop_factor":1}],"reduction_cores":1,"loop_trip":4,"tiles_output_dim":true,"tile_rows_per_core":128.0,"is_matmul":false,"matmul_macs":0,"matmul_rows_per_core":0.0,"matmul_cols_per_core":0.0,"matmul_a_bytes":0,"matmul_b_bytes":0,"hbm_pattern":""},{"name":"sub","is_reduction":false,"out_elems":8388608,"cores":32,"dtype_bytes":2,"args":[{"name":"op1","role":"output","mem":"lx","elems":8388608,"broadcast":false,"dims":[32,4096,64],"logical":[4096,2048],"loop_factor":1},{"name":"arg0_1","role":"input","mem":"hbm","elems":33554432,"broadcast":false,"dims":[32,16384,64],"logical":[16384,2048],"loop_factor":1},{"name":"buf0","role":"input","mem":"lx","elems":262144,"broadcast":true,"dims":[1,4096,64],"logical":[4096,1],"loop_factor":1}],"reduction_cores":1,"loop_trip":4,"tiles_output_dim":true,"tile_rows_per_core":128.0,"is_matmul":false,"matmul_macs":0,"matmul_rows_per_core":0.0,"matmul_cols_per_core":0.0,"matmul_a_bytes":0,"matmul_b_bytes":0,"hbm_pattern":""},{"name":"exp","is_reduction":false,"out_elems":8388608,"cores":32,"dtype_bytes":2,"args":[{"name":"op2","role":"output","mem":"lx","elems":8388608,"broadcast":false,"dims":[32,4096,64],"logical":[4096,2048],"loop_factor":1},{"name":"buf1","role":"input","mem":"lx","elems":8388608,"broadcast":false,"dims":[32,4096,64],"logical":[4096,2048],"loop_factor":1}],"reduction_cores":1,"loop_trip":4,"tiles_output_dim":true,"tile_rows_per_core":128.0,"is_matmul":false,"matmul_macs":0,"matmul_rows_per_core":0.0,"matmul_cols_per_core":0.0,"matmul_a_bytes":0,"matmul_b_bytes":0,"hbm_pattern":""},{"name":"sum_1","is_reduction":true,"out_elems":262144,"cores":32,"dtype_bytes":2,"args":[{"name":"op3","role":"output","mem":"lx","elems":262144,"broadcast":false,"dims":[1,4096,64],"logical":[4096,1],"loop_factor":1},{"name":"buf2","role":"input","mem":"lx","elems":8388608,"broadcast":false,"dims":[32,4096,64],"logical":[4096,2048],"loop_factor":1}],"reduction_cores":1,"loop_trip":4,"tiles_output_dim":true,"tile_rows_per_core":128.0,"is_matmul":false,"matmul_macs":0,"matmul_rows_per_core":0.0,"matmul_cols_per_core":0.0,"matmul_a_bytes":0,"matmul_b_bytes":0,"hbm_pattern":""},{"name":"div","is_reduction":false,"out_elems":33554432,"cores":32,"dtype_bytes":2,"args":[{"name":"op4","role":"output","mem":"hbm","elems":33554432,"broadcast":false,"dims":[16384,2048],"logical":[16384,2048],"loop_factor":1},{"name":"buf2","role":"input","mem":"lx","elems":8388608,"broadcast":false,"dims":[32,4096,64],"logical":[4096,2048],"loop_factor":1},{"name":"buf3","role":"input","mem":"lx","elems":262144,"broadcast":true,"dims":[1,4096,64],"logical":[4096,1],"loop_factor":1}],"reduction_cores":1,"loop_trip":4,"tiles_output_dim":true,"tile_rows_per_core":128,"is_matmul":false,"matmul_macs":0,"matmul_rows_per_core":0.0,"matmul_cols_per_core":0.0,"matmul_a_bytes":0,"matmul_b_bytes":0,"hbm_pattern":""}]
SUMMARY op=softmax_row_tiling rows=16384 cols=2048 cores=32 tiles=4 lx=1 io_hbm_bytes=201326592 kernel_us=1544.352 pred_us=1347.358 err_pct=-12.8 bw_gbps=130.4 memset_us=1205.952 other_dev_us=5250.026 total_dev_us=8000.330
-- softmax [16384,2048] tiles=8 (ROWS/tile=2048)
  op_it_space_splits={d0: 32, d1: 1}
  op_it_space_splits={d0: 32, d1: 1}
  op_it_space_splits={d0: 32, d1: 1}
  op_it_space_splits={d0: 32, d1: 1}
  op_it_space_splits={d0: 32, d1: 1}
  op_it_space_splits={d0: 32, d1: 1}
  op_it_space_splits={d0: 32, d1: 1}
  op_it_space_splits={d0: 32, d1: 1}
  op_it_space_splits={d0: 32, d1: 1}
  op_it_space_splits={d0: 32, d1: 1}
  op_it_space_splits={d0: 32, d1: 1}
  op_it_space_splits={d0: 32, d1: 1}
  op_it_space_splits={d0: 32, d1: 1}
  op_it_space_splits={d0: 32, d1: 1}
  op_it_space_splits={d0: 32, d1: 1}
  op_it_space_splits={d0: 32, d1: 1}
  op_it_space_splits={d0: 32, d1: 1}
  op_it_space_splits={d0: 32, d1: 1}
  op_it_space_splits={d0: 32, d1: 1}
  op_it_space_splits={d0: 32, d1: 1}
  op_it_space_splits={d0: 32, d1: 1}
  op_it_space_splits={d0: 32, d1: 1}
  op_it_space_splits={d0: 32, d1: 1}
  op_it_space_splits={d0: 32, d1: 1}
  op_it_space_splits={d0: 32, d1: 1}
  op_it_space_splits={d0: 32, d1: 1}
  op_it_space_splits={d0: 32, d1: 1}
  op_it_space_splits={d0: 32, d1: 1}
  op_it_space_splits={d0: 32, d1: 1}
  op_it_space_splits={d0: 32, d1: 1}
IO -- device-layout I/O (cost model, stick-padded) --
IO   op amax [reduction]
IO     output op0                    torch [2048, 1] -> device [1, 2048, 64] in LX = 131072 elems x 2B = 262144 B  (hbm counted: 0 B)
IO     input  arg0_1                 torch [16384, 2048] -> device [32, 16384, 64] in HBM = 33554432 elems x 2B = 67108864 B  (hbm counted: 67108864 B)
IO   op sub
IO     output op1                    torch [2048, 2048] -> device [32, 2048, 64] in LX = 4194304 elems x 2B = 8388608 B  (hbm counted: 0 B)
IO     input  arg0_1                 torch [16384, 2048] -> device [32, 16384, 64] in HBM = 33554432 elems x 2B = 67108864 B  (hbm counted: 67108864 B)
IO     input  buf0                   torch [2048, 1] -> device [1, 2048, 64] in LX = 131072 elems x 2B = 262144 B  (hbm counted: 0 B) broadcast (loaded once)
IO   op exp
IO     output op2                    torch [2048, 2048] -> device [32, 2048, 64] in LX = 4194304 elems x 2B = 8388608 B  (hbm counted: 0 B)
IO     input  buf1                   torch [2048, 2048] -> device [32, 2048, 64] in LX = 4194304 elems x 2B = 8388608 B  (hbm counted: 0 B)
IO   op sum_1 [reduction]
IO     output op3                    torch [2048, 1] -> device [1, 2048, 64] in LX = 131072 elems x 2B = 262144 B  (hbm counted: 0 B)
IO     input  buf2                   torch [2048, 2048] -> device [32, 2048, 64] in LX = 4194304 elems x 2B = 8388608 B  (hbm counted: 0 B)
IO   op div
IO     output op4                    torch [16384, 2048] -> device [16384, 2048] in HBM = 33554432 elems x 2B = 67108864 B  (hbm counted: 67108864 B)
IO     input  buf2                   torch [2048, 2048] -> device [32, 2048, 64] in LX = 4194304 elems x 2B = 8388608 B  (hbm counted: 0 B)
IO     input  buf3                   torch [2048, 1] -> device [1, 2048, 64] in LX = 131072 elems x 2B = 262144 B  (hbm counted: 0 B) broadcast (loaded once)
IO   => HBM I/O total = 201326592 B  (lx 42991616 B, ~free)
MODEL -- estimate (turnaround): T = [(R+W)/BW_PEAK + a*min(R,W)] / eff_underfill --
MODEL   R=67108864 B (read)   W=67108864 B (write)   loop_trip L=8
MODEL   base = (R+W)/150 = 894.78 us
MODEL   turn = a*min(R,W) = 0.00574*67108864 = 385.20 us
MODEL   eff_underfill = min(0.95,(64.0/13)**0.68) = 0.950 -> (base+turn)/eff = 1347.36 us
MODEL   => T_model = 1347.36 us
MODEL FEATS [{"name":"amax","is_reduction":true,"out_elems":131072,"cores":32,"dtype_bytes":2,"args":[{"name":"op0","role":"output","mem":"lx","elems":131072,"broadcast":false,"dims":[1,2048,64],"logical":[2048,1],"loop_factor":1},{"name":"arg0_1","role":"input","mem":"hbm","elems":33554432,"broadcast":false,"dims":[32,16384,64],"logical":[16384,2048],"loop_factor":1}],"reduction_cores":1,"loop_trip":8,"tiles_output_dim":true,"tile_rows_per_core":64.0,"is_matmul":false,"matmul_macs":0,"matmul_rows_per_core":0.0,"matmul_cols_per_core":0.0,"matmul_a_bytes":0,"matmul_b_bytes":0,"hbm_pattern":""},{"name":"sub","is_reduction":false,"out_elems":4194304,"cores":32,"dtype_bytes":2,"args":[{"name":"op1","role":"output","mem":"lx","elems":4194304,"broadcast":false,"dims":[32,2048,64],"logical":[2048,2048],"loop_factor":1},{"name":"arg0_1","role":"input","mem":"hbm","elems":33554432,"broadcast":false,"dims":[32,16384,64],"logical":[16384,2048],"loop_factor":1},{"name":"buf0","role":"input","mem":"lx","elems":131072,"broadcast":true,"dims":[1,2048,64],"logical":[2048,1],"loop_factor":1}],"reduction_cores":1,"loop_trip":8,"tiles_output_dim":true,"tile_rows_per_core":64.0,"is_matmul":false,"matmul_macs":0,"matmul_rows_per_core":0.0,"matmul_cols_per_core":0.0,"matmul_a_bytes":0,"matmul_b_bytes":0,"hbm_pattern":""},{"name":"exp","is_reduction":false,"out_elems":4194304,"cores":32,"dtype_bytes":2,"args":[{"name":"op2","role":"output","mem":"lx","elems":4194304,"broadcast":false,"dims":[32,2048,64],"logical":[2048,2048],"loop_factor":1},{"name":"buf1","role":"input","mem":"lx","elems":4194304,"broadcast":false,"dims":[32,2048,64],"logical":[2048,2048],"loop_factor":1}],"reduction_cores":1,"loop_trip":8,"tiles_output_dim":true,"tile_rows_per_core":64.0,"is_matmul":false,"matmul_macs":0,"matmul_rows_per_core":0.0,"matmul_cols_per_core":0.0,"matmul_a_bytes":0,"matmul_b_bytes":0,"hbm_pattern":""},{"name":"sum_1","is_reduction":true,"out_elems":131072,"cores":32,"dtype_bytes":2,"args":[{"name":"op3","role":"output","mem":"lx","elems":131072,"broadcast":false,"dims":[1,2048,64],"logical":[2048,1],"loop_factor":1},{"name":"buf2","role":"input","mem":"lx","elems":4194304,"broadcast":false,"dims":[32,2048,64],"logical":[2048,2048],"loop_factor":1}],"reduction_cores":1,"loop_trip":8,"tiles_output_dim":true,"tile_rows_per_core":64.0,"is_matmul":false,"matmul_macs":0,"matmul_rows_per_core":0.0,"matmul_cols_per_core":0.0,"matmul_a_bytes":0,"matmul_b_bytes":0,"hbm_pattern":""},{"name":"div","is_reduction":false,"out_elems":33554432,"cores":32,"dtype_bytes":2,"args":[{"name":"op4","role":"output","mem":"hbm","elems":33554432,"broadcast":false,"dims":[16384,2048],"logical":[16384,2048],"loop_factor":1},{"name":"buf2","role":"input","mem":"lx","elems":4194304,"broadcast":false,"dims":[32,2048,64],"logical":[2048,2048],"loop_factor":1},{"name":"buf3","role":"input","mem":"lx","elems":131072,"broadcast":true,"dims":[1,2048,64],"logical":[2048,1],"loop_factor":1}],"reduction_cores":1,"loop_trip":8,"tiles_output_dim":true,"tile_rows_per_core":64,"is_matmul":false,"matmul_macs":0,"matmul_rows_per_core":0.0,"matmul_cols_per_core":0.0,"matmul_a_bytes":0,"matmul_b_bytes":0,"hbm_pattern":""}]
SUMMARY op=softmax_row_tiling rows=16384 cols=2048 cores=32 tiles=8 lx=1 io_hbm_bytes=201326592 kernel_us=1441.354 pred_us=1347.358 err_pct=-6.5 bw_gbps=139.7 memset_us=1132.906 other_dev_us=5836.348 total_dev_us=8410.608
-- softmax [16384,2048] tiles=16 (ROWS/tile=1024)
  op_it_space_splits={d0: 32, d1: 1}
  op_it_space_splits={d0: 32, d1: 1}
  op_it_space_splits={d0: 32, d1: 1}
  op_it_space_splits={d0: 32, d1: 1}
  op_it_space_splits={d0: 32, d1: 1}
  op_it_space_splits={d0: 32, d1: 1}
  op_it_space_splits={d0: 32, d1: 1}
  op_it_space_splits={d0: 32, d1: 1}
  op_it_space_splits={d0: 32, d1: 1}
  op_it_space_splits={d0: 32, d1: 1}
  op_it_space_splits={d0: 32, d1: 1}
  op_it_space_splits={d0: 32, d1: 1}
  op_it_space_splits={d0: 32, d1: 1}
  op_it_space_splits={d0: 32, d1: 1}
  op_it_space_splits={d0: 32, d1: 1}
  op_it_space_splits={d0: 32, d1: 1}
  op_it_space_splits={d0: 32, d1: 1}
  op_it_space_splits={d0: 32, d1: 1}
  op_it_space_splits={d0: 32, d1: 1}
  op_it_space_splits={d0: 32, d1: 1}
  op_it_space_splits={d0: 32, d1: 1}
  op_it_space_splits={d0: 32, d1: 1}
  op_it_space_splits={d0: 32, d1: 1}
  op_it_space_splits={d0: 32, d1: 1}
  op_it_space_splits={d0: 32, d1: 1}
  op_it_space_splits={d0: 32, d1: 1}
  op_it_space_splits={d0: 32, d1: 1}
  op_it_space_splits={d0: 32, d1: 1}
  op_it_space_splits={d0: 32, d1: 1}
  op_it_space_splits={d0: 32, d1: 1}
IO -- device-layout I/O (cost model, stick-padded) --
IO   op amax [reduction]
IO     output op0                    torch [1024, 1] -> device [1, 1024, 64] in LX = 65536 elems x 2B = 131072 B  (hbm counted: 0 B)
IO     input  arg0_1                 torch [16384, 2048] -> device [32, 16384, 64] in HBM = 33554432 elems x 2B = 67108864 B  (hbm counted: 67108864 B)
IO   op sub
IO     output op1                    torch [1024, 2048] -> device [32, 1024, 64] in LX = 2097152 elems x 2B = 4194304 B  (hbm counted: 0 B)
IO     input  arg0_1                 torch [16384, 2048] -> device [32, 16384, 64] in HBM = 33554432 elems x 2B = 67108864 B  (hbm counted: 67108864 B)
IO     input  buf0                   torch [1024, 1] -> device [1, 1024, 64] in LX = 65536 elems x 2B = 131072 B  (hbm counted: 0 B) broadcast (loaded once)
IO   op exp
IO     output op2                    torch [1024, 2048] -> device [32, 1024, 64] in LX = 2097152 elems x 2B = 4194304 B  (hbm counted: 0 B)
IO     input  buf1                   torch [1024, 2048] -> device [32, 1024, 64] in LX = 2097152 elems x 2B = 4194304 B  (hbm counted: 0 B)
IO   op sum_1 [reduction]
IO     output op3                    torch [1024, 1] -> device [1, 1024, 64] in LX = 65536 elems x 2B = 131072 B  (hbm counted: 0 B)
IO     input  buf2                   torch [1024, 2048] -> device [32, 1024, 64] in LX = 2097152 elems x 2B = 4194304 B  (hbm counted: 0 B)
IO   op div
IO     output op4                    torch [16384, 2048] -> device [16384, 2048] in HBM = 33554432 elems x 2B = 67108864 B  (hbm counted: 67108864 B)
IO     input  buf2                   torch [1024, 2048] -> device [32, 1024, 64] in LX = 2097152 elems x 2B = 4194304 B  (hbm counted: 0 B)
IO     input  buf3                   torch [1024, 1] -> device [1, 1024, 64] in LX = 65536 elems x 2B = 131072 B  (hbm counted: 0 B) broadcast (loaded once)
IO   => HBM I/O total = 201326592 B  (lx 21495808 B, ~free)
MODEL -- estimate (turnaround): T = [(R+W)/BW_PEAK + a*min(R,W)] / eff_underfill --
MODEL   R=67108864 B (read)   W=67108864 B (write)   loop_trip L=16
MODEL   base = (R+W)/150 = 894.78 us
MODEL   turn = a*min(R,W) = 0.00574*67108864 = 385.20 us
MODEL   eff_underfill = min(0.95,(32.0/13)**0.68) = 0.950 -> (base+turn)/eff = 1347.36 us
MODEL   => T_model = 1347.36 us
MODEL FEATS [{"name":"amax","is_reduction":true,"out_elems":65536,"cores":32,"dtype_bytes":2,"args":[{"name":"op0","role":"output","mem":"lx","elems":65536,"broadcast":false,"dims":[1,1024,64],"logical":[1024,1],"loop_factor":1},{"name":"arg0_1","role":"input","mem":"hbm","elems":33554432,"broadcast":false,"dims":[32,16384,64],"logical":[16384,2048],"loop_factor":1}],"reduction_cores":1,"loop_trip":16,"tiles_output_dim":true,"tile_rows_per_core":32.0,"is_matmul":false,"matmul_macs":0,"matmul_rows_per_core":0.0,"matmul_cols_per_core":0.0,"matmul_a_bytes":0,"matmul_b_bytes":0,"hbm_pattern":""},{"name":"sub","is_reduction":false,"out_elems":2097152,"cores":32,"dtype_bytes":2,"args":[{"name":"op1","role":"output","mem":"lx","elems":2097152,"broadcast":false,"dims":[32,1024,64],"logical":[1024,2048],"loop_factor":1},{"name":"arg0_1","role":"input","mem":"hbm","elems":33554432,"broadcast":false,"dims":[32,16384,64],"logical":[16384,2048],"loop_factor":1},{"name":"buf0","role":"input","mem":"lx","elems":65536,"broadcast":true,"dims":[1,1024,64],"logical":[1024,1],"loop_factor":1}],"reduction_cores":1,"loop_trip":16,"tiles_output_dim":true,"tile_rows_per_core":32.0,"is_matmul":false,"matmul_macs":0,"matmul_rows_per_core":0.0,"matmul_cols_per_core":0.0,"matmul_a_bytes":0,"matmul_b_bytes":0,"hbm_pattern":""},{"name":"exp","is_reduction":false,"out_elems":2097152,"cores":32,"dtype_bytes":2,"args":[{"name":"op2","role":"output","mem":"lx","elems":2097152,"broadcast":false,"dims":[32,1024,64],"logical":[1024,2048],"loop_factor":1},{"name":"buf1","role":"input","mem":"lx","elems":2097152,"broadcast":false,"dims":[32,1024,64],"logical":[1024,2048],"loop_factor":1}],"reduction_cores":1,"loop_trip":16,"tiles_output_dim":true,"tile_rows_per_core":32.0,"is_matmul":false,"matmul_macs":0,"matmul_rows_per_core":0.0,"matmul_cols_per_core":0.0,"matmul_a_bytes":0,"matmul_b_bytes":0,"hbm_pattern":""},{"name":"sum_1","is_reduction":true,"out_elems":65536,"cores":32,"dtype_bytes":2,"args":[{"name":"op3","role":"output","mem":"lx","elems":65536,"broadcast":false,"dims":[1,1024,64],"logical":[1024,1],"loop_factor":1},{"name":"buf2","role":"input","mem":"lx","elems":2097152,"broadcast":false,"dims":[32,1024,64],"logical":[1024,2048],"loop_factor":1}],"reduction_cores":1,"loop_trip":16,"tiles_output_dim":true,"tile_rows_per_core":32.0,"is_matmul":false,"matmul_macs":0,"matmul_rows_per_core":0.0,"matmul_cols_per_core":0.0,"matmul_a_bytes":0,"matmul_b_bytes":0,"hbm_pattern":""},{"name":"div","is_reduction":false,"out_elems":33554432,"cores":32,"dtype_bytes":2,"args":[{"name":"op4","role":"output","mem":"hbm","elems":33554432,"broadcast":false,"dims":[16384,2048],"logical":[16384,2048],"loop_factor":1},{"name":"buf2","role":"input","mem":"lx","elems":2097152,"broadcast":false,"dims":[32,1024,64],"logical":[1024,2048],"loop_factor":1},{"name":"buf3","role":"input","mem":"lx","elems":65536,"broadcast":true,"dims":[1,1024,64],"logical":[1024,1],"loop_factor":1}],"reduction_cores":1,"loop_trip":16,"tiles_output_dim":true,"tile_rows_per_core":32,"is_matmul":false,"matmul_macs":0,"matmul_rows_per_core":0.0,"matmul_cols_per_core":0.0,"matmul_a_bytes":0,"matmul_b_bytes":0,"hbm_pattern":""}]
SUMMARY op=softmax_row_tiling rows=16384 cols=2048 cores=32 tiles=16 lx=1 io_hbm_bytes=201326592 kernel_us=1338.911 pred_us=1347.358 err_pct=+0.6 bw_gbps=150.4 memset_us=1164.998 other_dev_us=6097.071 total_dev_us=8600.980
-- softmax [16384,2048] tiles=32 (ROWS/tile=512)
  op_it_space_splits={d0: 32, d1: 1}
  op_it_space_splits={d0: 32, d1: 1}
  op_it_space_splits={d0: 32, d1: 1}
  op_it_space_splits={d0: 32, d1: 1}
  op_it_space_splits={d0: 32, d1: 1}
  op_it_space_splits={d0: 32, d1: 1}
  op_it_space_splits={d0: 32, d1: 1}
  op_it_space_splits={d0: 32, d1: 1}
  op_it_space_splits={d0: 32, d1: 1}
  op_it_space_splits={d0: 32, d1: 1}
  op_it_space_splits={d0: 32, d1: 1}
  op_it_space_splits={d0: 32, d1: 1}
  op_it_space_splits={d0: 32, d1: 1}
  op_it_space_splits={d0: 32, d1: 1}
  op_it_space_splits={d0: 32, d1: 1}
  op_it_space_splits={d0: 32, d1: 1}
  op_it_space_splits={d0: 32, d1: 1}
  op_it_space_splits={d0: 32, d1: 1}
  op_it_space_splits={d0: 32, d1: 1}
  op_it_space_splits={d0: 32, d1: 1}
  op_it_space_splits={d0: 32, d1: 1}
  op_it_space_splits={d0: 32, d1: 1}
  op_it_space_splits={d0: 32, d1: 1}
  op_it_space_splits={d0: 32, d1: 1}
  op_it_space_splits={d0: 32, d1: 1}
  op_it_space_splits={d0: 32, d1: 1}
  op_it_space_splits={d0: 32, d1: 1}
  op_it_space_splits={d0: 32, d1: 1}
  op_it_space_splits={d0: 32, d1: 1}
  op_it_space_splits={d0: 32, d1: 1}
IO -- device-layout I/O (cost model, stick-padded) --
IO   op amax [reduction]
IO     output op0                    torch [512, 1] -> device [1, 512, 64] in LX = 32768 elems x 2B = 65536 B  (hbm counted: 0 B)
IO     input  arg0_1                 torch [16384, 2048] -> device [32, 16384, 64] in HBM = 33554432 elems x 2B = 67108864 B  (hbm counted: 67108864 B)
IO   op sub
IO     output op1                    torch [512, 2048] -> device [32, 512, 64] in LX = 1048576 elems x 2B = 2097152 B  (hbm counted: 0 B)
IO     input  arg0_1                 torch [16384, 2048] -> device [32, 16384, 64] in HBM = 33554432 elems x 2B = 67108864 B  (hbm counted: 67108864 B)
IO     input  buf0                   torch [512, 1] -> device [1, 512, 64] in LX = 32768 elems x 2B = 65536 B  (hbm counted: 0 B) broadcast (loaded once)
IO   op exp
IO     output op2                    torch [512, 2048] -> device [32, 512, 64] in LX = 1048576 elems x 2B = 2097152 B  (hbm counted: 0 B)
IO     input  buf1                   torch [512, 2048] -> device [32, 512, 64] in LX = 1048576 elems x 2B = 2097152 B  (hbm counted: 0 B)
IO   op sum_1 [reduction]
IO     output op3                    torch [512, 1] -> device [1, 512, 64] in LX = 32768 elems x 2B = 65536 B  (hbm counted: 0 B)
IO     input  buf2                   torch [512, 2048] -> device [32, 512, 64] in LX = 1048576 elems x 2B = 2097152 B  (hbm counted: 0 B)
IO   op div
IO     output op4                    torch [16384, 2048] -> device [16384, 2048] in HBM = 33554432 elems x 2B = 67108864 B  (hbm counted: 67108864 B)
IO     input  buf2                   torch [512, 2048] -> device [32, 512, 64] in LX = 1048576 elems x 2B = 2097152 B  (hbm counted: 0 B)
IO     input  buf3                   torch [512, 1] -> device [1, 512, 64] in LX = 32768 elems x 2B = 65536 B  (hbm counted: 0 B) broadcast (loaded once)
IO   => HBM I/O total = 201326592 B  (lx 10747904 B, ~free)
MODEL -- estimate (turnaround): T = [(R+W)/BW_PEAK + a*min(R,W)] / eff_underfill --
MODEL   R=67108864 B (read)   W=67108864 B (write)   loop_trip L=32
MODEL   base = (R+W)/150 = 894.78 us
MODEL   turn = a*min(R,W) = 0.00574*67108864 = 385.20 us
MODEL   eff_underfill = min(0.95,(16.0/13)**0.68) = 0.950 -> (base+turn)/eff = 1347.36 us
MODEL   => T_model = 1347.36 us
MODEL FEATS [{"name":"amax","is_reduction":true,"out_elems":32768,"cores":32,"dtype_bytes":2,"args":[{"name":"op0","role":"output","mem":"lx","elems":32768,"broadcast":false,"dims":[1,512,64],"logical":[512,1],"loop_factor":1},{"name":"arg0_1","role":"input","mem":"hbm","elems":33554432,"broadcast":false,"dims":[32,16384,64],"logical":[16384,2048],"loop_factor":1}],"reduction_cores":1,"loop_trip":32,"tiles_output_dim":true,"tile_rows_per_core":16.0,"is_matmul":false,"matmul_macs":0,"matmul_rows_per_core":0.0,"matmul_cols_per_core":0.0,"matmul_a_bytes":0,"matmul_b_bytes":0,"hbm_pattern":""},{"name":"sub","is_reduction":false,"out_elems":1048576,"cores":32,"dtype_bytes":2,"args":[{"name":"op1","role":"output","mem":"lx","elems":1048576,"broadcast":false,"dims":[32,512,64],"logical":[512,2048],"loop_factor":1},{"name":"arg0_1","role":"input","mem":"hbm","elems":33554432,"broadcast":false,"dims":[32,16384,64],"logical":[16384,2048],"loop_factor":1},{"name":"buf0","role":"input","mem":"lx","elems":32768,"broadcast":true,"dims":[1,512,64],"logical":[512,1],"loop_factor":1}],"reduction_cores":1,"loop_trip":32,"tiles_output_dim":true,"tile_rows_per_core":16.0,"is_matmul":false,"matmul_macs":0,"matmul_rows_per_core":0.0,"matmul_cols_per_core":0.0,"matmul_a_bytes":0,"matmul_b_bytes":0,"hbm_pattern":""},{"name":"exp","is_reduction":false,"out_elems":1048576,"cores":32,"dtype_bytes":2,"args":[{"name":"op2","role":"output","mem":"lx","elems":1048576,"broadcast":false,"dims":[32,512,64],"logical":[512,2048],"loop_factor":1},{"name":"buf1","role":"input","mem":"lx","elems":1048576,"broadcast":false,"dims":[32,512,64],"logical":[512,2048],"loop_factor":1}],"reduction_cores":1,"loop_trip":32,"tiles_output_dim":true,"tile_rows_per_core":16.0,"is_matmul":false,"matmul_macs":0,"matmul_rows_per_core":0.0,"matmul_cols_per_core":0.0,"matmul_a_bytes":0,"matmul_b_bytes":0,"hbm_pattern":""},{"name":"sum_1","is_reduction":true,"out_elems":32768,"cores":32,"dtype_bytes":2,"args":[{"name":"op3","role":"output","mem":"lx","elems":32768,"broadcast":false,"dims":[1,512,64],"logical":[512,1],"loop_factor":1},{"name":"buf2","role":"input","mem":"lx","elems":1048576,"broadcast":false,"dims":[32,512,64],"logical":[512,2048],"loop_factor":1}],"reduction_cores":1,"loop_trip":32,"tiles_output_dim":true,"tile_rows_per_core":16.0,"is_matmul":false,"matmul_macs":0,"matmul_rows_per_core":0.0,"matmul_cols_per_core":0.0,"matmul_a_bytes":0,"matmul_b_bytes":0,"hbm_pattern":""},{"name":"div","is_reduction":false,"out_elems":33554432,"cores":32,"dtype_bytes":2,"args":[{"name":"op4","role":"output","mem":"hbm","elems":33554432,"broadcast":false,"dims":[16384,2048],"logical":[16384,2048],"loop_factor":1},{"name":"buf2","role":"input","mem":"lx","elems":1048576,"broadcast":false,"dims":[32,512,64],"logical":[512,2048],"loop_factor":1},{"name":"buf3","role":"input","mem":"lx","elems":32768,"broadcast":true,"dims":[1,512,64],"logical":[512,1],"loop_factor":1}],"reduction_cores":1,"loop_trip":32,"tiles_output_dim":true,"tile_rows_per_core":16,"is_matmul":false,"matmul_macs":0,"matmul_rows_per_core":0.0,"matmul_cols_per_core":0.0,"matmul_a_bytes":0,"matmul_b_bytes":0,"hbm_pattern":""}]
SUMMARY op=softmax_row_tiling rows=16384 cols=2048 cores=32 tiles=32 lx=1 io_hbm_bytes=201326592 kernel_us=1384.959 pred_us=1347.358 err_pct=-2.7 bw_gbps=145.4 memset_us=1173.048 other_dev_us=5914.891 total_dev_us=8472.898
## VAR softmax [8192,2048] tiles=8 x5 (variance)
-- softmax [8192,2048] tiles=8 (ROWS/tile=1024)
  op_it_space_splits={d0: 32, d1: 1}
  op_it_space_splits={d0: 32, d1: 1}
  op_it_space_splits={d0: 32, d1: 1}
  op_it_space_splits={d0: 32, d1: 1}
  op_it_space_splits={d0: 32, d1: 1}
  op_it_space_splits={d0: 32, d1: 1}
  op_it_space_splits={d0: 32, d1: 1}
  op_it_space_splits={d0: 32, d1: 1}
  op_it_space_splits={d0: 32, d1: 1}
  op_it_space_splits={d0: 32, d1: 1}
  op_it_space_splits={d0: 32, d1: 1}
  op_it_space_splits={d0: 32, d1: 1}
  op_it_space_splits={d0: 32, d1: 1}
  op_it_space_splits={d0: 32, d1: 1}
  op_it_space_splits={d0: 32, d1: 1}
  op_it_space_splits={d0: 32, d1: 1}
  op_it_space_splits={d0: 32, d1: 1}
  op_it_space_splits={d0: 32, d1: 1}
  op_it_space_splits={d0: 32, d1: 1}
  op_it_space_splits={d0: 32, d1: 1}
  op_it_space_splits={d0: 32, d1: 1}
  op_it_space_splits={d0: 32, d1: 1}
  op_it_space_splits={d0: 32, d1: 1}
  op_it_space_splits={d0: 32, d1: 1}
  op_it_space_splits={d0: 32, d1: 1}
  op_it_space_splits={d0: 32, d1: 1}
  op_it_space_splits={d0: 32, d1: 1}
  op_it_space_splits={d0: 32, d1: 1}
  op_it_space_splits={d0: 32, d1: 1}
  op_it_space_splits={d0: 32, d1: 1}
IO -- device-layout I/O (cost model, stick-padded) --
IO   op amax [reduction]
IO     output op0                    torch [1024, 1] -> device [1, 1024, 64] in LX = 65536 elems x 2B = 131072 B  (hbm counted: 0 B)
IO     input  arg0_1                 torch [8192, 2048] -> device [32, 8192, 64] in HBM = 16777216 elems x 2B = 33554432 B  (hbm counted: 33554432 B)
IO   op sub
IO     output op1                    torch [1024, 2048] -> device [32, 1024, 64] in LX = 2097152 elems x 2B = 4194304 B  (hbm counted: 0 B)
IO     input  arg0_1                 torch [8192, 2048] -> device [32, 8192, 64] in HBM = 16777216 elems x 2B = 33554432 B  (hbm counted: 33554432 B)
IO     input  buf0                   torch [1024, 1] -> device [1, 1024, 64] in LX = 65536 elems x 2B = 131072 B  (hbm counted: 0 B) broadcast (loaded once)
IO   op exp
IO     output op2                    torch [1024, 2048] -> device [32, 1024, 64] in LX = 2097152 elems x 2B = 4194304 B  (hbm counted: 0 B)
IO     input  buf1                   torch [1024, 2048] -> device [32, 1024, 64] in LX = 2097152 elems x 2B = 4194304 B  (hbm counted: 0 B)
IO   op sum_1 [reduction]
IO     output op3                    torch [1024, 1] -> device [1, 1024, 64] in LX = 65536 elems x 2B = 131072 B  (hbm counted: 0 B)
IO     input  buf2                   torch [1024, 2048] -> device [32, 1024, 64] in LX = 2097152 elems x 2B = 4194304 B  (hbm counted: 0 B)
IO   op div
IO     output op4                    torch [8192, 2048] -> device [8192, 2048] in HBM = 16777216 elems x 2B = 33554432 B  (hbm counted: 33554432 B)
IO     input  buf2                   torch [1024, 2048] -> device [32, 1024, 64] in LX = 2097152 elems x 2B = 4194304 B  (hbm counted: 0 B)
IO     input  buf3                   torch [1024, 1] -> device [1, 1024, 64] in LX = 65536 elems x 2B = 131072 B  (hbm counted: 0 B) broadcast (loaded once)
IO   => HBM I/O total = 100663296 B  (lx 21495808 B, ~free)
MODEL -- estimate (turnaround): T = [(R+W)/BW_PEAK + a*min(R,W)] / eff_underfill --
MODEL   R=33554432 B (read)   W=33554432 B (write)   loop_trip L=8
MODEL   base = (R+W)/150 = 447.39 us
MODEL   turn = a*min(R,W) = 0.00574*33554432 = 192.60 us
MODEL   eff_underfill = min(0.95,(32.0/13)**0.68) = 0.950 -> (base+turn)/eff = 673.68 us
MODEL   => T_model = 673.68 us
MODEL FEATS [{"name":"amax","is_reduction":true,"out_elems":65536,"cores":32,"dtype_bytes":2,"args":[{"name":"op0","role":"output","mem":"lx","elems":65536,"broadcast":false,"dims":[1,1024,64],"logical":[1024,1],"loop_factor":1},{"name":"arg0_1","role":"input","mem":"hbm","elems":16777216,"broadcast":false,"dims":[32,8192,64],"logical":[8192,2048],"loop_factor":1}],"reduction_cores":1,"loop_trip":8,"tiles_output_dim":true,"tile_rows_per_core":32.0,"is_matmul":false,"matmul_macs":0,"matmul_rows_per_core":0.0,"matmul_cols_per_core":0.0,"matmul_a_bytes":0,"matmul_b_bytes":0,"hbm_pattern":""},{"name":"sub","is_reduction":false,"out_elems":2097152,"cores":32,"dtype_bytes":2,"args":[{"name":"op1","role":"output","mem":"lx","elems":2097152,"broadcast":false,"dims":[32,1024,64],"logical":[1024,2048],"loop_factor":1},{"name":"arg0_1","role":"input","mem":"hbm","elems":16777216,"broadcast":false,"dims":[32,8192,64],"logical":[8192,2048],"loop_factor":1},{"name":"buf0","role":"input","mem":"lx","elems":65536,"broadcast":true,"dims":[1,1024,64],"logical":[1024,1],"loop_factor":1}],"reduction_cores":1,"loop_trip":8,"tiles_output_dim":true,"tile_rows_per_core":32.0,"is_matmul":false,"matmul_macs":0,"matmul_rows_per_core":0.0,"matmul_cols_per_core":0.0,"matmul_a_bytes":0,"matmul_b_bytes":0,"hbm_pattern":""},{"name":"exp","is_reduction":false,"out_elems":2097152,"cores":32,"dtype_bytes":2,"args":[{"name":"op2","role":"output","mem":"lx","elems":2097152,"broadcast":false,"dims":[32,1024,64],"logical":[1024,2048],"loop_factor":1},{"name":"buf1","role":"input","mem":"lx","elems":2097152,"broadcast":false,"dims":[32,1024,64],"logical":[1024,2048],"loop_factor":1}],"reduction_cores":1,"loop_trip":8,"tiles_output_dim":true,"tile_rows_per_core":32.0,"is_matmul":false,"matmul_macs":0,"matmul_rows_per_core":0.0,"matmul_cols_per_core":0.0,"matmul_a_bytes":0,"matmul_b_bytes":0,"hbm_pattern":""},{"name":"sum_1","is_reduction":true,"out_elems":65536,"cores":32,"dtype_bytes":2,"args":[{"name":"op3","role":"output","mem":"lx","elems":65536,"broadcast":false,"dims":[1,1024,64],"logical":[1024,1],"loop_factor":1},{"name":"buf2","role":"input","mem":"lx","elems":2097152,"broadcast":false,"dims":[32,1024,64],"logical":[1024,2048],"loop_factor":1}],"reduction_cores":1,"loop_trip":8,"tiles_output_dim":true,"tile_rows_per_core":32.0,"is_matmul":false,"matmul_macs":0,"matmul_rows_per_core":0.0,"matmul_cols_per_core":0.0,"matmul_a_bytes":0,"matmul_b_bytes":0,"hbm_pattern":""},{"name":"div","is_reduction":false,"out_elems":16777216,"cores":32,"dtype_bytes":2,"args":[{"name":"op4","role":"output","mem":"hbm","elems":16777216,"broadcast":false,"dims":[8192,2048],"logical":[8192,2048],"loop_factor":1},{"name":"buf2","role":"input","mem":"lx","elems":2097152,"broadcast":false,"dims":[32,1024,64],"logical":[1024,2048],"loop_factor":1},{"name":"buf3","role":"input","mem":"lx","elems":65536,"broadcast":true,"dims":[1,1024,64],"logical":[1024,1],"loop_factor":1}],"reduction_cores":1,"loop_trip":8,"tiles_output_dim":true,"tile_rows_per_core":32,"is_matmul":false,"matmul_macs":0,"matmul_rows_per_core":0.0,"matmul_cols_per_core":0.0,"matmul_a_bytes":0,"matmul_b_bytes":0,"hbm_pattern":""}]
SUMMARY op=softmax_row_tiling rows=8192 cols=2048 cores=32 tiles=8 lx=1 io_hbm_bytes=100663296 kernel_us=667.426 pred_us=673.679 err_pct=+0.9 bw_gbps=150.8 memset_us=516.053 other_dev_us=2165.488 total_dev_us=3348.967
-- softmax [8192,2048] tiles=8 (ROWS/tile=1024)
  op_it_space_splits={d0: 32, d1: 1}
  op_it_space_splits={d0: 32, d1: 1}
  op_it_space_splits={d0: 32, d1: 1}
  op_it_space_splits={d0: 32, d1: 1}
  op_it_space_splits={d0: 32, d1: 1}
  op_it_space_splits={d0: 32, d1: 1}
  op_it_space_splits={d0: 32, d1: 1}
  op_it_space_splits={d0: 32, d1: 1}
  op_it_space_splits={d0: 32, d1: 1}
  op_it_space_splits={d0: 32, d1: 1}
  op_it_space_splits={d0: 32, d1: 1}
  op_it_space_splits={d0: 32, d1: 1}
  op_it_space_splits={d0: 32, d1: 1}
  op_it_space_splits={d0: 32, d1: 1}
  op_it_space_splits={d0: 32, d1: 1}
  op_it_space_splits={d0: 32, d1: 1}
  op_it_space_splits={d0: 32, d1: 1}
  op_it_space_splits={d0: 32, d1: 1}
  op_it_space_splits={d0: 32, d1: 1}
  op_it_space_splits={d0: 32, d1: 1}
  op_it_space_splits={d0: 32, d1: 1}
  op_it_space_splits={d0: 32, d1: 1}
  op_it_space_splits={d0: 32, d1: 1}
  op_it_space_splits={d0: 32, d1: 1}
  op_it_space_splits={d0: 32, d1: 1}
  op_it_space_splits={d0: 32, d1: 1}
  op_it_space_splits={d0: 32, d1: 1}
  op_it_space_splits={d0: 32, d1: 1}
  op_it_space_splits={d0: 32, d1: 1}
  op_it_space_splits={d0: 32, d1: 1}
IO -- device-layout I/O (cost model, stick-padded) --
IO   op amax [reduction]
IO     output op0                    torch [1024, 1] -> device [1, 1024, 64] in LX = 65536 elems x 2B = 131072 B  (hbm counted: 0 B)
IO     input  arg0_1                 torch [8192, 2048] -> device [32, 8192, 64] in HBM = 16777216 elems x 2B = 33554432 B  (hbm counted: 33554432 B)
IO   op sub
IO     output op1                    torch [1024, 2048] -> device [32, 1024, 64] in LX = 2097152 elems x 2B = 4194304 B  (hbm counted: 0 B)
IO     input  arg0_1                 torch [8192, 2048] -> device [32, 8192, 64] in HBM = 16777216 elems x 2B = 33554432 B  (hbm counted: 33554432 B)
IO     input  buf0                   torch [1024, 1] -> device [1, 1024, 64] in LX = 65536 elems x 2B = 131072 B  (hbm counted: 0 B) broadcast (loaded once)
IO   op exp
IO     output op2                    torch [1024, 2048] -> device [32, 1024, 64] in LX = 2097152 elems x 2B = 4194304 B  (hbm counted: 0 B)
IO     input  buf1                   torch [1024, 2048] -> device [32, 1024, 64] in LX = 2097152 elems x 2B = 4194304 B  (hbm counted: 0 B)
IO   op sum_1 [reduction]
IO     output op3                    torch [1024, 1] -> device [1, 1024, 64] in LX = 65536 elems x 2B = 131072 B  (hbm counted: 0 B)
IO     input  buf2                   torch [1024, 2048] -> device [32, 1024, 64] in LX = 2097152 elems x 2B = 4194304 B  (hbm counted: 0 B)
IO   op div
IO     output op4                    torch [8192, 2048] -> device [8192, 2048] in HBM = 16777216 elems x 2B = 33554432 B  (hbm counted: 33554432 B)
IO     input  buf2                   torch [1024, 2048] -> device [32, 1024, 64] in LX = 2097152 elems x 2B = 4194304 B  (hbm counted: 0 B)
IO     input  buf3                   torch [1024, 1] -> device [1, 1024, 64] in LX = 65536 elems x 2B = 131072 B  (hbm counted: 0 B) broadcast (loaded once)
IO   => HBM I/O total = 100663296 B  (lx 21495808 B, ~free)
MODEL -- estimate (turnaround): T = [(R+W)/BW_PEAK + a*min(R,W)] / eff_underfill --
MODEL   R=33554432 B (read)   W=33554432 B (write)   loop_trip L=8
MODEL   base = (R+W)/150 = 447.39 us
MODEL   turn = a*min(R,W) = 0.00574*33554432 = 192.60 us
MODEL   eff_underfill = min(0.95,(32.0/13)**0.68) = 0.950 -> (base+turn)/eff = 673.68 us
MODEL   => T_model = 673.68 us
MODEL FEATS [{"name":"amax","is_reduction":true,"out_elems":65536,"cores":32,"dtype_bytes":2,"args":[{"name":"op0","role":"output","mem":"lx","elems":65536,"broadcast":false,"dims":[1,1024,64],"logical":[1024,1],"loop_factor":1},{"name":"arg0_1","role":"input","mem":"hbm","elems":16777216,"broadcast":false,"dims":[32,8192,64],"logical":[8192,2048],"loop_factor":1}],"reduction_cores":1,"loop_trip":8,"tiles_output_dim":true,"tile_rows_per_core":32.0,"is_matmul":false,"matmul_macs":0,"matmul_rows_per_core":0.0,"matmul_cols_per_core":0.0,"matmul_a_bytes":0,"matmul_b_bytes":0,"hbm_pattern":""},{"name":"sub","is_reduction":false,"out_elems":2097152,"cores":32,"dtype_bytes":2,"args":[{"name":"op1","role":"output","mem":"lx","elems":2097152,"broadcast":false,"dims":[32,1024,64],"logical":[1024,2048],"loop_factor":1},{"name":"arg0_1","role":"input","mem":"hbm","elems":16777216,"broadcast":false,"dims":[32,8192,64],"logical":[8192,2048],"loop_factor":1},{"name":"buf0","role":"input","mem":"lx","elems":65536,"broadcast":true,"dims":[1,1024,64],"logical":[1024,1],"loop_factor":1}],"reduction_cores":1,"loop_trip":8,"tiles_output_dim":true,"tile_rows_per_core":32.0,"is_matmul":false,"matmul_macs":0,"matmul_rows_per_core":0.0,"matmul_cols_per_core":0.0,"matmul_a_bytes":0,"matmul_b_bytes":0,"hbm_pattern":""},{"name":"exp","is_reduction":false,"out_elems":2097152,"cores":32,"dtype_bytes":2,"args":[{"name":"op2","role":"output","mem":"lx","elems":2097152,"broadcast":false,"dims":[32,1024,64],"logical":[1024,2048],"loop_factor":1},{"name":"buf1","role":"input","mem":"lx","elems":2097152,"broadcast":false,"dims":[32,1024,64],"logical":[1024,2048],"loop_factor":1}],"reduction_cores":1,"loop_trip":8,"tiles_output_dim":true,"tile_rows_per_core":32.0,"is_matmul":false,"matmul_macs":0,"matmul_rows_per_core":0.0,"matmul_cols_per_core":0.0,"matmul_a_bytes":0,"matmul_b_bytes":0,"hbm_pattern":""},{"name":"sum_1","is_reduction":true,"out_elems":65536,"cores":32,"dtype_bytes":2,"args":[{"name":"op3","role":"output","mem":"lx","elems":65536,"broadcast":false,"dims":[1,1024,64],"logical":[1024,1],"loop_factor":1},{"name":"buf2","role":"input","mem":"lx","elems":2097152,"broadcast":false,"dims":[32,1024,64],"logical":[1024,2048],"loop_factor":1}],"reduction_cores":1,"loop_trip":8,"tiles_output_dim":true,"tile_rows_per_core":32.0,"is_matmul":false,"matmul_macs":0,"matmul_rows_per_core":0.0,"matmul_cols_per_core":0.0,"matmul_a_bytes":0,"matmul_b_bytes":0,"hbm_pattern":""},{"name":"div","is_reduction":false,"out_elems":16777216,"cores":32,"dtype_bytes":2,"args":[{"name":"op4","role":"output","mem":"hbm","elems":16777216,"broadcast":false,"dims":[8192,2048],"logical":[8192,2048],"loop_factor":1},{"name":"buf2","role":"input","mem":"lx","elems":2097152,"broadcast":false,"dims":[32,1024,64],"logical":[1024,2048],"loop_factor":1},{"name":"buf3","role":"input","mem":"lx","elems":65536,"broadcast":true,"dims":[1,1024,64],"logical":[1024,1],"loop_factor":1}],"reduction_cores":1,"loop_trip":8,"tiles_output_dim":true,"tile_rows_per_core":32,"is_matmul":false,"matmul_macs":0,"matmul_rows_per_core":0.0,"matmul_cols_per_core":0.0,"matmul_a_bytes":0,"matmul_b_bytes":0,"hbm_pattern":""}]
SUMMARY op=softmax_row_tiling rows=8192 cols=2048 cores=32 tiles=8 lx=1 io_hbm_bytes=100663296 kernel_us=665.551 pred_us=673.679 err_pct=+1.2 bw_gbps=151.2 memset_us=504.208 other_dev_us=2205.407 total_dev_us=3375.166
-- softmax [8192,2048] tiles=8 (ROWS/tile=1024)
  op_it_space_splits={d0: 32, d1: 1}
  op_it_space_splits={d0: 32, d1: 1}
  op_it_space_splits={d0: 32, d1: 1}
  op_it_space_splits={d0: 32, d1: 1}
  op_it_space_splits={d0: 32, d1: 1}
  op_it_space_splits={d0: 32, d1: 1}
  op_it_space_splits={d0: 32, d1: 1}
  op_it_space_splits={d0: 32, d1: 1}
  op_it_space_splits={d0: 32, d1: 1}
  op_it_space_splits={d0: 32, d1: 1}
  op_it_space_splits={d0: 32, d1: 1}
  op_it_space_splits={d0: 32, d1: 1}
  op_it_space_splits={d0: 32, d1: 1}
  op_it_space_splits={d0: 32, d1: 1}
  op_it_space_splits={d0: 32, d1: 1}
  op_it_space_splits={d0: 32, d1: 1}
  op_it_space_splits={d0: 32, d1: 1}
  op_it_space_splits={d0: 32, d1: 1}
  op_it_space_splits={d0: 32, d1: 1}
  op_it_space_splits={d0: 32, d1: 1}
  op_it_space_splits={d0: 32, d1: 1}
  op_it_space_splits={d0: 32, d1: 1}
  op_it_space_splits={d0: 32, d1: 1}
  op_it_space_splits={d0: 32, d1: 1}
  op_it_space_splits={d0: 32, d1: 1}
  op_it_space_splits={d0: 32, d1: 1}
  op_it_space_splits={d0: 32, d1: 1}
  op_it_space_splits={d0: 32, d1: 1}
  op_it_space_splits={d0: 32, d1: 1}
  op_it_space_splits={d0: 32, d1: 1}
IO -- device-layout I/O (cost model, stick-padded) --
IO   op amax [reduction]
IO     output op0                    torch [1024, 1] -> device [1, 1024, 64] in LX = 65536 elems x 2B = 131072 B  (hbm counted: 0 B)
IO     input  arg0_1                 torch [8192, 2048] -> device [32, 8192, 64] in HBM = 16777216 elems x 2B = 33554432 B  (hbm counted: 33554432 B)
IO   op sub
IO     output op1                    torch [1024, 2048] -> device [32, 1024, 64] in LX = 2097152 elems x 2B = 4194304 B  (hbm counted: 0 B)
IO     input  arg0_1                 torch [8192, 2048] -> device [32, 8192, 64] in HBM = 16777216 elems x 2B = 33554432 B  (hbm counted: 33554432 B)
IO     input  buf0                   torch [1024, 1] -> device [1, 1024, 64] in LX = 65536 elems x 2B = 131072 B  (hbm counted: 0 B) broadcast (loaded once)
IO   op exp
IO     output op2                    torch [1024, 2048] -> device [32, 1024, 64] in LX = 2097152 elems x 2B = 4194304 B  (hbm counted: 0 B)
IO     input  buf1                   torch [1024, 2048] -> device [32, 1024, 64] in LX = 2097152 elems x 2B = 4194304 B  (hbm counted: 0 B)
IO   op sum_1 [reduction]
IO     output op3                    torch [1024, 1] -> device [1, 1024, 64] in LX = 65536 elems x 2B = 131072 B  (hbm counted: 0 B)
IO     input  buf2                   torch [1024, 2048] -> device [32, 1024, 64] in LX = 2097152 elems x 2B = 4194304 B  (hbm counted: 0 B)
IO   op div
IO     output op4                    torch [8192, 2048] -> device [8192, 2048] in HBM = 16777216 elems x 2B = 33554432 B  (hbm counted: 33554432 B)
IO     input  buf2                   torch [1024, 2048] -> device [32, 1024, 64] in LX = 2097152 elems x 2B = 4194304 B  (hbm counted: 0 B)
IO     input  buf3                   torch [1024, 1] -> device [1, 1024, 64] in LX = 65536 elems x 2B = 131072 B  (hbm counted: 0 B) broadcast (loaded once)
IO   => HBM I/O total = 100663296 B  (lx 21495808 B, ~free)
MODEL -- estimate (turnaround): T = [(R+W)/BW_PEAK + a*min(R,W)] / eff_underfill --
MODEL   R=33554432 B (read)   W=33554432 B (write)   loop_trip L=8
MODEL   base = (R+W)/150 = 447.39 us
MODEL   turn = a*min(R,W) = 0.00574*33554432 = 192.60 us
MODEL   eff_underfill = min(0.95,(32.0/13)**0.68) = 0.950 -> (base+turn)/eff = 673.68 us
MODEL   => T_model = 673.68 us
MODEL FEATS [{"name":"amax","is_reduction":true,"out_elems":65536,"cores":32,"dtype_bytes":2,"args":[{"name":"op0","role":"output","mem":"lx","elems":65536,"broadcast":false,"dims":[1,1024,64],"logical":[1024,1],"loop_factor":1},{"name":"arg0_1","role":"input","mem":"hbm","elems":16777216,"broadcast":false,"dims":[32,8192,64],"logical":[8192,2048],"loop_factor":1}],"reduction_cores":1,"loop_trip":8,"tiles_output_dim":true,"tile_rows_per_core":32.0,"is_matmul":false,"matmul_macs":0,"matmul_rows_per_core":0.0,"matmul_cols_per_core":0.0,"matmul_a_bytes":0,"matmul_b_bytes":0,"hbm_pattern":""},{"name":"sub","is_reduction":false,"out_elems":2097152,"cores":32,"dtype_bytes":2,"args":[{"name":"op1","role":"output","mem":"lx","elems":2097152,"broadcast":false,"dims":[32,1024,64],"logical":[1024,2048],"loop_factor":1},{"name":"arg0_1","role":"input","mem":"hbm","elems":16777216,"broadcast":false,"dims":[32,8192,64],"logical":[8192,2048],"loop_factor":1},{"name":"buf0","role":"input","mem":"lx","elems":65536,"broadcast":true,"dims":[1,1024,64],"logical":[1024,1],"loop_factor":1}],"reduction_cores":1,"loop_trip":8,"tiles_output_dim":true,"tile_rows_per_core":32.0,"is_matmul":false,"matmul_macs":0,"matmul_rows_per_core":0.0,"matmul_cols_per_core":0.0,"matmul_a_bytes":0,"matmul_b_bytes":0,"hbm_pattern":""},{"name":"exp","is_reduction":false,"out_elems":2097152,"cores":32,"dtype_bytes":2,"args":[{"name":"op2","role":"output","mem":"lx","elems":2097152,"broadcast":false,"dims":[32,1024,64],"logical":[1024,2048],"loop_factor":1},{"name":"buf1","role":"input","mem":"lx","elems":2097152,"broadcast":false,"dims":[32,1024,64],"logical":[1024,2048],"loop_factor":1}],"reduction_cores":1,"loop_trip":8,"tiles_output_dim":true,"tile_rows_per_core":32.0,"is_matmul":false,"matmul_macs":0,"matmul_rows_per_core":0.0,"matmul_cols_per_core":0.0,"matmul_a_bytes":0,"matmul_b_bytes":0,"hbm_pattern":""},{"name":"sum_1","is_reduction":true,"out_elems":65536,"cores":32,"dtype_bytes":2,"args":[{"name":"op3","role":"output","mem":"lx","elems":65536,"broadcast":false,"dims":[1,1024,64],"logical":[1024,1],"loop_factor":1},{"name":"buf2","role":"input","mem":"lx","elems":2097152,"broadcast":false,"dims":[32,1024,64],"logical":[1024,2048],"loop_factor":1}],"reduction_cores":1,"loop_trip":8,"tiles_output_dim":true,"tile_rows_per_core":32.0,"is_matmul":false,"matmul_macs":0,"matmul_rows_per_core":0.0,"matmul_cols_per_core":0.0,"matmul_a_bytes":0,"matmul_b_bytes":0,"hbm_pattern":""},{"name":"div","is_reduction":false,"out_elems":16777216,"cores":32,"dtype_bytes":2,"args":[{"name":"op4","role":"output","mem":"hbm","elems":16777216,"broadcast":false,"dims":[8192,2048],"logical":[8192,2048],"loop_factor":1},{"name":"buf2","role":"input","mem":"lx","elems":2097152,"broadcast":false,"dims":[32,1024,64],"logical":[1024,2048],"loop_factor":1},{"name":"buf3","role":"input","mem":"lx","elems":65536,"broadcast":true,"dims":[1,1024,64],"logical":[1024,1],"loop_factor":1}],"reduction_cores":1,"loop_trip":8,"tiles_output_dim":true,"tile_rows_per_core":32,"is_matmul":false,"matmul_macs":0,"matmul_rows_per_core":0.0,"matmul_cols_per_core":0.0,"matmul_a_bytes":0,"matmul_b_bytes":0,"hbm_pattern":""}]
SUMMARY op=softmax_row_tiling rows=8192 cols=2048 cores=32 tiles=8 lx=1 io_hbm_bytes=100663296 kernel_us=666.428 pred_us=673.679 err_pct=+1.1 bw_gbps=151.0 memset_us=481.473 other_dev_us=2374.363 total_dev_us=3522.264
-- softmax [8192,2048] tiles=8 (ROWS/tile=1024)
  op_it_space_splits={d0: 32, d1: 1}
  op_it_space_splits={d0: 32, d1: 1}
  op_it_space_splits={d0: 32, d1: 1}
  op_it_space_splits={d0: 32, d1: 1}
  op_it_space_splits={d0: 32, d1: 1}
  op_it_space_splits={d0: 32, d1: 1}
  op_it_space_splits={d0: 32, d1: 1}
  op_it_space_splits={d0: 32, d1: 1}
  op_it_space_splits={d0: 32, d1: 1}
  op_it_space_splits={d0: 32, d1: 1}
  op_it_space_splits={d0: 32, d1: 1}
  op_it_space_splits={d0: 32, d1: 1}
  op_it_space_splits={d0: 32, d1: 1}
  op_it_space_splits={d0: 32, d1: 1}
  op_it_space_splits={d0: 32, d1: 1}
  op_it_space_splits={d0: 32, d1: 1}
  op_it_space_splits={d0: 32, d1: 1}
  op_it_space_splits={d0: 32, d1: 1}
  op_it_space_splits={d0: 32, d1: 1}
  op_it_space_splits={d0: 32, d1: 1}
  op_it_space_splits={d0: 32, d1: 1}
  op_it_space_splits={d0: 32, d1: 1}
  op_it_space_splits={d0: 32, d1: 1}
  op_it_space_splits={d0: 32, d1: 1}
  op_it_space_splits={d0: 32, d1: 1}
  op_it_space_splits={d0: 32, d1: 1}
  op_it_space_splits={d0: 32, d1: 1}
  op_it_space_splits={d0: 32, d1: 1}
  op_it_space_splits={d0: 32, d1: 1}
  op_it_space_splits={d0: 32, d1: 1}
IO -- device-layout I/O (cost model, stick-padded) --
IO   op amax [reduction]
IO     output op0                    torch [1024, 1] -> device [1, 1024, 64] in LX = 65536 elems x 2B = 131072 B  (hbm counted: 0 B)
IO     input  arg0_1                 torch [8192, 2048] -> device [32, 8192, 64] in HBM = 16777216 elems x 2B = 33554432 B  (hbm counted: 33554432 B)
IO   op sub
IO     output op1                    torch [1024, 2048] -> device [32, 1024, 64] in LX = 2097152 elems x 2B = 4194304 B  (hbm counted: 0 B)
IO     input  arg0_1                 torch [8192, 2048] -> device [32, 8192, 64] in HBM = 16777216 elems x 2B = 33554432 B  (hbm counted: 33554432 B)
IO     input  buf0                   torch [1024, 1] -> device [1, 1024, 64] in LX = 65536 elems x 2B = 131072 B  (hbm counted: 0 B) broadcast (loaded once)
IO   op exp
IO     output op2                    torch [1024, 2048] -> device [32, 1024, 64] in LX = 2097152 elems x 2B = 4194304 B  (hbm counted: 0 B)
IO     input  buf1                   torch [1024, 2048] -> device [32, 1024, 64] in LX = 2097152 elems x 2B = 4194304 B  (hbm counted: 0 B)
IO   op sum_1 [reduction]
IO     output op3                    torch [1024, 1] -> device [1, 1024, 64] in LX = 65536 elems x 2B = 131072 B  (hbm counted: 0 B)
IO     input  buf2                   torch [1024, 2048] -> device [32, 1024, 64] in LX = 2097152 elems x 2B = 4194304 B  (hbm counted: 0 B)
IO   op div
IO     output op4                    torch [8192, 2048] -> device [8192, 2048] in HBM = 16777216 elems x 2B = 33554432 B  (hbm counted: 33554432 B)
IO     input  buf2                   torch [1024, 2048] -> device [32, 1024, 64] in LX = 2097152 elems x 2B = 4194304 B  (hbm counted: 0 B)
IO     input  buf3                   torch [1024, 1] -> device [1, 1024, 64] in LX = 65536 elems x 2B = 131072 B  (hbm counted: 0 B) broadcast (loaded once)
IO   => HBM I/O total = 100663296 B  (lx 21495808 B, ~free)
MODEL -- estimate (turnaround): T = [(R+W)/BW_PEAK + a*min(R,W)] / eff_underfill --
MODEL   R=33554432 B (read)   W=33554432 B (write)   loop_trip L=8
MODEL   base = (R+W)/150 = 447.39 us
MODEL   turn = a*min(R,W) = 0.00574*33554432 = 192.60 us
MODEL   eff_underfill = min(0.95,(32.0/13)**0.68) = 0.950 -> (base+turn)/eff = 673.68 us
MODEL   => T_model = 673.68 us
MODEL FEATS [{"name":"amax","is_reduction":true,"out_elems":65536,"cores":32,"dtype_bytes":2,"args":[{"name":"op0","role":"output","mem":"lx","elems":65536,"broadcast":false,"dims":[1,1024,64],"logical":[1024,1],"loop_factor":1},{"name":"arg0_1","role":"input","mem":"hbm","elems":16777216,"broadcast":false,"dims":[32,8192,64],"logical":[8192,2048],"loop_factor":1}],"reduction_cores":1,"loop_trip":8,"tiles_output_dim":true,"tile_rows_per_core":32.0,"is_matmul":false,"matmul_macs":0,"matmul_rows_per_core":0.0,"matmul_cols_per_core":0.0,"matmul_a_bytes":0,"matmul_b_bytes":0,"hbm_pattern":""},{"name":"sub","is_reduction":false,"out_elems":2097152,"cores":32,"dtype_bytes":2,"args":[{"name":"op1","role":"output","mem":"lx","elems":2097152,"broadcast":false,"dims":[32,1024,64],"logical":[1024,2048],"loop_factor":1},{"name":"arg0_1","role":"input","mem":"hbm","elems":16777216,"broadcast":false,"dims":[32,8192,64],"logical":[8192,2048],"loop_factor":1},{"name":"buf0","role":"input","mem":"lx","elems":65536,"broadcast":true,"dims":[1,1024,64],"logical":[1024,1],"loop_factor":1}],"reduction_cores":1,"loop_trip":8,"tiles_output_dim":true,"tile_rows_per_core":32.0,"is_matmul":false,"matmul_macs":0,"matmul_rows_per_core":0.0,"matmul_cols_per_core":0.0,"matmul_a_bytes":0,"matmul_b_bytes":0,"hbm_pattern":""},{"name":"exp","is_reduction":false,"out_elems":2097152,"cores":32,"dtype_bytes":2,"args":[{"name":"op2","role":"output","mem":"lx","elems":2097152,"broadcast":false,"dims":[32,1024,64],"logical":[1024,2048],"loop_factor":1},{"name":"buf1","role":"input","mem":"lx","elems":2097152,"broadcast":false,"dims":[32,1024,64],"logical":[1024,2048],"loop_factor":1}],"reduction_cores":1,"loop_trip":8,"tiles_output_dim":true,"tile_rows_per_core":32.0,"is_matmul":false,"matmul_macs":0,"matmul_rows_per_core":0.0,"matmul_cols_per_core":0.0,"matmul_a_bytes":0,"matmul_b_bytes":0,"hbm_pattern":""},{"name":"sum_1","is_reduction":true,"out_elems":65536,"cores":32,"dtype_bytes":2,"args":[{"name":"op3","role":"output","mem":"lx","elems":65536,"broadcast":false,"dims":[1,1024,64],"logical":[1024,1],"loop_factor":1},{"name":"buf2","role":"input","mem":"lx","elems":2097152,"broadcast":false,"dims":[32,1024,64],"logical":[1024,2048],"loop_factor":1}],"reduction_cores":1,"loop_trip":8,"tiles_output_dim":true,"tile_rows_per_core":32.0,"is_matmul":false,"matmul_macs":0,"matmul_rows_per_core":0.0,"matmul_cols_per_core":0.0,"matmul_a_bytes":0,"matmul_b_bytes":0,"hbm_pattern":""},{"name":"div","is_reduction":false,"out_elems":16777216,"cores":32,"dtype_bytes":2,"args":[{"name":"op4","role":"output","mem":"hbm","elems":16777216,"broadcast":false,"dims":[8192,2048],"logical":[8192,2048],"loop_factor":1},{"name":"buf2","role":"input","mem":"lx","elems":2097152,"broadcast":false,"dims":[32,1024,64],"logical":[1024,2048],"loop_factor":1},{"name":"buf3","role":"input","mem":"lx","elems":65536,"broadcast":true,"dims":[1,1024,64],"logical":[1024,1],"loop_factor":1}],"reduction_cores":1,"loop_trip":8,"tiles_output_dim":true,"tile_rows_per_core":32,"is_matmul":false,"matmul_macs":0,"matmul_rows_per_core":0.0,"matmul_cols_per_core":0.0,"matmul_a_bytes":0,"matmul_b_bytes":0,"hbm_pattern":""}]
SUMMARY op=softmax_row_tiling rows=8192 cols=2048 cores=32 tiles=8 lx=1 io_hbm_bytes=100663296 kernel_us=665.820 pred_us=673.679 err_pct=+1.2 bw_gbps=151.2 memset_us=445.985 other_dev_us=2392.619 total_dev_us=3504.424
-- softmax [8192,2048] tiles=8 (ROWS/tile=1024)
  op_it_space_splits={d0: 32, d1: 1}
  op_it_space_splits={d0: 32, d1: 1}
  op_it_space_splits={d0: 32, d1: 1}
  op_it_space_splits={d0: 32, d1: 1}
  op_it_space_splits={d0: 32, d1: 1}
  op_it_space_splits={d0: 32, d1: 1}
  op_it_space_splits={d0: 32, d1: 1}
  op_it_space_splits={d0: 32, d1: 1}
  op_it_space_splits={d0: 32, d1: 1}
  op_it_space_splits={d0: 32, d1: 1}
  op_it_space_splits={d0: 32, d1: 1}
  op_it_space_splits={d0: 32, d1: 1}
  op_it_space_splits={d0: 32, d1: 1}
  op_it_space_splits={d0: 32, d1: 1}
  op_it_space_splits={d0: 32, d1: 1}
  op_it_space_splits={d0: 32, d1: 1}
  op_it_space_splits={d0: 32, d1: 1}
  op_it_space_splits={d0: 32, d1: 1}
  op_it_space_splits={d0: 32, d1: 1}
  op_it_space_splits={d0: 32, d1: 1}
  op_it_space_splits={d0: 32, d1: 1}
  op_it_space_splits={d0: 32, d1: 1}
  op_it_space_splits={d0: 32, d1: 1}
  op_it_space_splits={d0: 32, d1: 1}
  op_it_space_splits={d0: 32, d1: 1}
  op_it_space_splits={d0: 32, d1: 1}
  op_it_space_splits={d0: 32, d1: 1}
  op_it_space_splits={d0: 32, d1: 1}
  op_it_space_splits={d0: 32, d1: 1}
  op_it_space_splits={d0: 32, d1: 1}
IO -- device-layout I/O (cost model, stick-padded) --
IO   op amax [reduction]
IO     output op0                    torch [1024, 1] -> device [1, 1024, 64] in LX = 65536 elems x 2B = 131072 B  (hbm counted: 0 B)
IO     input  arg0_1                 torch [8192, 2048] -> device [32, 8192, 64] in HBM = 16777216 elems x 2B = 33554432 B  (hbm counted: 33554432 B)
IO   op sub
IO     output op1                    torch [1024, 2048] -> device [32, 1024, 64] in LX = 2097152 elems x 2B = 4194304 B  (hbm counted: 0 B)
IO     input  arg0_1                 torch [8192, 2048] -> device [32, 8192, 64] in HBM = 16777216 elems x 2B = 33554432 B  (hbm counted: 33554432 B)
IO     input  buf0                   torch [1024, 1] -> device [1, 1024, 64] in LX = 65536 elems x 2B = 131072 B  (hbm counted: 0 B) broadcast (loaded once)
IO   op exp
IO     output op2                    torch [1024, 2048] -> device [32, 1024, 64] in LX = 2097152 elems x 2B = 4194304 B  (hbm counted: 0 B)
IO     input  buf1                   torch [1024, 2048] -> device [32, 1024, 64] in LX = 2097152 elems x 2B = 4194304 B  (hbm counted: 0 B)
IO   op sum_1 [reduction]
IO     output op3                    torch [1024, 1] -> device [1, 1024, 64] in LX = 65536 elems x 2B = 131072 B  (hbm counted: 0 B)
IO     input  buf2                   torch [1024, 2048] -> device [32, 1024, 64] in LX = 2097152 elems x 2B = 4194304 B  (hbm counted: 0 B)
IO   op div
IO     output op4                    torch [8192, 2048] -> device [8192, 2048] in HBM = 16777216 elems x 2B = 33554432 B  (hbm counted: 33554432 B)
IO     input  buf2                   torch [1024, 2048] -> device [32, 1024, 64] in LX = 2097152 elems x 2B = 4194304 B  (hbm counted: 0 B)
IO     input  buf3                   torch [1024, 1] -> device [1, 1024, 64] in LX = 65536 elems x 2B = 131072 B  (hbm counted: 0 B) broadcast (loaded once)
IO   => HBM I/O total = 100663296 B  (lx 21495808 B, ~free)
MODEL -- estimate (turnaround): T = [(R+W)/BW_PEAK + a*min(R,W)] / eff_underfill --
MODEL   R=33554432 B (read)   W=33554432 B (write)   loop_trip L=8
MODEL   base = (R+W)/150 = 447.39 us
MODEL   turn = a*min(R,W) = 0.00574*33554432 = 192.60 us
MODEL   eff_underfill = min(0.95,(32.0/13)**0.68) = 0.950 -> (base+turn)/eff = 673.68 us
MODEL   => T_model = 673.68 us
MODEL FEATS [{"name":"amax","is_reduction":true,"out_elems":65536,"cores":32,"dtype_bytes":2,"args":[{"name":"op0","role":"output","mem":"lx","elems":65536,"broadcast":false,"dims":[1,1024,64],"logical":[1024,1],"loop_factor":1},{"name":"arg0_1","role":"input","mem":"hbm","elems":16777216,"broadcast":false,"dims":[32,8192,64],"logical":[8192,2048],"loop_factor":1}],"reduction_cores":1,"loop_trip":8,"tiles_output_dim":true,"tile_rows_per_core":32.0,"is_matmul":false,"matmul_macs":0,"matmul_rows_per_core":0.0,"matmul_cols_per_core":0.0,"matmul_a_bytes":0,"matmul_b_bytes":0,"hbm_pattern":""},{"name":"sub","is_reduction":false,"out_elems":2097152,"cores":32,"dtype_bytes":2,"args":[{"name":"op1","role":"output","mem":"lx","elems":2097152,"broadcast":false,"dims":[32,1024,64],"logical":[1024,2048],"loop_factor":1},{"name":"arg0_1","role":"input","mem":"hbm","elems":16777216,"broadcast":false,"dims":[32,8192,64],"logical":[8192,2048],"loop_factor":1},{"name":"buf0","role":"input","mem":"lx","elems":65536,"broadcast":true,"dims":[1,1024,64],"logical":[1024,1],"loop_factor":1}],"reduction_cores":1,"loop_trip":8,"tiles_output_dim":true,"tile_rows_per_core":32.0,"is_matmul":false,"matmul_macs":0,"matmul_rows_per_core":0.0,"matmul_cols_per_core":0.0,"matmul_a_bytes":0,"matmul_b_bytes":0,"hbm_pattern":""},{"name":"exp","is_reduction":false,"out_elems":2097152,"cores":32,"dtype_bytes":2,"args":[{"name":"op2","role":"output","mem":"lx","elems":2097152,"broadcast":false,"dims":[32,1024,64],"logical":[1024,2048],"loop_factor":1},{"name":"buf1","role":"input","mem":"lx","elems":2097152,"broadcast":false,"dims":[32,1024,64],"logical":[1024,2048],"loop_factor":1}],"reduction_cores":1,"loop_trip":8,"tiles_output_dim":true,"tile_rows_per_core":32.0,"is_matmul":false,"matmul_macs":0,"matmul_rows_per_core":0.0,"matmul_cols_per_core":0.0,"matmul_a_bytes":0,"matmul_b_bytes":0,"hbm_pattern":""},{"name":"sum_1","is_reduction":true,"out_elems":65536,"cores":32,"dtype_bytes":2,"args":[{"name":"op3","role":"output","mem":"lx","elems":65536,"broadcast":false,"dims":[1,1024,64],"logical":[1024,1],"loop_factor":1},{"name":"buf2","role":"input","mem":"lx","elems":2097152,"broadcast":false,"dims":[32,1024,64],"logical":[1024,2048],"loop_factor":1}],"reduction_cores":1,"loop_trip":8,"tiles_output_dim":true,"tile_rows_per_core":32.0,"is_matmul":false,"matmul_macs":0,"matmul_rows_per_core":0.0,"matmul_cols_per_core":0.0,"matmul_a_bytes":0,"matmul_b_bytes":0,"hbm_pattern":""},{"name":"div","is_reduction":false,"out_elems":16777216,"cores":32,"dtype_bytes":2,"args":[{"name":"op4","role":"output","mem":"hbm","elems":16777216,"broadcast":false,"dims":[8192,2048],"logical":[8192,2048],"loop_factor":1},{"name":"buf2","role":"input","mem":"lx","elems":2097152,"broadcast":false,"dims":[32,1024,64],"logical":[1024,2048],"loop_factor":1},{"name":"buf3","role":"input","mem":"lx","elems":65536,"broadcast":true,"dims":[1,1024,64],"logical":[1024,1],"loop_factor":1}],"reduction_cores":1,"loop_trip":8,"tiles_output_dim":true,"tile_rows_per_core":32,"is_matmul":false,"matmul_macs":0,"matmul_rows_per_core":0.0,"matmul_cols_per_core":0.0,"matmul_a_bytes":0,"matmul_b_bytes":0,"hbm_pattern":""}]
SUMMARY op=softmax_row_tiling rows=8192 cols=2048 cores=32 tiles=8 lx=1 io_hbm_bytes=100663296 kernel_us=669.005 pred_us=673.679 err_pct=+0.7 bw_gbps=150.5 memset_us=487.596 other_dev_us=2245.533 total_dev_us=3402.134
## SP softmax COLS=4096 tiles=2: ROWS{6144,8192,10240,12288,16384}
-- softmax [6144,4096] tiles=2 (ROWS/tile=3072)
  op_it_space_splits={d0: 32, d1: 1}
  op_it_space_splits={d0: 32, d1: 1}
  op_it_space_splits={d0: 32, d1: 1}
  op_it_space_splits={d0: 32, d1: 1}
  op_it_space_splits={d0: 32, d1: 1}
  op_it_space_splits={d0: 32, d1: 1}
  op_it_space_splits={d0: 32, d1: 1}
  op_it_space_splits={d0: 32, d1: 1}
  op_it_space_splits={d0: 32, d1: 1}
  op_it_space_splits={d0: 32, d1: 1}
  op_it_space_splits={d0: 32, d1: 1}
  op_it_space_splits={d0: 32, d1: 1}
  op_it_space_splits={d0: 32, d1: 1}
  op_it_space_splits={d0: 32, d1: 1}
  op_it_space_splits={d0: 32, d1: 1}
  op_it_space_splits={d0: 32, d1: 1}
  op_it_space_splits={d0: 32, d1: 1}
  op_it_space_splits={d0: 32, d1: 1}
  op_it_space_splits={d0: 32, d1: 1}
  op_it_space_splits={d0: 32, d1: 1}
  op_it_space_splits={d0: 32, d1: 1}
  op_it_space_splits={d0: 32, d1: 1}
  op_it_space_splits={d0: 32, d1: 1}
  op_it_space_splits={d0: 32, d1: 1}
  op_it_space_splits={d0: 32, d1: 1}
  op_it_space_splits={d0: 32, d1: 1}
  op_it_space_splits={d0: 32, d1: 1}
  op_it_space_splits={d0: 32, d1: 1}
  op_it_space_splits={d0: 32, d1: 1}
  op_it_space_splits={d0: 32, d1: 1}
IO -- device-layout I/O (cost model, stick-padded) --
IO   op amax [reduction]
IO     output op0                    torch [3072, 1] -> device [1, 3072, 64] in LX = 196608 elems x 2B = 393216 B  (hbm counted: 0 B)
IO     input  arg0_1                 torch [6144, 4096] -> device [64, 6144, 64] in HBM = 25165824 elems x 2B = 50331648 B  (hbm counted: 50331648 B)
IO   op sub
IO     output op1                    torch [3072, 4096] -> device [64, 3072, 64] in LX = 12582912 elems x 2B = 25165824 B  (hbm counted: 0 B)
IO     input  arg0_1                 torch [6144, 4096] -> device [64, 6144, 64] in HBM = 25165824 elems x 2B = 50331648 B  (hbm counted: 50331648 B)
IO     input  buf0                   torch [3072, 1] -> device [1, 3072, 64] in LX = 196608 elems x 2B = 393216 B  (hbm counted: 0 B) broadcast (loaded once)
IO   op exp
IO     output op2                    torch [3072, 4096] -> device [64, 3072, 64] in LX = 12582912 elems x 2B = 25165824 B  (hbm counted: 0 B)
IO     input  buf1                   torch [3072, 4096] -> device [64, 3072, 64] in LX = 12582912 elems x 2B = 25165824 B  (hbm counted: 0 B)
IO   op sum_1 [reduction]
IO     output op3                    torch [3072, 1] -> device [1, 3072, 64] in LX = 196608 elems x 2B = 393216 B  (hbm counted: 0 B)
IO     input  buf2                   torch [3072, 4096] -> device [64, 3072, 64] in LX = 12582912 elems x 2B = 25165824 B  (hbm counted: 0 B)
IO   op div
IO     output op4                    torch [6144, 4096] -> device [6144, 4096] in HBM = 25165824 elems x 2B = 50331648 B  (hbm counted: 50331648 B)
IO     input  buf2                   torch [3072, 4096] -> device [64, 3072, 64] in LX = 12582912 elems x 2B = 25165824 B  (hbm counted: 0 B)
IO     input  buf3                   torch [3072, 1] -> device [1, 3072, 64] in LX = 196608 elems x 2B = 393216 B  (hbm counted: 0 B) broadcast (loaded once)
IO   => HBM I/O total = 150994944 B  (lx 127401984 B, ~free)
MODEL -- estimate (turnaround): T = [(R+W)/BW_PEAK + a*min(R,W)] / eff_underfill --
MODEL   R=50331648 B (read)   W=50331648 B (write)   loop_trip L=2
MODEL   base = (R+W)/150 = 671.09 us
MODEL   turn = a*min(R,W) = 0.00574*50331648 = 288.90 us
MODEL   eff_underfill = min(0.95,(96.0/13)**0.68) = 0.950 -> (base+turn)/eff = 1010.52 us
MODEL   => T_model = 1010.52 us
MODEL FEATS [{"name":"amax","is_reduction":true,"out_elems":196608,"cores":32,"dtype_bytes":2,"args":[{"name":"op0","role":"output","mem":"lx","elems":196608,"broadcast":false,"dims":[1,3072,64],"logical":[3072,1],"loop_factor":1},{"name":"arg0_1","role":"input","mem":"hbm","elems":25165824,"broadcast":false,"dims":[64,6144,64],"logical":[6144,4096],"loop_factor":1}],"reduction_cores":1,"loop_trip":2,"tiles_output_dim":true,"tile_rows_per_core":96.0,"is_matmul":false,"matmul_macs":0,"matmul_rows_per_core":0.0,"matmul_cols_per_core":0.0,"matmul_a_bytes":0,"matmul_b_bytes":0,"hbm_pattern":""},{"name":"sub","is_reduction":false,"out_elems":12582912,"cores":32,"dtype_bytes":2,"args":[{"name":"op1","role":"output","mem":"lx","elems":12582912,"broadcast":false,"dims":[64,3072,64],"logical":[3072,4096],"loop_factor":1},{"name":"arg0_1","role":"input","mem":"hbm","elems":25165824,"broadcast":false,"dims":[64,6144,64],"logical":[6144,4096],"loop_factor":1},{"name":"buf0","role":"input","mem":"lx","elems":196608,"broadcast":true,"dims":[1,3072,64],"logical":[3072,1],"loop_factor":1}],"reduction_cores":1,"loop_trip":2,"tiles_output_dim":true,"tile_rows_per_core":96.0,"is_matmul":false,"matmul_macs":0,"matmul_rows_per_core":0.0,"matmul_cols_per_core":0.0,"matmul_a_bytes":0,"matmul_b_bytes":0,"hbm_pattern":""},{"name":"exp","is_reduction":false,"out_elems":12582912,"cores":32,"dtype_bytes":2,"args":[{"name":"op2","role":"output","mem":"lx","elems":12582912,"broadcast":false,"dims":[64,3072,64],"logical":[3072,4096],"loop_factor":1},{"name":"buf1","role":"input","mem":"lx","elems":12582912,"broadcast":false,"dims":[64,3072,64],"logical":[3072,4096],"loop_factor":1}],"reduction_cores":1,"loop_trip":2,"tiles_output_dim":true,"tile_rows_per_core":96.0,"is_matmul":false,"matmul_macs":0,"matmul_rows_per_core":0.0,"matmul_cols_per_core":0.0,"matmul_a_bytes":0,"matmul_b_bytes":0,"hbm_pattern":""},{"name":"sum_1","is_reduction":true,"out_elems":196608,"cores":32,"dtype_bytes":2,"args":[{"name":"op3","role":"output","mem":"lx","elems":196608,"broadcast":false,"dims":[1,3072,64],"logical":[3072,1],"loop_factor":1},{"name":"buf2","role":"input","mem":"lx","elems":12582912,"broadcast":false,"dims":[64,3072,64],"logical":[3072,4096],"loop_factor":1}],"reduction_cores":1,"loop_trip":2,"tiles_output_dim":true,"tile_rows_per_core":96.0,"is_matmul":false,"matmul_macs":0,"matmul_rows_per_core":0.0,"matmul_cols_per_core":0.0,"matmul_a_bytes":0,"matmul_b_bytes":0,"hbm_pattern":""},{"name":"div","is_reduction":false,"out_elems":25165824,"cores":32,"dtype_bytes":2,"args":[{"name":"op4","role":"output","mem":"hbm","elems":25165824,"broadcast":false,"dims":[6144,4096],"logical":[6144,4096],"loop_factor":1},{"name":"buf2","role":"input","mem":"lx","elems":12582912,"broadcast":false,"dims":[64,3072,64],"logical":[3072,4096],"loop_factor":1},{"name":"buf3","role":"input","mem":"lx","elems":196608,"broadcast":true,"dims":[1,3072,64],"logical":[3072,1],"loop_factor":1}],"reduction_cores":1,"loop_trip":2,"tiles_output_dim":true,"tile_rows_per_core":96,"is_matmul":false,"matmul_macs":0,"matmul_rows_per_core":0.0,"matmul_cols_per_core":0.0,"matmul_a_bytes":0,"matmul_b_bytes":0,"hbm_pattern":""}]
SUMMARY op=softmax_row_tiling rows=6144 cols=4096 cores=32 tiles=2 lx=1 io_hbm_bytes=150994944 kernel_us=1160.356 pred_us=1010.518 err_pct=-12.9 bw_gbps=130.1 memset_us=828.041 other_dev_us=3953.439 total_dev_us=5941.836
-- softmax [8192,4096] tiles=2 (ROWS/tile=4096)
  op_it_space_splits={d0: 32, d1: 1}
  op_it_space_splits={d0: 32, d1: 1}
  op_it_space_splits={d0: 32, d1: 1}
  op_it_space_splits={d0: 32, d1: 1}
  op_it_space_splits={d0: 32, d1: 1}
  op_it_space_splits={d0: 32, d1: 1}
  op_it_space_splits={d0: 32, d1: 1}
  op_it_space_splits={d0: 32, d1: 1}
  op_it_space_splits={d0: 32, d1: 1}
  op_it_space_splits={d0: 32, d1: 1}
  op_it_space_splits={d0: 32, d1: 1}
  op_it_space_splits={d0: 32, d1: 1}
  op_it_space_splits={d0: 32, d1: 1}
  op_it_space_splits={d0: 32, d1: 1}
  op_it_space_splits={d0: 32, d1: 1}
  op_it_space_splits={d0: 32, d1: 1}
  op_it_space_splits={d0: 32, d1: 1}
  op_it_space_splits={d0: 32, d1: 1}
  op_it_space_splits={d0: 32, d1: 1}
  op_it_space_splits={d0: 32, d1: 1}
  op_it_space_splits={d0: 32, d1: 1}
  op_it_space_splits={d0: 32, d1: 1}
  op_it_space_splits={d0: 32, d1: 1}
  op_it_space_splits={d0: 32, d1: 1}
  op_it_space_splits={d0: 32, d1: 1}
  op_it_space_splits={d0: 32, d1: 1}
  op_it_space_splits={d0: 32, d1: 1}
  op_it_space_splits={d0: 32, d1: 1}
  op_it_space_splits={d0: 32, d1: 1}
  op_it_space_splits={d0: 32, d1: 1}
IO -- device-layout I/O (cost model, stick-padded) --
IO   op amax [reduction]
IO     output op0                    torch [4096, 1] -> device [1, 4096, 64] in LX = 262144 elems x 2B = 524288 B  (hbm counted: 0 B)
IO     input  arg0_1                 torch [8192, 4096] -> device [64, 8192, 64] in HBM = 33554432 elems x 2B = 67108864 B  (hbm counted: 67108864 B)
IO   op sub
IO     output op1                    torch [4096, 4096] -> device [64, 4096, 64] in LX = 16777216 elems x 2B = 33554432 B  (hbm counted: 0 B)
IO     input  arg0_1                 torch [8192, 4096] -> device [64, 8192, 64] in HBM = 33554432 elems x 2B = 67108864 B  (hbm counted: 67108864 B)
IO     input  buf0                   torch [4096, 1] -> device [1, 4096, 64] in LX = 262144 elems x 2B = 524288 B  (hbm counted: 0 B) broadcast (loaded once)
IO   op exp
IO     output op2                    torch [4096, 4096] -> device [64, 4096, 64] in LX = 16777216 elems x 2B = 33554432 B  (hbm counted: 0 B)
IO     input  buf1                   torch [4096, 4096] -> device [64, 4096, 64] in LX = 16777216 elems x 2B = 33554432 B  (hbm counted: 0 B)
IO   op sum_1 [reduction]
IO     output op3                    torch [4096, 1] -> device [1, 4096, 64] in LX = 262144 elems x 2B = 524288 B  (hbm counted: 0 B)
IO     input  buf2                   torch [4096, 4096] -> device [64, 4096, 64] in LX = 16777216 elems x 2B = 33554432 B  (hbm counted: 0 B)
IO   op div
IO     output op4                    torch [8192, 4096] -> device [8192, 4096] in HBM = 33554432 elems x 2B = 67108864 B  (hbm counted: 67108864 B)
IO     input  buf2                   torch [4096, 4096] -> device [64, 4096, 64] in LX = 16777216 elems x 2B = 33554432 B  (hbm counted: 0 B)
IO     input  buf3                   torch [4096, 1] -> device [1, 4096, 64] in LX = 262144 elems x 2B = 524288 B  (hbm counted: 0 B) broadcast (loaded once)
IO   => HBM I/O total = 201326592 B  (lx 169869312 B, ~free)
MODEL -- estimate (turnaround): T = [(R+W)/BW_PEAK + a*min(R,W)] / eff_underfill --
MODEL   R=67108864 B (read)   W=67108864 B (write)   loop_trip L=2
MODEL   base = (R+W)/150 = 894.78 us
MODEL   turn = a*min(R,W) = 0.00574*67108864 = 385.20 us
MODEL   eff_underfill = min(0.95,(128.0/13)**0.68) = 0.950 -> (base+turn)/eff = 1347.36 us
MODEL   => T_model = 1347.36 us
MODEL FEATS [{"name":"amax","is_reduction":true,"out_elems":262144,"cores":32,"dtype_bytes":2,"args":[{"name":"op0","role":"output","mem":"lx","elems":262144,"broadcast":false,"dims":[1,4096,64],"logical":[4096,1],"loop_factor":1},{"name":"arg0_1","role":"input","mem":"hbm","elems":33554432,"broadcast":false,"dims":[64,8192,64],"logical":[8192,4096],"loop_factor":1}],"reduction_cores":1,"loop_trip":2,"tiles_output_dim":true,"tile_rows_per_core":128.0,"is_matmul":false,"matmul_macs":0,"matmul_rows_per_core":0.0,"matmul_cols_per_core":0.0,"matmul_a_bytes":0,"matmul_b_bytes":0,"hbm_pattern":""},{"name":"sub","is_reduction":false,"out_elems":16777216,"cores":32,"dtype_bytes":2,"args":[{"name":"op1","role":"output","mem":"lx","elems":16777216,"broadcast":false,"dims":[64,4096,64],"logical":[4096,4096],"loop_factor":1},{"name":"arg0_1","role":"input","mem":"hbm","elems":33554432,"broadcast":false,"dims":[64,8192,64],"logical":[8192,4096],"loop_factor":1},{"name":"buf0","role":"input","mem":"lx","elems":262144,"broadcast":true,"dims":[1,4096,64],"logical":[4096,1],"loop_factor":1}],"reduction_cores":1,"loop_trip":2,"tiles_output_dim":true,"tile_rows_per_core":128.0,"is_matmul":false,"matmul_macs":0,"matmul_rows_per_core":0.0,"matmul_cols_per_core":0.0,"matmul_a_bytes":0,"matmul_b_bytes":0,"hbm_pattern":""},{"name":"exp","is_reduction":false,"out_elems":16777216,"cores":32,"dtype_bytes":2,"args":[{"name":"op2","role":"output","mem":"lx","elems":16777216,"broadcast":false,"dims":[64,4096,64],"logical":[4096,4096],"loop_factor":1},{"name":"buf1","role":"input","mem":"lx","elems":16777216,"broadcast":false,"dims":[64,4096,64],"logical":[4096,4096],"loop_factor":1}],"reduction_cores":1,"loop_trip":2,"tiles_output_dim":true,"tile_rows_per_core":128.0,"is_matmul":false,"matmul_macs":0,"matmul_rows_per_core":0.0,"matmul_cols_per_core":0.0,"matmul_a_bytes":0,"matmul_b_bytes":0,"hbm_pattern":""},{"name":"sum_1","is_reduction":true,"out_elems":262144,"cores":32,"dtype_bytes":2,"args":[{"name":"op3","role":"output","mem":"lx","elems":262144,"broadcast":false,"dims":[1,4096,64],"logical":[4096,1],"loop_factor":1},{"name":"buf2","role":"input","mem":"lx","elems":16777216,"broadcast":false,"dims":[64,4096,64],"logical":[4096,4096],"loop_factor":1}],"reduction_cores":1,"loop_trip":2,"tiles_output_dim":true,"tile_rows_per_core":128.0,"is_matmul":false,"matmul_macs":0,"matmul_rows_per_core":0.0,"matmul_cols_per_core":0.0,"matmul_a_bytes":0,"matmul_b_bytes":0,"hbm_pattern":""},{"name":"div","is_reduction":false,"out_elems":33554432,"cores":32,"dtype_bytes":2,"args":[{"name":"op4","role":"output","mem":"hbm","elems":33554432,"broadcast":false,"dims":[8192,4096],"logical":[8192,4096],"loop_factor":1},{"name":"buf2","role":"input","mem":"lx","elems":16777216,"broadcast":false,"dims":[64,4096,64],"logical":[4096,4096],"loop_factor":1},{"name":"buf3","role":"input","mem":"lx","elems":262144,"broadcast":true,"dims":[1,4096,64],"logical":[4096,1],"loop_factor":1}],"reduction_cores":1,"loop_trip":2,"tiles_output_dim":true,"tile_rows_per_core":128,"is_matmul":false,"matmul_macs":0,"matmul_rows_per_core":0.0,"matmul_cols_per_core":0.0,"matmul_a_bytes":0,"matmul_b_bytes":0,"hbm_pattern":""}]
SUMMARY op=softmax_row_tiling rows=8192 cols=4096 cores=32 tiles=2 lx=1 io_hbm_bytes=201326592 kernel_us=1573.523 pred_us=1347.358 err_pct=-14.4 bw_gbps=127.9 memset_us=1144.247 other_dev_us=6301.718 total_dev_us=9019.488
-- softmax [10240,4096] tiles=2 (ROWS/tile=5120)
  op_it_space_splits={d0: 32, d1: 1}
  op_it_space_splits={d0: 32, d1: 1}
  op_it_space_splits={d0: 32, d1: 1}
  op_it_space_splits={d0: 32, d1: 1}
  op_it_space_splits={d0: 32, d1: 1}
  op_it_space_splits={d0: 32, d1: 1}
  op_it_space_splits={d0: 32, d1: 1}
  op_it_space_splits={d0: 32, d1: 1}
  op_it_space_splits={d0: 32, d1: 1}
  op_it_space_splits={d0: 32, d1: 1}
  op_it_space_splits={d0: 32, d1: 1}
  op_it_space_splits={d0: 32, d1: 1}
  op_it_space_splits={d0: 32, d1: 1}
  op_it_space_splits={d0: 32, d1: 1}
  op_it_space_splits={d0: 32, d1: 1}
  op_it_space_splits={d0: 32, d1: 1}
  op_it_space_splits={d0: 32, d1: 1}
  op_it_space_splits={d0: 32, d1: 1}
  op_it_space_splits={d0: 32, d1: 1}
  op_it_space_splits={d0: 32, d1: 1}
  op_it_space_splits={d0: 32, d1: 1}
  op_it_space_splits={d0: 32, d1: 1}
  op_it_space_splits={d0: 32, d1: 1}
  op_it_space_splits={d0: 32, d1: 1}
  op_it_space_splits={d0: 32, d1: 1}
  op_it_space_splits={d0: 32, d1: 1}
  op_it_space_splits={d0: 32, d1: 1}
  op_it_space_splits={d0: 32, d1: 1}
  op_it_space_splits={d0: 32, d1: 1}
  op_it_space_splits={d0: 32, d1: 1}
IO -- device-layout I/O (cost model, stick-padded) --
IO   op amax [reduction]
IO     output op0                    torch [5120, 1] -> device [1, 5120, 64] in LX = 327680 elems x 2B = 655360 B  (hbm counted: 0 B)
IO     input  arg0_1                 torch [10240, 4096] -> device [64, 10240, 64] in HBM = 41943040 elems x 2B = 83886080 B  (hbm counted: 83886080 B)
IO   op sub
IO     output op1                    torch [5120, 4096] -> device [64, 5120, 64] in LX = 20971520 elems x 2B = 41943040 B  (hbm counted: 0 B)
IO     input  arg0_1                 torch [10240, 4096] -> device [64, 10240, 64] in HBM = 41943040 elems x 2B = 83886080 B  (hbm counted: 83886080 B)
IO     input  buf0                   torch [5120, 1] -> device [1, 5120, 64] in LX = 327680 elems x 2B = 655360 B  (hbm counted: 0 B) broadcast (loaded once)
IO   op exp
IO     output op2                    torch [5120, 4096] -> device [64, 5120, 64] in LX = 20971520 elems x 2B = 41943040 B  (hbm counted: 0 B)
IO     input  buf1                   torch [5120, 4096] -> device [64, 5120, 64] in LX = 20971520 elems x 2B = 41943040 B  (hbm counted: 0 B)
IO   op sum_1 [reduction]
IO     output op3                    torch [5120, 1] -> device [1, 5120, 64] in LX = 327680 elems x 2B = 655360 B  (hbm counted: 0 B)
IO     input  buf2                   torch [5120, 4096] -> device [64, 5120, 64] in LX = 20971520 elems x 2B = 41943040 B  (hbm counted: 0 B)
IO   op div
IO     output op4                    torch [10240, 4096] -> device [10240, 4096] in HBM = 41943040 elems x 2B = 83886080 B  (hbm counted: 83886080 B)
IO     input  buf2                   torch [5120, 4096] -> device [64, 5120, 64] in LX = 20971520 elems x 2B = 41943040 B  (hbm counted: 0 B)
IO     input  buf3                   torch [5120, 1] -> device [1, 5120, 64] in LX = 327680 elems x 2B = 655360 B  (hbm counted: 0 B) broadcast (loaded once)
IO   => HBM I/O total = 251658240 B  (lx 212336640 B, ~free)
MODEL -- estimate (turnaround): T = [(R+W)/BW_PEAK + a*min(R,W)] / eff_underfill --
MODEL   R=83886080 B (read)   W=83886080 B (write)   loop_trip L=2
MODEL   base = (R+W)/150 = 1118.48 us
MODEL   turn = a*min(R,W) = 0.00574*83886080 = 481.51 us
MODEL   eff_underfill = min(0.95,(160.0/13)**0.68) = 0.950 -> (base+turn)/eff = 1684.20 us
MODEL   => T_model = 1684.20 us
MODEL FEATS [{"name":"amax","is_reduction":true,"out_elems":327680,"cores":32,"dtype_bytes":2,"args":[{"name":"op0","role":"output","mem":"lx","elems":327680,"broadcast":false,"dims":[1,5120,64],"logical":[5120,1],"loop_factor":1},{"name":"arg0_1","role":"input","mem":"hbm","elems":41943040,"broadcast":false,"dims":[64,10240,64],"logical":[10240,4096],"loop_factor":1}],"reduction_cores":1,"loop_trip":2,"tiles_output_dim":true,"tile_rows_per_core":160.0,"is_matmul":false,"matmul_macs":0,"matmul_rows_per_core":0.0,"matmul_cols_per_core":0.0,"matmul_a_bytes":0,"matmul_b_bytes":0,"hbm_pattern":""},{"name":"sub","is_reduction":false,"out_elems":20971520,"cores":32,"dtype_bytes":2,"args":[{"name":"op1","role":"output","mem":"lx","elems":20971520,"broadcast":false,"dims":[64,5120,64],"logical":[5120,4096],"loop_factor":1},{"name":"arg0_1","role":"input","mem":"hbm","elems":41943040,"broadcast":false,"dims":[64,10240,64],"logical":[10240,4096],"loop_factor":1},{"name":"buf0","role":"input","mem":"lx","elems":327680,"broadcast":true,"dims":[1,5120,64],"logical":[5120,1],"loop_factor":1}],"reduction_cores":1,"loop_trip":2,"tiles_output_dim":true,"tile_rows_per_core":160.0,"is_matmul":false,"matmul_macs":0,"matmul_rows_per_core":0.0,"matmul_cols_per_core":0.0,"matmul_a_bytes":0,"matmul_b_bytes":0,"hbm_pattern":""},{"name":"exp","is_reduction":false,"out_elems":20971520,"cores":32,"dtype_bytes":2,"args":[{"name":"op2","role":"output","mem":"lx","elems":20971520,"broadcast":false,"dims":[64,5120,64],"logical":[5120,4096],"loop_factor":1},{"name":"buf1","role":"input","mem":"lx","elems":20971520,"broadcast":false,"dims":[64,5120,64],"logical":[5120,4096],"loop_factor":1}],"reduction_cores":1,"loop_trip":2,"tiles_output_dim":true,"tile_rows_per_core":160.0,"is_matmul":false,"matmul_macs":0,"matmul_rows_per_core":0.0,"matmul_cols_per_core":0.0,"matmul_a_bytes":0,"matmul_b_bytes":0,"hbm_pattern":""},{"name":"sum_1","is_reduction":true,"out_elems":327680,"cores":32,"dtype_bytes":2,"args":[{"name":"op3","role":"output","mem":"lx","elems":327680,"broadcast":false,"dims":[1,5120,64],"logical":[5120,1],"loop_factor":1},{"name":"buf2","role":"input","mem":"lx","elems":20971520,"broadcast":false,"dims":[64,5120,64],"logical":[5120,4096],"loop_factor":1}],"reduction_cores":1,"loop_trip":2,"tiles_output_dim":true,"tile_rows_per_core":160.0,"is_matmul":false,"matmul_macs":0,"matmul_rows_per_core":0.0,"matmul_cols_per_core":0.0,"matmul_a_bytes":0,"matmul_b_bytes":0,"hbm_pattern":""},{"name":"div","is_reduction":false,"out_elems":41943040,"cores":32,"dtype_bytes":2,"args":[{"name":"op4","role":"output","mem":"hbm","elems":41943040,"broadcast":false,"dims":[10240,4096],"logical":[10240,4096],"loop_factor":1},{"name":"buf2","role":"input","mem":"lx","elems":20971520,"broadcast":false,"dims":[64,5120,64],"logical":[5120,4096],"loop_factor":1},{"name":"buf3","role":"input","mem":"lx","elems":327680,"broadcast":true,"dims":[1,5120,64],"logical":[5120,1],"loop_factor":1}],"reduction_cores":1,"loop_trip":2,"tiles_output_dim":true,"tile_rows_per_core":160,"is_matmul":false,"matmul_macs":0,"matmul_rows_per_core":0.0,"matmul_cols_per_core":0.0,"matmul_a_bytes":0,"matmul_b_bytes":0,"hbm_pattern":""}]
SUMMARY op=softmax_row_tiling rows=10240 cols=4096 cores=32 tiles=2 lx=1 io_hbm_bytes=251658240 kernel_us=2020.275 pred_us=1684.197 err_pct=-16.6 bw_gbps=124.6 memset_us=1543.502 other_dev_us=7834.117 total_dev_us=11397.894
-- softmax [12288,4096] tiles=2 (ROWS/tile=6144)
  op_it_space_splits={d0: 32, d1: 1}
  op_it_space_splits={d0: 32, d1: 1}
  op_it_space_splits={d0: 32, d1: 1}
  op_it_space_splits={d0: 32, d1: 1}
  op_it_space_splits={d0: 32, d1: 1}
  op_it_space_splits={d0: 32, d1: 1}
  op_it_space_splits={d0: 32, d1: 1}
  op_it_space_splits={d0: 32, d1: 1}
  op_it_space_splits={d0: 32, d1: 1}
  op_it_space_splits={d0: 32, d1: 1}
  op_it_space_splits={d0: 32, d1: 1}
  op_it_space_splits={d0: 32, d1: 1}
  op_it_space_splits={d0: 32, d1: 1}
  op_it_space_splits={d0: 32, d1: 1}
  op_it_space_splits={d0: 32, d1: 1}
  op_it_space_splits={d0: 32, d1: 1}
  op_it_space_splits={d0: 32, d1: 1}
  op_it_space_splits={d0: 32, d1: 1}
  op_it_space_splits={d0: 32, d1: 1}
  op_it_space_splits={d0: 32, d1: 1}
  op_it_space_splits={d0: 32, d1: 1}
  op_it_space_splits={d0: 32, d1: 1}
  op_it_space_splits={d0: 32, d1: 1}
  op_it_space_splits={d0: 32, d1: 1}
  op_it_space_splits={d0: 32, d1: 1}
  op_it_space_splits={d0: 32, d1: 1}
  op_it_space_splits={d0: 32, d1: 1}
  op_it_space_splits={d0: 32, d1: 1}
  op_it_space_splits={d0: 32, d1: 1}
  op_it_space_splits={d0: 32, d1: 1}
IO -- device-layout I/O (cost model, stick-padded) --
IO   op amax [reduction]
IO     output op0                    torch [6144, 1] -> device [1, 6144, 64] in LX = 393216 elems x 2B = 786432 B  (hbm counted: 0 B)
IO     input  arg0_1                 torch [12288, 4096] -> device [64, 12288, 64] in HBM = 50331648 elems x 2B = 100663296 B  (hbm counted: 100663296 B)
IO   op sub
IO     output op1                    torch [6144, 4096] -> device [64, 6144, 64] in LX = 25165824 elems x 2B = 50331648 B  (hbm counted: 0 B)
IO     input  arg0_1                 torch [12288, 4096] -> device [64, 12288, 64] in HBM = 50331648 elems x 2B = 100663296 B  (hbm counted: 100663296 B)
IO     input  buf0                   torch [6144, 1] -> device [1, 6144, 64] in LX = 393216 elems x 2B = 786432 B  (hbm counted: 0 B) broadcast (loaded once)
IO   op exp
IO     output op2                    torch [6144, 4096] -> device [64, 6144, 64] in LX = 25165824 elems x 2B = 50331648 B  (hbm counted: 0 B)
IO     input  buf1                   torch [6144, 4096] -> device [64, 6144, 64] in LX = 25165824 elems x 2B = 50331648 B  (hbm counted: 0 B)
IO   op sum_1 [reduction]
IO     output op3                    torch [6144, 1] -> device [1, 6144, 64] in LX = 393216 elems x 2B = 786432 B  (hbm counted: 0 B)
IO     input  buf2                   torch [6144, 4096] -> device [64, 6144, 64] in LX = 25165824 elems x 2B = 50331648 B  (hbm counted: 0 B)
IO   op div
IO     output op4                    torch [12288, 4096] -> device [12288, 4096] in HBM = 50331648 elems x 2B = 100663296 B  (hbm counted: 100663296 B)
IO     input  buf2                   torch [6144, 4096] -> device [64, 6144, 64] in LX = 25165824 elems x 2B = 50331648 B  (hbm counted: 0 B)
IO     input  buf3                   torch [6144, 1] -> device [1, 6144, 64] in LX = 393216 elems x 2B = 786432 B  (hbm counted: 0 B) broadcast (loaded once)
IO   => HBM I/O total = 301989888 B  (lx 254803968 B, ~free)
MODEL -- estimate (turnaround): T = [(R+W)/BW_PEAK + a*min(R,W)] / eff_underfill --
MODEL   R=100663296 B (read)   W=100663296 B (write)   loop_trip L=2
MODEL   base = (R+W)/150 = 1342.18 us
MODEL   turn = a*min(R,W) = 0.00574*100663296 = 577.81 us
MODEL   eff_underfill = min(0.95,(192.0/13)**0.68) = 0.950 -> (base+turn)/eff = 2021.04 us
MODEL   => T_model = 2021.04 us
MODEL FEATS [{"name":"amax","is_reduction":true,"out_elems":393216,"cores":32,"dtype_bytes":2,"args":[{"name":"op0","role":"output","mem":"lx","elems":393216,"broadcast":false,"dims":[1,6144,64],"logical":[6144,1],"loop_factor":1},{"name":"arg0_1","role":"input","mem":"hbm","elems":50331648,"broadcast":false,"dims":[64,12288,64],"logical":[12288,4096],"loop_factor":1}],"reduction_cores":1,"loop_trip":2,"tiles_output_dim":true,"tile_rows_per_core":192.0,"is_matmul":false,"matmul_macs":0,"matmul_rows_per_core":0.0,"matmul_cols_per_core":0.0,"matmul_a_bytes":0,"matmul_b_bytes":0,"hbm_pattern":""},{"name":"sub","is_reduction":false,"out_elems":25165824,"cores":32,"dtype_bytes":2,"args":[{"name":"op1","role":"output","mem":"lx","elems":25165824,"broadcast":false,"dims":[64,6144,64],"logical":[6144,4096],"loop_factor":1},{"name":"arg0_1","role":"input","mem":"hbm","elems":50331648,"broadcast":false,"dims":[64,12288,64],"logical":[12288,4096],"loop_factor":1},{"name":"buf0","role":"input","mem":"lx","elems":393216,"broadcast":true,"dims":[1,6144,64],"logical":[6144,1],"loop_factor":1}],"reduction_cores":1,"loop_trip":2,"tiles_output_dim":true,"tile_rows_per_core":192.0,"is_matmul":false,"matmul_macs":0,"matmul_rows_per_core":0.0,"matmul_cols_per_core":0.0,"matmul_a_bytes":0,"matmul_b_bytes":0,"hbm_pattern":""},{"name":"exp","is_reduction":false,"out_elems":25165824,"cores":32,"dtype_bytes":2,"args":[{"name":"op2","role":"output","mem":"lx","elems":25165824,"broadcast":false,"dims":[64,6144,64],"logical":[6144,4096],"loop_factor":1},{"name":"buf1","role":"input","mem":"lx","elems":25165824,"broadcast":false,"dims":[64,6144,64],"logical":[6144,4096],"loop_factor":1}],"reduction_cores":1,"loop_trip":2,"tiles_output_dim":true,"tile_rows_per_core":192.0,"is_matmul":false,"matmul_macs":0,"matmul_rows_per_core":0.0,"matmul_cols_per_core":0.0,"matmul_a_bytes":0,"matmul_b_bytes":0,"hbm_pattern":""},{"name":"sum_1","is_reduction":true,"out_elems":393216,"cores":32,"dtype_bytes":2,"args":[{"name":"op3","role":"output","mem":"lx","elems":393216,"broadcast":false,"dims":[1,6144,64],"logical":[6144,1],"loop_factor":1},{"name":"buf2","role":"input","mem":"lx","elems":25165824,"broadcast":false,"dims":[64,6144,64],"logical":[6144,4096],"loop_factor":1}],"reduction_cores":1,"loop_trip":2,"tiles_output_dim":true,"tile_rows_per_core":192.0,"is_matmul":false,"matmul_macs":0,"matmul_rows_per_core":0.0,"matmul_cols_per_core":0.0,"matmul_a_bytes":0,"matmul_b_bytes":0,"hbm_pattern":""},{"name":"div","is_reduction":false,"out_elems":50331648,"cores":32,"dtype_bytes":2,"args":[{"name":"op4","role":"output","mem":"hbm","elems":50331648,"broadcast":false,"dims":[12288,4096],"logical":[12288,4096],"loop_factor":1},{"name":"buf2","role":"input","mem":"lx","elems":25165824,"broadcast":false,"dims":[64,6144,64],"logical":[6144,4096],"loop_factor":1},{"name":"buf3","role":"input","mem":"lx","elems":393216,"broadcast":true,"dims":[1,6144,64],"logical":[6144,1],"loop_factor":1}],"reduction_cores":1,"loop_trip":2,"tiles_output_dim":true,"tile_rows_per_core":192,"is_matmul":false,"matmul_macs":0,"matmul_rows_per_core":0.0,"matmul_cols_per_core":0.0,"matmul_a_bytes":0,"matmul_b_bytes":0,"hbm_pattern":""}]
SUMMARY op=softmax_row_tiling rows=12288 cols=4096 cores=32 tiles=2 lx=1 io_hbm_bytes=301989888 kernel_us=2486.532 pred_us=2021.036 err_pct=-18.7 bw_gbps=121.5 memset_us=1803.943 other_dev_us=10224.742 total_dev_us=14515.217
-- softmax [16384,4096] tiles=2 (ROWS/tile=8192)
  op_it_space_splits={d0: 32, d1: 1}
  op_it_space_splits={d0: 32, d1: 1}
  op_it_space_splits={d0: 32, d1: 1}
  op_it_space_splits={d0: 32, d1: 1}
  op_it_space_splits={d0: 32, d1: 1}
  op_it_space_splits={d0: 32, d1: 1}
  op_it_space_splits={d0: 32, d1: 1}
  op_it_space_splits={d0: 32, d1: 1}
  op_it_space_splits={d0: 32, d1: 1}
  op_it_space_splits={d0: 32, d1: 1}
  op_it_space_splits={d0: 32, d1: 1}
  op_it_space_splits={d0: 32, d1: 1}
  op_it_space_splits={d0: 32, d1: 1}
  op_it_space_splits={d0: 32, d1: 1}
  op_it_space_splits={d0: 32, d1: 1}
  op_it_space_splits={d0: 32, d1: 1}
  op_it_space_splits={d0: 32, d1: 1}
  op_it_space_splits={d0: 32, d1: 1}
  op_it_space_splits={d0: 32, d1: 1}
  op_it_space_splits={d0: 32, d1: 1}
  op_it_space_splits={d0: 32, d1: 1}
  op_it_space_splits={d0: 32, d1: 1}
  op_it_space_splits={d0: 32, d1: 1}
  op_it_space_splits={d0: 32, d1: 1}
  op_it_space_splits={d0: 32, d1: 1}
  op_it_space_splits={d0: 32, d1: 1}
  op_it_space_splits={d0: 32, d1: 1}
  op_it_space_splits={d0: 32, d1: 1}
  op_it_space_splits={d0: 32, d1: 1}
  op_it_space_splits={d0: 32, d1: 1}
IO -- device-layout I/O (cost model, stick-padded) --
IO   op amax [reduction]
IO     output op0                    torch [8192, 1] -> device [1, 8192, 64] in LX = 524288 elems x 2B = 1048576 B  (hbm counted: 0 B)
IO     input  arg0_1                 torch [16384, 4096] -> device [64, 16384, 64] in HBM = 67108864 elems x 2B = 134217728 B  (hbm counted: 134217728 B)
IO   op sub
IO     output op1                    torch [8192, 4096] -> device [64, 8192, 64] in HBM = 33554432 elems x 2B = 67108864 B  (hbm counted: 67108864 B)
IO     input  arg0_1                 torch [16384, 4096] -> device [64, 16384, 64] in HBM = 67108864 elems x 2B = 134217728 B  (hbm counted: 134217728 B)
IO     input  buf0                   torch [8192, 1] -> device [1, 8192, 64] in LX = 524288 elems x 2B = 1048576 B  (hbm counted: 0 B) broadcast (loaded once)
IO   op exp
IO     output op2                    torch [8192, 4096] -> device [64, 8192, 64] in HBM = 33554432 elems x 2B = 67108864 B  (hbm counted: 67108864 B)
IO     input  buf1                   torch [8192, 4096] -> device [64, 8192, 64] in HBM = 33554432 elems x 2B = 67108864 B  (hbm counted: 67108864 B)
IO   op sum_1 [reduction]
IO     output op3                    torch [8192, 1] -> device [1, 8192, 64] in LX = 524288 elems x 2B = 1048576 B  (hbm counted: 0 B)
IO     input  buf2                   torch [8192, 4096] -> device [64, 8192, 64] in HBM = 33554432 elems x 2B = 67108864 B  (hbm counted: 67108864 B)
IO   op div
IO     output op4                    torch [16384, 4096] -> device [16384, 4096] in HBM = 67108864 elems x 2B = 134217728 B  (hbm counted: 134217728 B)
IO     input  buf2                   torch [8192, 4096] -> device [64, 8192, 64] in HBM = 33554432 elems x 2B = 67108864 B  (hbm counted: 67108864 B)
IO     input  buf3                   torch [8192, 1] -> device [1, 8192, 64] in LX = 524288 elems x 2B = 1048576 B  (hbm counted: 0 B) broadcast (loaded once)
IO   => HBM I/O total = 738197504 B  (lx 4194304 B, ~free)
MODEL -- estimate (turnaround): T = [(R+W)/BW_PEAK + a*min(R,W)] / eff_underfill --
MODEL   R=335544320 B (read)   W=268435456 B (write)   loop_trip L=2
MODEL   base = (R+W)/150 = 4026.53 us
MODEL   turn = a*min(R,W) = 0.00574*268435456 = 1540.82 us
MODEL   eff_underfill = min(0.95,(256.0/13)**0.68) = 0.950 -> (base+turn)/eff = 5860.37 us
MODEL   => T_model = 5860.37 us
MODEL FEATS [{"name":"amax","is_reduction":true,"out_elems":524288,"cores":32,"dtype_bytes":2,"args":[{"name":"op0","role":"output","mem":"lx","elems":524288,"broadcast":false,"dims":[1,8192,64],"logical":[8192,1],"loop_factor":1},{"name":"arg0_1","role":"input","mem":"hbm","elems":67108864,"broadcast":false,"dims":[64,16384,64],"logical":[16384,4096],"loop_factor":1}],"reduction_cores":1,"loop_trip":2,"tiles_output_dim":true,"tile_rows_per_core":256.0,"is_matmul":false,"matmul_macs":0,"matmul_rows_per_core":0.0,"matmul_cols_per_core":0.0,"matmul_a_bytes":0,"matmul_b_bytes":0,"hbm_pattern":""},{"name":"sub","is_reduction":false,"out_elems":33554432,"cores":32,"dtype_bytes":2,"args":[{"name":"op1","role":"output","mem":"hbm","elems":33554432,"broadcast":false,"dims":[64,8192,64],"logical":[8192,4096],"loop_factor":1},{"name":"arg0_1","role":"input","mem":"hbm","elems":67108864,"broadcast":false,"dims":[64,16384,64],"logical":[16384,4096],"loop_factor":1},{"name":"buf0","role":"input","mem":"lx","elems":524288,"broadcast":true,"dims":[1,8192,64],"logical":[8192,1],"loop_factor":1}],"reduction_cores":1,"loop_trip":2,"tiles_output_dim":true,"tile_rows_per_core":128.0,"is_matmul":false,"matmul_macs":0,"matmul_rows_per_core":0.0,"matmul_cols_per_core":0.0,"matmul_a_bytes":0,"matmul_b_bytes":0,"hbm_pattern":""},{"name":"exp","is_reduction":false,"out_elems":33554432,"cores":32,"dtype_bytes":2,"args":[{"name":"op2","role":"output","mem":"hbm","elems":33554432,"broadcast":false,"dims":[64,8192,64],"logical":[8192,4096],"loop_factor":1},{"name":"buf1","role":"input","mem":"hbm","elems":33554432,"broadcast":false,"dims":[64,8192,64],"logical":[8192,4096],"loop_factor":1}],"reduction_cores":1,"loop_trip":2,"tiles_output_dim":true,"tile_rows_per_core":128.0,"is_matmul":false,"matmul_macs":0,"matmul_rows_per_core":0.0,"matmul_cols_per_core":0.0,"matmul_a_bytes":0,"matmul_b_bytes":0,"hbm_pattern":""},{"name":"sum_1","is_reduction":true,"out_elems":524288,"cores":32,"dtype_bytes":2,"args":[{"name":"op3","role":"output","mem":"lx","elems":524288,"broadcast":false,"dims":[1,8192,64],"logical":[8192,1],"loop_factor":1},{"name":"buf2","role":"input","mem":"hbm","elems":33554432,"broadcast":false,"dims":[64,8192,64],"logical":[8192,4096],"loop_factor":1}],"reduction_cores":1,"loop_trip":2,"tiles_output_dim":true,"tile_rows_per_core":256.0,"is_matmul":false,"matmul_macs":0,"matmul_rows_per_core":0.0,"matmul_cols_per_core":0.0,"matmul_a_bytes":0,"matmul_b_bytes":0,"hbm_pattern":""},{"name":"div","is_reduction":false,"out_elems":67108864,"cores":32,"dtype_bytes":2,"args":[{"name":"op4","role":"output","mem":"hbm","elems":67108864,"broadcast":false,"dims":[16384,4096],"logical":[16384,4096],"loop_factor":1},{"name":"buf2","role":"input","mem":"hbm","elems":33554432,"broadcast":false,"dims":[64,8192,64],"logical":[8192,4096],"loop_factor":1},{"name":"buf3","role":"input","mem":"lx","elems":524288,"broadcast":true,"dims":[1,8192,64],"logical":[8192,1],"loop_factor":1}],"reduction_cores":1,"loop_trip":2,"tiles_output_dim":true,"tile_rows_per_core":256,"is_matmul":false,"matmul_macs":0,"matmul_rows_per_core":0.0,"matmul_cols_per_core":0.0,"matmul_a_bytes":0,"matmul_b_bytes":0,"hbm_pattern":""}]
SUMMARY op=softmax_row_tiling rows=16384 cols=4096 cores=32 tiles=2 lx=1 io_hbm_bytes=738197504 kernel_us=9742.581 pred_us=5860.370 err_pct=-39.8 bw_gbps=75.8 memset_us=2534.293 other_dev_us=16372.253 total_dev_us=28649.127
==== DONE -> forward /dev/null ====

################################################################
## >>> run_coarse_terms_sweep.sh (SECTIONS=SM)
################################################################
==== coarse-tiling term sweep Thu Jul  9 22:29:07 UTC 2026 ====
git: 2012d4f  sections: SM
## SM softmax_row_tiling: TILES{1..32} x COLS{4096,2048} (LX-reuse knee)
-- softmax_row_tiling [16384,4096] tiles=1
  op_it_space_splits={d0: 32, d1: 1}
  op_it_space_splits={d0: 32, d1: 1}
  op_it_space_splits={d0: 32, d1: 1}
  op_it_space_splits={d0: 32, d1: 1}
  op_it_space_splits={d0: 32, d1: 1}
IO -- device-layout I/O (cost model, stick-padded) --
IO   op amax [reduction]
IO     output op0                    torch [16384, 1] -> device [1, 1, 16384, 64] in LX = 1048576 elems x 2B = 2097152 B  (hbm counted: 0 B)
IO     input  arg0_1                 torch [16384, 4096] -> device [64, 16384, 64] in HBM = 67108864 elems x 2B = 134217728 B  (hbm counted: 134217728 B)
IO   op sub
IO     output op1                    torch [16384, 4096] -> device [64, 16384, 64] in HBM = 67108864 elems x 2B = 134217728 B  (hbm counted: 134217728 B)
IO     input  arg0_1                 torch [16384, 4096] -> device [64, 16384, 64] in HBM = 67108864 elems x 2B = 134217728 B  (hbm counted: 134217728 B)
IO     input  buf0                   torch [16384, 1] -> device [1, 1, 16384, 64] in LX = 1048576 elems x 2B = 2097152 B  (hbm counted: 0 B) broadcast (loaded once)
IO   op exp
IO     output op2                    torch [16384, 4096] -> device [64, 16384, 64] in HBM = 67108864 elems x 2B = 134217728 B  (hbm counted: 134217728 B)
IO     input  buf1                   torch [16384, 4096] -> device [64, 16384, 64] in HBM = 67108864 elems x 2B = 134217728 B  (hbm counted: 134217728 B)
IO   op sum_1 [reduction]
IO     output op3                    torch [16384, 1] -> device [1, 1, 16384, 64] in LX = 1048576 elems x 2B = 2097152 B  (hbm counted: 0 B)
IO     input  buf2                   torch [16384, 4096] -> device [64, 16384, 64] in HBM = 67108864 elems x 2B = 134217728 B  (hbm counted: 134217728 B)
IO   op div
IO     output op4                    torch [16384, 4096] -> device [64, 16384, 64] in HBM = 67108864 elems x 2B = 134217728 B  (hbm counted: 134217728 B)
IO     input  buf2                   torch [16384, 4096] -> device [64, 16384, 64] in HBM = 67108864 elems x 2B = 134217728 B  (hbm counted: 134217728 B)
IO     input  buf3                   torch [16384, 1] -> device [1, 1, 16384, 64] in LX = 1048576 elems x 2B = 2097152 B  (hbm counted: 0 B) broadcast (loaded once)
IO   => HBM I/O total = 1073741824 B  (lx 8388608 B, ~free)
MODEL -- estimate (turnaround): T = (R+W)/BW_PEAK + a*min(R,W) --
MODEL   R=536870912 B (read)   W=402653184 B (write)   loop_trip L=1
MODEL   base = (R+W)/150 = 6263.49 us
MODEL   turn = a*min(R,W) = 0.00574*402653184 = 2311.23 us
MODEL   => T_model = 9860.93 us
MODEL FEATS [{"name":"amax","is_reduction":true,"out_elems":1048576,"cores":32,"dtype_bytes":2,"args":[{"name":"op0","role":"output","mem":"lx","elems":1048576,"broadcast":false,"dims":[1,1,16384,64],"logical":[16384,1],"loop_factor":1},{"name":"arg0_1","role":"input","mem":"hbm","elems":67108864,"broadcast":false,"dims":[64,16384,64],"logical":[16384,4096],"loop_factor":1}],"reduction_cores":1,"loop_trip":1,"tiles_output_dim":false,"tile_rows_per_core":0.0,"is_matmul":false,"matmul_macs":0,"matmul_rows_per_core":0.0,"matmul_cols_per_core":0.0,"matmul_a_bytes":0,"matmul_b_bytes":0,"hbm_pattern":""},{"name":"sub","is_reduction":false,"out_elems":67108864,"cores":32,"dtype_bytes":2,"args":[{"name":"op1","role":"output","mem":"hbm","elems":67108864,"broadcast":false,"dims":[64,16384,64],"logical":[16384,4096],"loop_factor":1},{"name":"arg0_1","role":"input","mem":"hbm","elems":67108864,"broadcast":false,"dims":[64,16384,64],"logical":[16384,4096],"loop_factor":1},{"name":"buf0","role":"input","mem":"lx","elems":1048576,"broadcast":true,"dims":[1,1,16384,64],"logical":[16384,1],"loop_factor":1}],"reduction_cores":1,"loop_trip":1,"tiles_output_dim":false,"tile_rows_per_core":0.0,"is_matmul":false,"matmul_macs":0,"matmul_rows_per_core":0.0,"matmul_cols_per_core":0.0,"matmul_a_bytes":0,"matmul_b_bytes":0,"hbm_pattern":""},{"name":"exp","is_reduction":false,"out_elems":67108864,"cores":32,"dtype_bytes":2,"args":[{"name":"op2","role":"output","mem":"hbm","elems":67108864,"broadcast":false,"dims":[64,16384,64],"logical":[16384,4096],"loop_factor":1},{"name":"buf1","role":"input","mem":"hbm","elems":67108864,"broadcast":false,"dims":[64,16384,64],"logical":[16384,4096],"loop_factor":1}],"reduction_cores":1,"loop_trip":1,"tiles_output_dim":false,"tile_rows_per_core":0.0,"is_matmul":false,"matmul_macs":0,"matmul_rows_per_core":0.0,"matmul_cols_per_core":0.0,"matmul_a_bytes":0,"matmul_b_bytes":0,"hbm_pattern":""},{"name":"sum_1","is_reduction":true,"out_elems":1048576,"cores":32,"dtype_bytes":2,"args":[{"name":"op3","role":"output","mem":"lx","elems":1048576,"broadcast":false,"dims":[1,1,16384,64],"logical":[16384,1],"loop_factor":1},{"name":"buf2","role":"input","mem":"hbm","elems":67108864,"broadcast":false,"dims":[64,16384,64],"logical":[16384,4096],"loop_factor":1}],"reduction_cores":1,"loop_trip":1,"tiles_output_dim":false,"tile_rows_per_core":0.0,"is_matmul":false,"matmul_macs":0,"matmul_rows_per_core":0.0,"matmul_cols_per_core":0.0,"matmul_a_bytes":0,"matmul_b_bytes":0,"hbm_pattern":""},{"name":"div","is_reduction":false,"out_elems":67108864,"cores":32,"dtype_bytes":2,"args":[{"name":"op4","role":"output","mem":"hbm","elems":67108864,"broadcast":false,"dims":[64,16384,64],"logical":[16384,4096],"loop_factor":1},{"name":"buf2","role":"input","mem":"hbm","elems":67108864,"broadcast":false,"dims":[64,16384,64],"logical":[16384,4096],"loop_factor":1},{"name":"buf3","role":"input","mem":"lx","elems":1048576,"broadcast":true,"dims":[1,1,16384,64],"logical":[16384,1],"loop_factor":1}],"reduction_cores":1,"loop_trip":1,"tiles_output_dim":false,"tile_rows_per_core":0.0,"is_matmul":false,"matmul_macs":0,"matmul_rows_per_core":0.0,"matmul_cols_per_core":0.0,"matmul_a_bytes":0,"matmul_b_bytes":0,"hbm_pattern":""}]
SUMMARY op=softmax_row_tiling rows=16384 cols=4096 cores=32 tiles=1 lx=1 io_hbm_bytes=1073741824 kernel_us=9926.551 pred_us=9860.932 err_pct=-0.7 bw_gbps=108.2 memset_us=2435.595 other_dev_us=16070.307 total_dev_us=28432.453
-- softmax_row_tiling [16384,4096] tiles=2
  op_it_space_splits={d0: 32, d1: 1}
  op_it_space_splits={d0: 32, d1: 1}
  op_it_space_splits={d0: 32, d1: 1}
  op_it_space_splits={d0: 32, d1: 1}
  op_it_space_splits={d0: 32, d1: 1}
  op_it_space_splits={d0: 32, d1: 1}
  op_it_space_splits={d0: 32, d1: 1}
  op_it_space_splits={d0: 32, d1: 1}
  op_it_space_splits={d0: 32, d1: 1}
  op_it_space_splits={d0: 32, d1: 1}
  op_it_space_splits={d0: 32, d1: 1}
  op_it_space_splits={d0: 32, d1: 1}
  op_it_space_splits={d0: 32, d1: 1}
  op_it_space_splits={d0: 32, d1: 1}
  op_it_space_splits={d0: 32, d1: 1}
  op_it_space_splits={d0: 32, d1: 1}
  op_it_space_splits={d0: 32, d1: 1}
  op_it_space_splits={d0: 32, d1: 1}
  op_it_space_splits={d0: 32, d1: 1}
  op_it_space_splits={d0: 32, d1: 1}
  op_it_space_splits={d0: 32, d1: 1}
  op_it_space_splits={d0: 32, d1: 1}
  op_it_space_splits={d0: 32, d1: 1}
  op_it_space_splits={d0: 32, d1: 1}
  op_it_space_splits={d0: 32, d1: 1}
  op_it_space_splits={d0: 32, d1: 1}
  op_it_space_splits={d0: 32, d1: 1}
  op_it_space_splits={d0: 32, d1: 1}
  op_it_space_splits={d0: 32, d1: 1}
  op_it_space_splits={d0: 32, d1: 1}
IO -- device-layout I/O (cost model, stick-padded) --
IO   op amax [reduction]
IO     output op0                    torch [8192, 1] -> device [1, 8192, 64] in LX = 524288 elems x 2B = 1048576 B  (hbm counted: 0 B)
IO     input  arg0_1                 torch [16384, 4096] -> device [64, 16384, 64] in HBM = 67108864 elems x 2B = 134217728 B  (hbm counted: 134217728 B)
IO   op sub
IO     output op1                    torch [8192, 4096] -> device [64, 8192, 64] in HBM = 33554432 elems x 2B = 67108864 B  (hbm counted: 67108864 B)
IO     input  arg0_1                 torch [16384, 4096] -> device [64, 16384, 64] in HBM = 67108864 elems x 2B = 134217728 B  (hbm counted: 134217728 B)
IO     input  buf0                   torch [8192, 1] -> device [1, 8192, 64] in LX = 524288 elems x 2B = 1048576 B  (hbm counted: 0 B) broadcast (loaded once)
IO   op exp
IO     output op2                    torch [8192, 4096] -> device [64, 8192, 64] in HBM = 33554432 elems x 2B = 67108864 B  (hbm counted: 67108864 B)
IO     input  buf1                   torch [8192, 4096] -> device [64, 8192, 64] in HBM = 33554432 elems x 2B = 67108864 B  (hbm counted: 67108864 B)
IO   op sum_1 [reduction]
IO     output op3                    torch [8192, 1] -> device [1, 8192, 64] in LX = 524288 elems x 2B = 1048576 B  (hbm counted: 0 B)
IO     input  buf2                   torch [8192, 4096] -> device [64, 8192, 64] in HBM = 33554432 elems x 2B = 67108864 B  (hbm counted: 67108864 B)
IO   op div
IO     output op4                    torch [16384, 4096] -> device [16384, 4096] in HBM = 67108864 elems x 2B = 134217728 B  (hbm counted: 134217728 B)
IO     input  buf2                   torch [8192, 4096] -> device [64, 8192, 64] in HBM = 33554432 elems x 2B = 67108864 B  (hbm counted: 67108864 B)
IO     input  buf3                   torch [8192, 1] -> device [1, 8192, 64] in LX = 524288 elems x 2B = 1048576 B  (hbm counted: 0 B) broadcast (loaded once)
IO   => HBM I/O total = 738197504 B  (lx 4194304 B, ~free)
MODEL -- estimate (turnaround): T = [(R+W)/BW_PEAK + a*min(R,W)] / eff_underfill --
MODEL   R=335544320 B (read)   W=268435456 B (write)   loop_trip L=2
MODEL   base = (R+W)/150 = 4026.53 us
MODEL   turn = a*min(R,W) = 0.00574*268435456 = 1540.82 us
MODEL   eff_underfill = min(0.95,(256.0/13)**0.68) = 0.950 -> (base+turn)/eff = 5860.37 us
MODEL   => T_model = 5860.37 us
MODEL FEATS [{"name":"amax","is_reduction":true,"out_elems":524288,"cores":32,"dtype_bytes":2,"args":[{"name":"op0","role":"output","mem":"lx","elems":524288,"broadcast":false,"dims":[1,8192,64],"logical":[8192,1],"loop_factor":1},{"name":"arg0_1","role":"input","mem":"hbm","elems":67108864,"broadcast":false,"dims":[64,16384,64],"logical":[16384,4096],"loop_factor":1}],"reduction_cores":1,"loop_trip":2,"tiles_output_dim":true,"tile_rows_per_core":256.0,"is_matmul":false,"matmul_macs":0,"matmul_rows_per_core":0.0,"matmul_cols_per_core":0.0,"matmul_a_bytes":0,"matmul_b_bytes":0,"hbm_pattern":""},{"name":"sub","is_reduction":false,"out_elems":33554432,"cores":32,"dtype_bytes":2,"args":[{"name":"op1","role":"output","mem":"hbm","elems":33554432,"broadcast":false,"dims":[64,8192,64],"logical":[8192,4096],"loop_factor":1},{"name":"arg0_1","role":"input","mem":"hbm","elems":67108864,"broadcast":false,"dims":[64,16384,64],"logical":[16384,4096],"loop_factor":1},{"name":"buf0","role":"input","mem":"lx","elems":524288,"broadcast":true,"dims":[1,8192,64],"logical":[8192,1],"loop_factor":1}],"reduction_cores":1,"loop_trip":2,"tiles_output_dim":true,"tile_rows_per_core":128.0,"is_matmul":false,"matmul_macs":0,"matmul_rows_per_core":0.0,"matmul_cols_per_core":0.0,"matmul_a_bytes":0,"matmul_b_bytes":0,"hbm_pattern":""},{"name":"exp","is_reduction":false,"out_elems":33554432,"cores":32,"dtype_bytes":2,"args":[{"name":"op2","role":"output","mem":"hbm","elems":33554432,"broadcast":false,"dims":[64,8192,64],"logical":[8192,4096],"loop_factor":1},{"name":"buf1","role":"input","mem":"hbm","elems":33554432,"broadcast":false,"dims":[64,8192,64],"logical":[8192,4096],"loop_factor":1}],"reduction_cores":1,"loop_trip":2,"tiles_output_dim":true,"tile_rows_per_core":128.0,"is_matmul":false,"matmul_macs":0,"matmul_rows_per_core":0.0,"matmul_cols_per_core":0.0,"matmul_a_bytes":0,"matmul_b_bytes":0,"hbm_pattern":""},{"name":"sum_1","is_reduction":true,"out_elems":524288,"cores":32,"dtype_bytes":2,"args":[{"name":"op3","role":"output","mem":"lx","elems":524288,"broadcast":false,"dims":[1,8192,64],"logical":[8192,1],"loop_factor":1},{"name":"buf2","role":"input","mem":"hbm","elems":33554432,"broadcast":false,"dims":[64,8192,64],"logical":[8192,4096],"loop_factor":1}],"reduction_cores":1,"loop_trip":2,"tiles_output_dim":true,"tile_rows_per_core":256.0,"is_matmul":false,"matmul_macs":0,"matmul_rows_per_core":0.0,"matmul_cols_per_core":0.0,"matmul_a_bytes":0,"matmul_b_bytes":0,"hbm_pattern":""},{"name":"div","is_reduction":false,"out_elems":67108864,"cores":32,"dtype_bytes":2,"args":[{"name":"op4","role":"output","mem":"hbm","elems":67108864,"broadcast":false,"dims":[16384,4096],"logical":[16384,4096],"loop_factor":1},{"name":"buf2","role":"input","mem":"hbm","elems":33554432,"broadcast":false,"dims":[64,8192,64],"logical":[8192,4096],"loop_factor":1},{"name":"buf3","role":"input","mem":"lx","elems":524288,"broadcast":true,"dims":[1,8192,64],"logical":[8192,1],"loop_factor":1}],"reduction_cores":1,"loop_trip":2,"tiles_output_dim":true,"tile_rows_per_core":256,"is_matmul":false,"matmul_macs":0,"matmul_rows_per_core":0.0,"matmul_cols_per_core":0.0,"matmul_a_bytes":0,"matmul_b_bytes":0,"hbm_pattern":""}]
SUMMARY op=softmax_row_tiling rows=16384 cols=4096 cores=32 tiles=2 lx=1 io_hbm_bytes=738197504 kernel_us=9726.688 pred_us=5860.370 err_pct=-39.7 bw_gbps=75.9 memset_us=2522.732 other_dev_us=15789.458 total_dev_us=28038.878
-- softmax_row_tiling [16384,4096] tiles=4
  op_it_space_splits={d0: 32, d1: 1}
  op_it_space_splits={d0: 32, d1: 1}
  op_it_space_splits={d0: 32, d1: 1}
  op_it_space_splits={d0: 32, d1: 1}
  op_it_space_splits={d0: 32, d1: 1}
  op_it_space_splits={d0: 32, d1: 1}
  op_it_space_splits={d0: 32, d1: 1}
  op_it_space_splits={d0: 32, d1: 1}
  op_it_space_splits={d0: 32, d1: 1}
  op_it_space_splits={d0: 32, d1: 1}
  op_it_space_splits={d0: 32, d1: 1}
  op_it_space_splits={d0: 32, d1: 1}
  op_it_space_splits={d0: 32, d1: 1}
  op_it_space_splits={d0: 32, d1: 1}
  op_it_space_splits={d0: 32, d1: 1}
  op_it_space_splits={d0: 32, d1: 1}
  op_it_space_splits={d0: 32, d1: 1}
  op_it_space_splits={d0: 32, d1: 1}
  op_it_space_splits={d0: 32, d1: 1}
  op_it_space_splits={d0: 32, d1: 1}
  op_it_space_splits={d0: 32, d1: 1}
  op_it_space_splits={d0: 32, d1: 1}
  op_it_space_splits={d0: 32, d1: 1}
  op_it_space_splits={d0: 32, d1: 1}
  op_it_space_splits={d0: 32, d1: 1}
  op_it_space_splits={d0: 32, d1: 1}
  op_it_space_splits={d0: 32, d1: 1}
  op_it_space_splits={d0: 32, d1: 1}
  op_it_space_splits={d0: 32, d1: 1}
  op_it_space_splits={d0: 32, d1: 1}
IO -- device-layout I/O (cost model, stick-padded) --
IO   op amax [reduction]
IO     output op0                    torch [4096, 1] -> device [1, 4096, 64] in LX = 262144 elems x 2B = 524288 B  (hbm counted: 0 B)
IO     input  arg0_1                 torch [16384, 4096] -> device [64, 16384, 64] in HBM = 67108864 elems x 2B = 134217728 B  (hbm counted: 134217728 B)
IO   op sub
IO     output op1                    torch [4096, 4096] -> device [64, 4096, 64] in LX = 16777216 elems x 2B = 33554432 B  (hbm counted: 0 B)
IO     input  arg0_1                 torch [16384, 4096] -> device [64, 16384, 64] in HBM = 67108864 elems x 2B = 134217728 B  (hbm counted: 134217728 B)
IO     input  buf0                   torch [4096, 1] -> device [1, 4096, 64] in LX = 262144 elems x 2B = 524288 B  (hbm counted: 0 B) broadcast (loaded once)
IO   op exp
IO     output op2                    torch [4096, 4096] -> device [64, 4096, 64] in LX = 16777216 elems x 2B = 33554432 B  (hbm counted: 0 B)
IO     input  buf1                   torch [4096, 4096] -> device [64, 4096, 64] in LX = 16777216 elems x 2B = 33554432 B  (hbm counted: 0 B)
IO   op sum_1 [reduction]
IO     output op3                    torch [4096, 1] -> device [1, 4096, 64] in LX = 262144 elems x 2B = 524288 B  (hbm counted: 0 B)
IO     input  buf2                   torch [4096, 4096] -> device [64, 4096, 64] in LX = 16777216 elems x 2B = 33554432 B  (hbm counted: 0 B)
IO   op div
IO     output op4                    torch [16384, 4096] -> device [16384, 4096] in HBM = 67108864 elems x 2B = 134217728 B  (hbm counted: 134217728 B)
IO     input  buf2                   torch [4096, 4096] -> device [64, 4096, 64] in LX = 16777216 elems x 2B = 33554432 B  (hbm counted: 0 B)
IO     input  buf3                   torch [4096, 1] -> device [1, 4096, 64] in LX = 262144 elems x 2B = 524288 B  (hbm counted: 0 B) broadcast (loaded once)
IO   => HBM I/O total = 402653184 B  (lx 169869312 B, ~free)
MODEL -- estimate (turnaround): T = [(R+W)/BW_PEAK + a*min(R,W)] / eff_underfill --
MODEL   R=134217728 B (read)   W=134217728 B (write)   loop_trip L=4
MODEL   base = (R+W)/150 = 1789.57 us
MODEL   turn = a*min(R,W) = 0.00574*134217728 = 770.41 us
MODEL   eff_underfill = min(0.95,(128.0/13)**0.68) = 0.950 -> (base+turn)/eff = 2694.72 us
MODEL   => T_model = 2694.72 us
MODEL FEATS [{"name":"amax","is_reduction":true,"out_elems":262144,"cores":32,"dtype_bytes":2,"args":[{"name":"op0","role":"output","mem":"lx","elems":262144,"broadcast":false,"dims":[1,4096,64],"logical":[4096,1],"loop_factor":1},{"name":"arg0_1","role":"input","mem":"hbm","elems":67108864,"broadcast":false,"dims":[64,16384,64],"logical":[16384,4096],"loop_factor":1}],"reduction_cores":1,"loop_trip":4,"tiles_output_dim":true,"tile_rows_per_core":128.0,"is_matmul":false,"matmul_macs":0,"matmul_rows_per_core":0.0,"matmul_cols_per_core":0.0,"matmul_a_bytes":0,"matmul_b_bytes":0,"hbm_pattern":""},{"name":"sub","is_reduction":false,"out_elems":16777216,"cores":32,"dtype_bytes":2,"args":[{"name":"op1","role":"output","mem":"lx","elems":16777216,"broadcast":false,"dims":[64,4096,64],"logical":[4096,4096],"loop_factor":1},{"name":"arg0_1","role":"input","mem":"hbm","elems":67108864,"broadcast":false,"dims":[64,16384,64],"logical":[16384,4096],"loop_factor":1},{"name":"buf0","role":"input","mem":"lx","elems":262144,"broadcast":true,"dims":[1,4096,64],"logical":[4096,1],"loop_factor":1}],"reduction_cores":1,"loop_trip":4,"tiles_output_dim":true,"tile_rows_per_core":128.0,"is_matmul":false,"matmul_macs":0,"matmul_rows_per_core":0.0,"matmul_cols_per_core":0.0,"matmul_a_bytes":0,"matmul_b_bytes":0,"hbm_pattern":""},{"name":"exp","is_reduction":false,"out_elems":16777216,"cores":32,"dtype_bytes":2,"args":[{"name":"op2","role":"output","mem":"lx","elems":16777216,"broadcast":false,"dims":[64,4096,64],"logical":[4096,4096],"loop_factor":1},{"name":"buf1","role":"input","mem":"lx","elems":16777216,"broadcast":false,"dims":[64,4096,64],"logical":[4096,4096],"loop_factor":1}],"reduction_cores":1,"loop_trip":4,"tiles_output_dim":true,"tile_rows_per_core":128.0,"is_matmul":false,"matmul_macs":0,"matmul_rows_per_core":0.0,"matmul_cols_per_core":0.0,"matmul_a_bytes":0,"matmul_b_bytes":0,"hbm_pattern":""},{"name":"sum_1","is_reduction":true,"out_elems":262144,"cores":32,"dtype_bytes":2,"args":[{"name":"op3","role":"output","mem":"lx","elems":262144,"broadcast":false,"dims":[1,4096,64],"logical":[4096,1],"loop_factor":1},{"name":"buf2","role":"input","mem":"lx","elems":16777216,"broadcast":false,"dims":[64,4096,64],"logical":[4096,4096],"loop_factor":1}],"reduction_cores":1,"loop_trip":4,"tiles_output_dim":true,"tile_rows_per_core":128.0,"is_matmul":false,"matmul_macs":0,"matmul_rows_per_core":0.0,"matmul_cols_per_core":0.0,"matmul_a_bytes":0,"matmul_b_bytes":0,"hbm_pattern":""},{"name":"div","is_reduction":false,"out_elems":67108864,"cores":32,"dtype_bytes":2,"args":[{"name":"op4","role":"output","mem":"hbm","elems":67108864,"broadcast":false,"dims":[16384,4096],"logical":[16384,4096],"loop_factor":1},{"name":"buf2","role":"input","mem":"lx","elems":16777216,"broadcast":false,"dims":[64,4096,64],"logical":[4096,4096],"loop_factor":1},{"name":"buf3","role":"input","mem":"lx","elems":262144,"broadcast":true,"dims":[1,4096,64],"logical":[4096,1],"loop_factor":1}],"reduction_cores":1,"loop_trip":4,"tiles_output_dim":true,"tile_rows_per_core":128,"is_matmul":false,"matmul_macs":0,"matmul_rows_per_core":0.0,"matmul_cols_per_core":0.0,"matmul_a_bytes":0,"matmul_b_bytes":0,"hbm_pattern":""}]
SUMMARY op=softmax_row_tiling rows=16384 cols=4096 cores=32 tiles=4 lx=1 io_hbm_bytes=402653184 kernel_us=3152.624 pred_us=2694.715 err_pct=-14.5 bw_gbps=127.7 memset_us=2342.631 other_dev_us=16028.723 total_dev_us=21523.978
-- softmax_row_tiling [16384,4096] tiles=8
  op_it_space_splits={d0: 32, d1: 1}
  op_it_space_splits={d0: 32, d1: 1}
  op_it_space_splits={d0: 32, d1: 1}
  op_it_space_splits={d0: 32, d1: 1}
  op_it_space_splits={d0: 32, d1: 1}
  op_it_space_splits={d0: 32, d1: 1}
  op_it_space_splits={d0: 32, d1: 1}
  op_it_space_splits={d0: 32, d1: 1}
  op_it_space_splits={d0: 32, d1: 1}
  op_it_space_splits={d0: 32, d1: 1}
  op_it_space_splits={d0: 32, d1: 1}
  op_it_space_splits={d0: 32, d1: 1}
  op_it_space_splits={d0: 32, d1: 1}
  op_it_space_splits={d0: 32, d1: 1}
  op_it_space_splits={d0: 32, d1: 1}
  op_it_space_splits={d0: 32, d1: 1}
  op_it_space_splits={d0: 32, d1: 1}
  op_it_space_splits={d0: 32, d1: 1}
  op_it_space_splits={d0: 32, d1: 1}
  op_it_space_splits={d0: 32, d1: 1}
  op_it_space_splits={d0: 32, d1: 1}
  op_it_space_splits={d0: 32, d1: 1}
  op_it_space_splits={d0: 32, d1: 1}
  op_it_space_splits={d0: 32, d1: 1}
  op_it_space_splits={d0: 32, d1: 1}
  op_it_space_splits={d0: 32, d1: 1}
  op_it_space_splits={d0: 32, d1: 1}
  op_it_space_splits={d0: 32, d1: 1}
  op_it_space_splits={d0: 32, d1: 1}
  op_it_space_splits={d0: 32, d1: 1}
IO -- device-layout I/O (cost model, stick-padded) --
IO   op amax [reduction]
IO     output op0                    torch [2048, 1] -> device [1, 2048, 64] in LX = 131072 elems x 2B = 262144 B  (hbm counted: 0 B)
IO     input  arg0_1                 torch [16384, 4096] -> device [64, 16384, 64] in HBM = 67108864 elems x 2B = 134217728 B  (hbm counted: 134217728 B)
IO   op sub
IO     output op1                    torch [2048, 4096] -> device [64, 2048, 64] in LX = 8388608 elems x 2B = 16777216 B  (hbm counted: 0 B)
IO     input  arg0_1                 torch [16384, 4096] -> device [64, 16384, 64] in HBM = 67108864 elems x 2B = 134217728 B  (hbm counted: 134217728 B)
IO     input  buf0                   torch [2048, 1] -> device [1, 2048, 64] in LX = 131072 elems x 2B = 262144 B  (hbm counted: 0 B) broadcast (loaded once)
IO   op exp
IO     output op2                    torch [2048, 4096] -> device [64, 2048, 64] in LX = 8388608 elems x 2B = 16777216 B  (hbm counted: 0 B)
IO     input  buf1                   torch [2048, 4096] -> device [64, 2048, 64] in LX = 8388608 elems x 2B = 16777216 B  (hbm counted: 0 B)
IO   op sum_1 [reduction]
IO     output op3                    torch [2048, 1] -> device [1, 2048, 64] in LX = 131072 elems x 2B = 262144 B  (hbm counted: 0 B)
IO     input  buf2                   torch [2048, 4096] -> device [64, 2048, 64] in LX = 8388608 elems x 2B = 16777216 B  (hbm counted: 0 B)
IO   op div
IO     output op4                    torch [16384, 4096] -> device [16384, 4096] in HBM = 67108864 elems x 2B = 134217728 B  (hbm counted: 134217728 B)
IO     input  buf2                   torch [2048, 4096] -> device [64, 2048, 64] in LX = 8388608 elems x 2B = 16777216 B  (hbm counted: 0 B)
IO     input  buf3                   torch [2048, 1] -> device [1, 2048, 64] in LX = 131072 elems x 2B = 262144 B  (hbm counted: 0 B) broadcast (loaded once)
IO   => HBM I/O total = 402653184 B  (lx 84934656 B, ~free)
MODEL -- estimate (turnaround): T = [(R+W)/BW_PEAK + a*min(R,W)] / eff_underfill --
MODEL   R=134217728 B (read)   W=134217728 B (write)   loop_trip L=8
MODEL   base = (R+W)/150 = 1789.57 us
MODEL   turn = a*min(R,W) = 0.00574*134217728 = 770.41 us
MODEL   eff_underfill = min(0.95,(64.0/13)**0.68) = 0.950 -> (base+turn)/eff = 2694.72 us
MODEL   => T_model = 2694.72 us
MODEL FEATS [{"name":"amax","is_reduction":true,"out_elems":131072,"cores":32,"dtype_bytes":2,"args":[{"name":"op0","role":"output","mem":"lx","elems":131072,"broadcast":false,"dims":[1,2048,64],"logical":[2048,1],"loop_factor":1},{"name":"arg0_1","role":"input","mem":"hbm","elems":67108864,"broadcast":false,"dims":[64,16384,64],"logical":[16384,4096],"loop_factor":1}],"reduction_cores":1,"loop_trip":8,"tiles_output_dim":true,"tile_rows_per_core":64.0,"is_matmul":false,"matmul_macs":0,"matmul_rows_per_core":0.0,"matmul_cols_per_core":0.0,"matmul_a_bytes":0,"matmul_b_bytes":0,"hbm_pattern":""},{"name":"sub","is_reduction":false,"out_elems":8388608,"cores":32,"dtype_bytes":2,"args":[{"name":"op1","role":"output","mem":"lx","elems":8388608,"broadcast":false,"dims":[64,2048,64],"logical":[2048,4096],"loop_factor":1},{"name":"arg0_1","role":"input","mem":"hbm","elems":67108864,"broadcast":false,"dims":[64,16384,64],"logical":[16384,4096],"loop_factor":1},{"name":"buf0","role":"input","mem":"lx","elems":131072,"broadcast":true,"dims":[1,2048,64],"logical":[2048,1],"loop_factor":1}],"reduction_cores":1,"loop_trip":8,"tiles_output_dim":true,"tile_rows_per_core":64.0,"is_matmul":false,"matmul_macs":0,"matmul_rows_per_core":0.0,"matmul_cols_per_core":0.0,"matmul_a_bytes":0,"matmul_b_bytes":0,"hbm_pattern":""},{"name":"exp","is_reduction":false,"out_elems":8388608,"cores":32,"dtype_bytes":2,"args":[{"name":"op2","role":"output","mem":"lx","elems":8388608,"broadcast":false,"dims":[64,2048,64],"logical":[2048,4096],"loop_factor":1},{"name":"buf1","role":"input","mem":"lx","elems":8388608,"broadcast":false,"dims":[64,2048,64],"logical":[2048,4096],"loop_factor":1}],"reduction_cores":1,"loop_trip":8,"tiles_output_dim":true,"tile_rows_per_core":64.0,"is_matmul":false,"matmul_macs":0,"matmul_rows_per_core":0.0,"matmul_cols_per_core":0.0,"matmul_a_bytes":0,"matmul_b_bytes":0,"hbm_pattern":""},{"name":"sum_1","is_reduction":true,"out_elems":131072,"cores":32,"dtype_bytes":2,"args":[{"name":"op3","role":"output","mem":"lx","elems":131072,"broadcast":false,"dims":[1,2048,64],"logical":[2048,1],"loop_factor":1},{"name":"buf2","role":"input","mem":"lx","elems":8388608,"broadcast":false,"dims":[64,2048,64],"logical":[2048,4096],"loop_factor":1}],"reduction_cores":1,"loop_trip":8,"tiles_output_dim":true,"tile_rows_per_core":64.0,"is_matmul":false,"matmul_macs":0,"matmul_rows_per_core":0.0,"matmul_cols_per_core":0.0,"matmul_a_bytes":0,"matmul_b_bytes":0,"hbm_pattern":""},{"name":"div","is_reduction":false,"out_elems":67108864,"cores":32,"dtype_bytes":2,"args":[{"name":"op4","role":"output","mem":"hbm","elems":67108864,"broadcast":false,"dims":[16384,4096],"logical":[16384,4096],"loop_factor":1},{"name":"buf2","role":"input","mem":"lx","elems":8388608,"broadcast":false,"dims":[64,2048,64],"logical":[2048,4096],"loop_factor":1},{"name":"buf3","role":"input","mem":"lx","elems":131072,"broadcast":true,"dims":[1,2048,64],"logical":[2048,1],"loop_factor":1}],"reduction_cores":1,"loop_trip":8,"tiles_output_dim":true,"tile_rows_per_core":64,"is_matmul":false,"matmul_macs":0,"matmul_rows_per_core":0.0,"matmul_cols_per_core":0.0,"matmul_a_bytes":0,"matmul_b_bytes":0,"hbm_pattern":""}]
SUMMARY op=softmax_row_tiling rows=16384 cols=4096 cores=32 tiles=8 lx=1 io_hbm_bytes=402653184 kernel_us=2881.832 pred_us=2694.715 err_pct=-6.5 bw_gbps=139.7 memset_us=2565.039 other_dev_us=13389.769 total_dev_us=18836.640
-- softmax_row_tiling [16384,4096] tiles=16
  op_it_space_splits={d0: 32, d1: 1}
  op_it_space_splits={d0: 32, d1: 1}
  op_it_space_splits={d0: 32, d1: 1}
  op_it_space_splits={d0: 32, d1: 1}
  op_it_space_splits={d0: 32, d1: 1}
  op_it_space_splits={d0: 32, d1: 1}
  op_it_space_splits={d0: 32, d1: 1}
  op_it_space_splits={d0: 32, d1: 1}
  op_it_space_splits={d0: 32, d1: 1}
  op_it_space_splits={d0: 32, d1: 1}
  op_it_space_splits={d0: 32, d1: 1}
  op_it_space_splits={d0: 32, d1: 1}
  op_it_space_splits={d0: 32, d1: 1}
  op_it_space_splits={d0: 32, d1: 1}
  op_it_space_splits={d0: 32, d1: 1}
  op_it_space_splits={d0: 32, d1: 1}
  op_it_space_splits={d0: 32, d1: 1}
  op_it_space_splits={d0: 32, d1: 1}
  op_it_space_splits={d0: 32, d1: 1}
  op_it_space_splits={d0: 32, d1: 1}
  op_it_space_splits={d0: 32, d1: 1}
  op_it_space_splits={d0: 32, d1: 1}
  op_it_space_splits={d0: 32, d1: 1}
  op_it_space_splits={d0: 32, d1: 1}
  op_it_space_splits={d0: 32, d1: 1}
  op_it_space_splits={d0: 32, d1: 1}
  op_it_space_splits={d0: 32, d1: 1}
  op_it_space_splits={d0: 32, d1: 1}
  op_it_space_splits={d0: 32, d1: 1}
  op_it_space_splits={d0: 32, d1: 1}
IO -- device-layout I/O (cost model, stick-padded) --
IO   op amax [reduction]
IO     output op0                    torch [1024, 1] -> device [1, 1024, 64] in LX = 65536 elems x 2B = 131072 B  (hbm counted: 0 B)
IO     input  arg0_1                 torch [16384, 4096] -> device [64, 16384, 64] in HBM = 67108864 elems x 2B = 134217728 B  (hbm counted: 134217728 B)
IO   op sub
IO     output op1                    torch [1024, 4096] -> device [64, 1024, 64] in LX = 4194304 elems x 2B = 8388608 B  (hbm counted: 0 B)
IO     input  arg0_1                 torch [16384, 4096] -> device [64, 16384, 64] in HBM = 67108864 elems x 2B = 134217728 B  (hbm counted: 134217728 B)
IO     input  buf0                   torch [1024, 1] -> device [1, 1024, 64] in LX = 65536 elems x 2B = 131072 B  (hbm counted: 0 B) broadcast (loaded once)
IO   op exp
IO     output op2                    torch [1024, 4096] -> device [64, 1024, 64] in LX = 4194304 elems x 2B = 8388608 B  (hbm counted: 0 B)
IO     input  buf1                   torch [1024, 4096] -> device [64, 1024, 64] in LX = 4194304 elems x 2B = 8388608 B  (hbm counted: 0 B)
IO   op sum_1 [reduction]
IO     output op3                    torch [1024, 1] -> device [1, 1024, 64] in LX = 65536 elems x 2B = 131072 B  (hbm counted: 0 B)
IO     input  buf2                   torch [1024, 4096] -> device [64, 1024, 64] in LX = 4194304 elems x 2B = 8388608 B  (hbm counted: 0 B)
IO   op div
IO     output op4                    torch [16384, 4096] -> device [16384, 4096] in HBM = 67108864 elems x 2B = 134217728 B  (hbm counted: 134217728 B)
IO     input  buf2                   torch [1024, 4096] -> device [64, 1024, 64] in LX = 4194304 elems x 2B = 8388608 B  (hbm counted: 0 B)
IO     input  buf3                   torch [1024, 1] -> device [1, 1024, 64] in LX = 65536 elems x 2B = 131072 B  (hbm counted: 0 B) broadcast (loaded once)
IO   => HBM I/O total = 402653184 B  (lx 42467328 B, ~free)
MODEL -- estimate (turnaround): T = [(R+W)/BW_PEAK + a*min(R,W)] / eff_underfill --
MODEL   R=134217728 B (read)   W=134217728 B (write)   loop_trip L=16
MODEL   base = (R+W)/150 = 1789.57 us
MODEL   turn = a*min(R,W) = 0.00574*134217728 = 770.41 us
MODEL   eff_underfill = min(0.95,(32.0/13)**0.68) = 0.950 -> (base+turn)/eff = 2694.72 us
MODEL   => T_model = 2694.72 us
MODEL FEATS [{"name":"amax","is_reduction":true,"out_elems":65536,"cores":32,"dtype_bytes":2,"args":[{"name":"op0","role":"output","mem":"lx","elems":65536,"broadcast":false,"dims":[1,1024,64],"logical":[1024,1],"loop_factor":1},{"name":"arg0_1","role":"input","mem":"hbm","elems":67108864,"broadcast":false,"dims":[64,16384,64],"logical":[16384,4096],"loop_factor":1}],"reduction_cores":1,"loop_trip":16,"tiles_output_dim":true,"tile_rows_per_core":32.0,"is_matmul":false,"matmul_macs":0,"matmul_rows_per_core":0.0,"matmul_cols_per_core":0.0,"matmul_a_bytes":0,"matmul_b_bytes":0,"hbm_pattern":""},{"name":"sub","is_reduction":false,"out_elems":4194304,"cores":32,"dtype_bytes":2,"args":[{"name":"op1","role":"output","mem":"lx","elems":4194304,"broadcast":false,"dims":[64,1024,64],"logical":[1024,4096],"loop_factor":1},{"name":"arg0_1","role":"input","mem":"hbm","elems":67108864,"broadcast":false,"dims":[64,16384,64],"logical":[16384,4096],"loop_factor":1},{"name":"buf0","role":"input","mem":"lx","elems":65536,"broadcast":true,"dims":[1,1024,64],"logical":[1024,1],"loop_factor":1}],"reduction_cores":1,"loop_trip":16,"tiles_output_dim":true,"tile_rows_per_core":32.0,"is_matmul":false,"matmul_macs":0,"matmul_rows_per_core":0.0,"matmul_cols_per_core":0.0,"matmul_a_bytes":0,"matmul_b_bytes":0,"hbm_pattern":""},{"name":"exp","is_reduction":false,"out_elems":4194304,"cores":32,"dtype_bytes":2,"args":[{"name":"op2","role":"output","mem":"lx","elems":4194304,"broadcast":false,"dims":[64,1024,64],"logical":[1024,4096],"loop_factor":1},{"name":"buf1","role":"input","mem":"lx","elems":4194304,"broadcast":false,"dims":[64,1024,64],"logical":[1024,4096],"loop_factor":1}],"reduction_cores":1,"loop_trip":16,"tiles_output_dim":true,"tile_rows_per_core":32.0,"is_matmul":false,"matmul_macs":0,"matmul_rows_per_core":0.0,"matmul_cols_per_core":0.0,"matmul_a_bytes":0,"matmul_b_bytes":0,"hbm_pattern":""},{"name":"sum_1","is_reduction":true,"out_elems":65536,"cores":32,"dtype_bytes":2,"args":[{"name":"op3","role":"output","mem":"lx","elems":65536,"broadcast":false,"dims":[1,1024,64],"logical":[1024,1],"loop_factor":1},{"name":"buf2","role":"input","mem":"lx","elems":4194304,"broadcast":false,"dims":[64,1024,64],"logical":[1024,4096],"loop_factor":1}],"reduction_cores":1,"loop_trip":16,"tiles_output_dim":true,"tile_rows_per_core":32.0,"is_matmul":false,"matmul_macs":0,"matmul_rows_per_core":0.0,"matmul_cols_per_core":0.0,"matmul_a_bytes":0,"matmul_b_bytes":0,"hbm_pattern":""},{"name":"div","is_reduction":false,"out_elems":67108864,"cores":32,"dtype_bytes":2,"args":[{"name":"op4","role":"output","mem":"hbm","elems":67108864,"broadcast":false,"dims":[16384,4096],"logical":[16384,4096],"loop_factor":1},{"name":"buf2","role":"input","mem":"lx","elems":4194304,"broadcast":false,"dims":[64,1024,64],"logical":[1024,4096],"loop_factor":1},{"name":"buf3","role":"input","mem":"lx","elems":65536,"broadcast":true,"dims":[1,1024,64],"logical":[1024,1],"loop_factor":1}],"reduction_cores":1,"loop_trip":16,"tiles_output_dim":true,"tile_rows_per_core":32,"is_matmul":false,"matmul_macs":0,"matmul_rows_per_core":0.0,"matmul_cols_per_core":0.0,"matmul_a_bytes":0,"matmul_b_bytes":0,"hbm_pattern":""}]
SUMMARY op=softmax_row_tiling rows=16384 cols=4096 cores=32 tiles=16 lx=1 io_hbm_bytes=402653184 kernel_us=2654.556 pred_us=2694.715 err_pct=+1.5 bw_gbps=151.7 memset_us=2405.832 other_dev_us=17089.599 total_dev_us=22149.987
-- softmax_row_tiling [16384,4096] tiles=32
  op_it_space_splits={d0: 32, d1: 1}
  op_it_space_splits={d0: 32, d1: 1}
  op_it_space_splits={d0: 32, d1: 1}
  op_it_space_splits={d0: 32, d1: 1}
  op_it_space_splits={d0: 32, d1: 1}
  op_it_space_splits={d0: 32, d1: 1}
  op_it_space_splits={d0: 32, d1: 1}
  op_it_space_splits={d0: 32, d1: 1}
  op_it_space_splits={d0: 32, d1: 1}
  op_it_space_splits={d0: 32, d1: 1}
  op_it_space_splits={d0: 32, d1: 1}
  op_it_space_splits={d0: 32, d1: 1}
  op_it_space_splits={d0: 32, d1: 1}
  op_it_space_splits={d0: 32, d1: 1}
  op_it_space_splits={d0: 32, d1: 1}
  op_it_space_splits={d0: 32, d1: 1}
  op_it_space_splits={d0: 32, d1: 1}
  op_it_space_splits={d0: 32, d1: 1}
  op_it_space_splits={d0: 32, d1: 1}
  op_it_space_splits={d0: 32, d1: 1}
  op_it_space_splits={d0: 32, d1: 1}
  op_it_space_splits={d0: 32, d1: 1}
  op_it_space_splits={d0: 32, d1: 1}
  op_it_space_splits={d0: 32, d1: 1}
  op_it_space_splits={d0: 32, d1: 1}
  op_it_space_splits={d0: 32, d1: 1}
  op_it_space_splits={d0: 32, d1: 1}
  op_it_space_splits={d0: 32, d1: 1}
  op_it_space_splits={d0: 32, d1: 1}
  op_it_space_splits={d0: 32, d1: 1}
IO -- device-layout I/O (cost model, stick-padded) --
IO   op amax [reduction]
IO     output op0                    torch [512, 1] -> device [1, 512, 64] in LX = 32768 elems x 2B = 65536 B  (hbm counted: 0 B)
IO     input  arg0_1                 torch [16384, 4096] -> device [64, 16384, 64] in HBM = 67108864 elems x 2B = 134217728 B  (hbm counted: 134217728 B)
IO   op sub
IO     output op1                    torch [512, 4096] -> device [64, 512, 64] in LX = 2097152 elems x 2B = 4194304 B  (hbm counted: 0 B)
IO     input  arg0_1                 torch [16384, 4096] -> device [64, 16384, 64] in HBM = 67108864 elems x 2B = 134217728 B  (hbm counted: 134217728 B)
IO     input  buf0                   torch [512, 1] -> device [1, 512, 64] in LX = 32768 elems x 2B = 65536 B  (hbm counted: 0 B) broadcast (loaded once)
IO   op exp
IO     output op2                    torch [512, 4096] -> device [64, 512, 64] in LX = 2097152 elems x 2B = 4194304 B  (hbm counted: 0 B)
IO     input  buf1                   torch [512, 4096] -> device [64, 512, 64] in LX = 2097152 elems x 2B = 4194304 B  (hbm counted: 0 B)
IO   op sum_1 [reduction]
IO     output op3                    torch [512, 1] -> device [1, 512, 64] in LX = 32768 elems x 2B = 65536 B  (hbm counted: 0 B)
IO     input  buf2                   torch [512, 4096] -> device [64, 512, 64] in LX = 2097152 elems x 2B = 4194304 B  (hbm counted: 0 B)
IO   op div
IO     output op4                    torch [16384, 4096] -> device [16384, 4096] in HBM = 67108864 elems x 2B = 134217728 B  (hbm counted: 134217728 B)
IO     input  buf2                   torch [512, 4096] -> device [64, 512, 64] in LX = 2097152 elems x 2B = 4194304 B  (hbm counted: 0 B)
IO     input  buf3                   torch [512, 1] -> device [1, 512, 64] in LX = 32768 elems x 2B = 65536 B  (hbm counted: 0 B) broadcast (loaded once)
IO   => HBM I/O total = 402653184 B  (lx 21233664 B, ~free)
MODEL -- estimate (turnaround): T = [(R+W)/BW_PEAK + a*min(R,W)] / eff_underfill --
MODEL   R=134217728 B (read)   W=134217728 B (write)   loop_trip L=32
MODEL   base = (R+W)/150 = 1789.57 us
MODEL   turn = a*min(R,W) = 0.00574*134217728 = 770.41 us
MODEL   eff_underfill = min(0.95,(16.0/13)**0.68) = 0.950 -> (base+turn)/eff = 2694.72 us
MODEL   => T_model = 2694.72 us
MODEL FEATS [{"name":"amax","is_reduction":true,"out_elems":32768,"cores":32,"dtype_bytes":2,"args":[{"name":"op0","role":"output","mem":"lx","elems":32768,"broadcast":false,"dims":[1,512,64],"logical":[512,1],"loop_factor":1},{"name":"arg0_1","role":"input","mem":"hbm","elems":67108864,"broadcast":false,"dims":[64,16384,64],"logical":[16384,4096],"loop_factor":1}],"reduction_cores":1,"loop_trip":32,"tiles_output_dim":true,"tile_rows_per_core":16.0,"is_matmul":false,"matmul_macs":0,"matmul_rows_per_core":0.0,"matmul_cols_per_core":0.0,"matmul_a_bytes":0,"matmul_b_bytes":0,"hbm_pattern":""},{"name":"sub","is_reduction":false,"out_elems":2097152,"cores":32,"dtype_bytes":2,"args":[{"name":"op1","role":"output","mem":"lx","elems":2097152,"broadcast":false,"dims":[64,512,64],"logical":[512,4096],"loop_factor":1},{"name":"arg0_1","role":"input","mem":"hbm","elems":67108864,"broadcast":false,"dims":[64,16384,64],"logical":[16384,4096],"loop_factor":1},{"name":"buf0","role":"input","mem":"lx","elems":32768,"broadcast":true,"dims":[1,512,64],"logical":[512,1],"loop_factor":1}],"reduction_cores":1,"loop_trip":32,"tiles_output_dim":true,"tile_rows_per_core":16.0,"is_matmul":false,"matmul_macs":0,"matmul_rows_per_core":0.0,"matmul_cols_per_core":0.0,"matmul_a_bytes":0,"matmul_b_bytes":0,"hbm_pattern":""},{"name":"exp","is_reduction":false,"out_elems":2097152,"cores":32,"dtype_bytes":2,"args":[{"name":"op2","role":"output","mem":"lx","elems":2097152,"broadcast":false,"dims":[64,512,64],"logical":[512,4096],"loop_factor":1},{"name":"buf1","role":"input","mem":"lx","elems":2097152,"broadcast":false,"dims":[64,512,64],"logical":[512,4096],"loop_factor":1}],"reduction_cores":1,"loop_trip":32,"tiles_output_dim":true,"tile_rows_per_core":16.0,"is_matmul":false,"matmul_macs":0,"matmul_rows_per_core":0.0,"matmul_cols_per_core":0.0,"matmul_a_bytes":0,"matmul_b_bytes":0,"hbm_pattern":""},{"name":"sum_1","is_reduction":true,"out_elems":32768,"cores":32,"dtype_bytes":2,"args":[{"name":"op3","role":"output","mem":"lx","elems":32768,"broadcast":false,"dims":[1,512,64],"logical":[512,1],"loop_factor":1},{"name":"buf2","role":"input","mem":"lx","elems":2097152,"broadcast":false,"dims":[64,512,64],"logical":[512,4096],"loop_factor":1}],"reduction_cores":1,"loop_trip":32,"tiles_output_dim":true,"tile_rows_per_core":16.0,"is_matmul":false,"matmul_macs":0,"matmul_rows_per_core":0.0,"matmul_cols_per_core":0.0,"matmul_a_bytes":0,"matmul_b_bytes":0,"hbm_pattern":""},{"name":"div","is_reduction":false,"out_elems":67108864,"cores":32,"dtype_bytes":2,"args":[{"name":"op4","role":"output","mem":"hbm","elems":67108864,"broadcast":false,"dims":[16384,4096],"logical":[16384,4096],"loop_factor":1},{"name":"buf2","role":"input","mem":"lx","elems":2097152,"broadcast":false,"dims":[64,512,64],"logical":[512,4096],"loop_factor":1},{"name":"buf3","role":"input","mem":"lx","elems":32768,"broadcast":true,"dims":[1,512,64],"logical":[512,1],"loop_factor":1}],"reduction_cores":1,"loop_trip":32,"tiles_output_dim":true,"tile_rows_per_core":16,"is_matmul":false,"matmul_macs":0,"matmul_rows_per_core":0.0,"matmul_cols_per_core":0.0,"matmul_a_bytes":0,"matmul_b_bytes":0,"hbm_pattern":""}]
SUMMARY op=softmax_row_tiling rows=16384 cols=4096 cores=32 tiles=32 lx=1 io_hbm_bytes=402653184 kernel_us=2683.170 pred_us=2694.715 err_pct=+0.4 bw_gbps=150.1 memset_us=2417.209 other_dev_us=16063.319 total_dev_us=21163.698
-- softmax_row_tiling [16384,2048] tiles=1
  op_it_space_splits={d0: 32, d1: 1}
  op_it_space_splits={d0: 32, d1: 1}
  op_it_space_splits={d0: 32, d1: 1}
  op_it_space_splits={d0: 32, d1: 1}
  op_it_space_splits={d0: 32, d1: 1}
IO -- device-layout I/O (cost model, stick-padded) --
IO   op amax [reduction]
IO     output op0                    torch [16384, 1] -> device [1, 1, 16384, 64] in LX = 1048576 elems x 2B = 2097152 B  (hbm counted: 0 B)
IO     input  arg0_1                 torch [16384, 2048] -> device [32, 16384, 64] in HBM = 33554432 elems x 2B = 67108864 B  (hbm counted: 67108864 B)
IO   op sub
IO     output op1                    torch [16384, 2048] -> device [32, 16384, 64] in HBM = 33554432 elems x 2B = 67108864 B  (hbm counted: 67108864 B)
IO     input  arg0_1                 torch [16384, 2048] -> device [32, 16384, 64] in HBM = 33554432 elems x 2B = 67108864 B  (hbm counted: 67108864 B)
IO     input  buf0                   torch [16384, 1] -> device [1, 1, 16384, 64] in LX = 1048576 elems x 2B = 2097152 B  (hbm counted: 0 B) broadcast (loaded once)
IO   op exp
IO     output op2                    torch [16384, 2048] -> device [32, 16384, 64] in HBM = 33554432 elems x 2B = 67108864 B  (hbm counted: 67108864 B)
IO     input  buf1                   torch [16384, 2048] -> device [32, 16384, 64] in HBM = 33554432 elems x 2B = 67108864 B  (hbm counted: 67108864 B)
IO   op sum_1 [reduction]
IO     output op3                    torch [16384, 1] -> device [1, 1, 16384, 64] in LX = 1048576 elems x 2B = 2097152 B  (hbm counted: 0 B)
IO     input  buf2                   torch [16384, 2048] -> device [32, 16384, 64] in HBM = 33554432 elems x 2B = 67108864 B  (hbm counted: 67108864 B)
IO   op div
IO     output op4                    torch [16384, 2048] -> device [32, 16384, 64] in HBM = 33554432 elems x 2B = 67108864 B  (hbm counted: 67108864 B)
IO     input  buf2                   torch [16384, 2048] -> device [32, 16384, 64] in HBM = 33554432 elems x 2B = 67108864 B  (hbm counted: 67108864 B)
IO     input  buf3                   torch [16384, 1] -> device [1, 1, 16384, 64] in LX = 1048576 elems x 2B = 2097152 B  (hbm counted: 0 B) broadcast (loaded once)
IO   => HBM I/O total = 536870912 B  (lx 8388608 B, ~free)
MODEL -- estimate (turnaround): T = (R+W)/BW_PEAK + a*min(R,W) --
MODEL   R=268435456 B (read)   W=201326592 B (write)   loop_trip L=1
MODEL   base = (R+W)/150 = 3131.75 us
MODEL   turn = a*min(R,W) = 0.00574*201326592 = 1155.61 us
MODEL   => T_model = 4930.47 us
MODEL FEATS [{"name":"amax","is_reduction":true,"out_elems":1048576,"cores":32,"dtype_bytes":2,"args":[{"name":"op0","role":"output","mem":"lx","elems":1048576,"broadcast":false,"dims":[1,1,16384,64],"logical":[16384,1],"loop_factor":1},{"name":"arg0_1","role":"input","mem":"hbm","elems":33554432,"broadcast":false,"dims":[32,16384,64],"logical":[16384,2048],"loop_factor":1}],"reduction_cores":1,"loop_trip":1,"tiles_output_dim":false,"tile_rows_per_core":0.0,"is_matmul":false,"matmul_macs":0,"matmul_rows_per_core":0.0,"matmul_cols_per_core":0.0,"matmul_a_bytes":0,"matmul_b_bytes":0,"hbm_pattern":""},{"name":"sub","is_reduction":false,"out_elems":33554432,"cores":32,"dtype_bytes":2,"args":[{"name":"op1","role":"output","mem":"hbm","elems":33554432,"broadcast":false,"dims":[32,16384,64],"logical":[16384,2048],"loop_factor":1},{"name":"arg0_1","role":"input","mem":"hbm","elems":33554432,"broadcast":false,"dims":[32,16384,64],"logical":[16384,2048],"loop_factor":1},{"name":"buf0","role":"input","mem":"lx","elems":1048576,"broadcast":true,"dims":[1,1,16384,64],"logical":[16384,1],"loop_factor":1}],"reduction_cores":1,"loop_trip":1,"tiles_output_dim":false,"tile_rows_per_core":0.0,"is_matmul":false,"matmul_macs":0,"matmul_rows_per_core":0.0,"matmul_cols_per_core":0.0,"matmul_a_bytes":0,"matmul_b_bytes":0,"hbm_pattern":""},{"name":"exp","is_reduction":false,"out_elems":33554432,"cores":32,"dtype_bytes":2,"args":[{"name":"op2","role":"output","mem":"hbm","elems":33554432,"broadcast":false,"dims":[32,16384,64],"logical":[16384,2048],"loop_factor":1},{"name":"buf1","role":"input","mem":"hbm","elems":33554432,"broadcast":false,"dims":[32,16384,64],"logical":[16384,2048],"loop_factor":1}],"reduction_cores":1,"loop_trip":1,"tiles_output_dim":false,"tile_rows_per_core":0.0,"is_matmul":false,"matmul_macs":0,"matmul_rows_per_core":0.0,"matmul_cols_per_core":0.0,"matmul_a_bytes":0,"matmul_b_bytes":0,"hbm_pattern":""},{"name":"sum_1","is_reduction":true,"out_elems":1048576,"cores":32,"dtype_bytes":2,"args":[{"name":"op3","role":"output","mem":"lx","elems":1048576,"broadcast":false,"dims":[1,1,16384,64],"logical":[16384,1],"loop_factor":1},{"name":"buf2","role":"input","mem":"hbm","elems":33554432,"broadcast":false,"dims":[32,16384,64],"logical":[16384,2048],"loop_factor":1}],"reduction_cores":1,"loop_trip":1,"tiles_output_dim":false,"tile_rows_per_core":0.0,"is_matmul":false,"matmul_macs":0,"matmul_rows_per_core":0.0,"matmul_cols_per_core":0.0,"matmul_a_bytes":0,"matmul_b_bytes":0,"hbm_pattern":""},{"name":"div","is_reduction":false,"out_elems":33554432,"cores":32,"dtype_bytes":2,"args":[{"name":"op4","role":"output","mem":"hbm","elems":33554432,"broadcast":false,"dims":[32,16384,64],"logical":[16384,2048],"loop_factor":1},{"name":"buf2","role":"input","mem":"hbm","elems":33554432,"broadcast":false,"dims":[32,16384,64],"logical":[16384,2048],"loop_factor":1},{"name":"buf3","role":"input","mem":"lx","elems":1048576,"broadcast":true,"dims":[1,1,16384,64],"logical":[16384,1],"loop_factor":1}],"reduction_cores":1,"loop_trip":1,"tiles_output_dim":false,"tile_rows_per_core":0.0,"is_matmul":false,"matmul_macs":0,"matmul_rows_per_core":0.0,"matmul_cols_per_core":0.0,"matmul_a_bytes":0,"matmul_b_bytes":0,"hbm_pattern":""}]
SUMMARY op=softmax_row_tiling rows=16384 cols=2048 cores=32 tiles=1 lx=1 io_hbm_bytes=536870912 kernel_us=4955.954 pred_us=4930.466 err_pct=-0.5 bw_gbps=108.3 memset_us=1087.805 other_dev_us=6182.973 total_dev_us=12226.732
-- softmax_row_tiling [16384,2048] tiles=2
  op_it_space_splits={d0: 32, d1: 1}
  op_it_space_splits={d0: 32, d1: 1}
  op_it_space_splits={d0: 32, d1: 1}
  op_it_space_splits={d0: 32, d1: 1}
  op_it_space_splits={d0: 32, d1: 1}
  op_it_space_splits={d0: 32, d1: 1}
  op_it_space_splits={d0: 32, d1: 1}
  op_it_space_splits={d0: 32, d1: 1}
  op_it_space_splits={d0: 32, d1: 1}
  op_it_space_splits={d0: 32, d1: 1}
  op_it_space_splits={d0: 32, d1: 1}
  op_it_space_splits={d0: 32, d1: 1}
  op_it_space_splits={d0: 32, d1: 1}
  op_it_space_splits={d0: 32, d1: 1}
  op_it_space_splits={d0: 32, d1: 1}
  op_it_space_splits={d0: 32, d1: 1}
  op_it_space_splits={d0: 32, d1: 1}
  op_it_space_splits={d0: 32, d1: 1}
  op_it_space_splits={d0: 32, d1: 1}
  op_it_space_splits={d0: 32, d1: 1}
  op_it_space_splits={d0: 32, d1: 1}
  op_it_space_splits={d0: 32, d1: 1}
  op_it_space_splits={d0: 32, d1: 1}
  op_it_space_splits={d0: 32, d1: 1}
  op_it_space_splits={d0: 32, d1: 1}
  op_it_space_splits={d0: 32, d1: 1}
  op_it_space_splits={d0: 32, d1: 1}
  op_it_space_splits={d0: 32, d1: 1}
  op_it_space_splits={d0: 32, d1: 1}
  op_it_space_splits={d0: 32, d1: 1}
IO -- device-layout I/O (cost model, stick-padded) --
IO   op amax [reduction]
IO     output op0                    torch [8192, 1] -> device [1, 8192, 64] in LX = 524288 elems x 2B = 1048576 B  (hbm counted: 0 B)
IO     input  arg0_1                 torch [16384, 2048] -> device [32, 16384, 64] in HBM = 33554432 elems x 2B = 67108864 B  (hbm counted: 67108864 B)
IO   op sub
IO     output op1                    torch [8192, 2048] -> device [32, 8192, 64] in LX = 16777216 elems x 2B = 33554432 B  (hbm counted: 0 B)
IO     input  arg0_1                 torch [16384, 2048] -> device [32, 16384, 64] in HBM = 33554432 elems x 2B = 67108864 B  (hbm counted: 67108864 B)
IO     input  buf0                   torch [8192, 1] -> device [1, 8192, 64] in LX = 524288 elems x 2B = 1048576 B  (hbm counted: 0 B) broadcast (loaded once)
IO   op exp
IO     output op2                    torch [8192, 2048] -> device [32, 8192, 64] in LX = 16777216 elems x 2B = 33554432 B  (hbm counted: 0 B)
IO     input  buf1                   torch [8192, 2048] -> device [32, 8192, 64] in LX = 16777216 elems x 2B = 33554432 B  (hbm counted: 0 B)
IO   op sum_1 [reduction]
IO     output op3                    torch [8192, 1] -> device [1, 8192, 64] in LX = 524288 elems x 2B = 1048576 B  (hbm counted: 0 B)
IO     input  buf2                   torch [8192, 2048] -> device [32, 8192, 64] in LX = 16777216 elems x 2B = 33554432 B  (hbm counted: 0 B)
IO   op div
IO     output op4                    torch [16384, 2048] -> device [16384, 2048] in HBM = 33554432 elems x 2B = 67108864 B  (hbm counted: 67108864 B)
IO     input  buf2                   torch [8192, 2048] -> device [32, 8192, 64] in LX = 16777216 elems x 2B = 33554432 B  (hbm counted: 0 B)
IO     input  buf3                   torch [8192, 1] -> device [1, 8192, 64] in LX = 524288 elems x 2B = 1048576 B  (hbm counted: 0 B) broadcast (loaded once)
IO   => HBM I/O total = 201326592 B  (lx 171966464 B, ~free)
MODEL -- estimate (turnaround): T = [(R+W)/BW_PEAK + a*min(R,W)] / eff_underfill --
MODEL   R=67108864 B (read)   W=67108864 B (write)   loop_trip L=2
MODEL   base = (R+W)/150 = 894.78 us
MODEL   turn = a*min(R,W) = 0.00574*67108864 = 385.20 us
MODEL   eff_underfill = min(0.95,(256.0/13)**0.68) = 0.950 -> (base+turn)/eff = 1347.36 us
MODEL   => T_model = 1347.36 us
MODEL FEATS [{"name":"amax","is_reduction":true,"out_elems":524288,"cores":32,"dtype_bytes":2,"args":[{"name":"op0","role":"output","mem":"lx","elems":524288,"broadcast":false,"dims":[1,8192,64],"logical":[8192,1],"loop_factor":1},{"name":"arg0_1","role":"input","mem":"hbm","elems":33554432,"broadcast":false,"dims":[32,16384,64],"logical":[16384,2048],"loop_factor":1}],"reduction_cores":1,"loop_trip":2,"tiles_output_dim":true,"tile_rows_per_core":256.0,"is_matmul":false,"matmul_macs":0,"matmul_rows_per_core":0.0,"matmul_cols_per_core":0.0,"matmul_a_bytes":0,"matmul_b_bytes":0,"hbm_pattern":""},{"name":"sub","is_reduction":false,"out_elems":16777216,"cores":32,"dtype_bytes":2,"args":[{"name":"op1","role":"output","mem":"lx","elems":16777216,"broadcast":false,"dims":[32,8192,64],"logical":[8192,2048],"loop_factor":1},{"name":"arg0_1","role":"input","mem":"hbm","elems":33554432,"broadcast":false,"dims":[32,16384,64],"logical":[16384,2048],"loop_factor":1},{"name":"buf0","role":"input","mem":"lx","elems":524288,"broadcast":true,"dims":[1,8192,64],"logical":[8192,1],"loop_factor":1}],"reduction_cores":1,"loop_trip":2,"tiles_output_dim":true,"tile_rows_per_core":256.0,"is_matmul":false,"matmul_macs":0,"matmul_rows_per_core":0.0,"matmul_cols_per_core":0.0,"matmul_a_bytes":0,"matmul_b_bytes":0,"hbm_pattern":""},{"name":"exp","is_reduction":false,"out_elems":16777216,"cores":32,"dtype_bytes":2,"args":[{"name":"op2","role":"output","mem":"lx","elems":16777216,"broadcast":false,"dims":[32,8192,64],"logical":[8192,2048],"loop_factor":1},{"name":"buf1","role":"input","mem":"lx","elems":16777216,"broadcast":false,"dims":[32,8192,64],"logical":[8192,2048],"loop_factor":1}],"reduction_cores":1,"loop_trip":2,"tiles_output_dim":true,"tile_rows_per_core":256.0,"is_matmul":false,"matmul_macs":0,"matmul_rows_per_core":0.0,"matmul_cols_per_core":0.0,"matmul_a_bytes":0,"matmul_b_bytes":0,"hbm_pattern":""},{"name":"sum_1","is_reduction":true,"out_elems":524288,"cores":32,"dtype_bytes":2,"args":[{"name":"op3","role":"output","mem":"lx","elems":524288,"broadcast":false,"dims":[1,8192,64],"logical":[8192,1],"loop_factor":1},{"name":"buf2","role":"input","mem":"lx","elems":16777216,"broadcast":false,"dims":[32,8192,64],"logical":[8192,2048],"loop_factor":1}],"reduction_cores":1,"loop_trip":2,"tiles_output_dim":true,"tile_rows_per_core":256.0,"is_matmul":false,"matmul_macs":0,"matmul_rows_per_core":0.0,"matmul_cols_per_core":0.0,"matmul_a_bytes":0,"matmul_b_bytes":0,"hbm_pattern":""},{"name":"div","is_reduction":false,"out_elems":33554432,"cores":32,"dtype_bytes":2,"args":[{"name":"op4","role":"output","mem":"hbm","elems":33554432,"broadcast":false,"dims":[16384,2048],"logical":[16384,2048],"loop_factor":1},{"name":"buf2","role":"input","mem":"lx","elems":16777216,"broadcast":false,"dims":[32,8192,64],"logical":[8192,2048],"loop_factor":1},{"name":"buf3","role":"input","mem":"lx","elems":524288,"broadcast":true,"dims":[1,8192,64],"logical":[8192,1],"loop_factor":1}],"reduction_cores":1,"loop_trip":2,"tiles_output_dim":true,"tile_rows_per_core":256,"is_matmul":false,"matmul_macs":0,"matmul_rows_per_core":0.0,"matmul_cols_per_core":0.0,"matmul_a_bytes":0,"matmul_b_bytes":0,"hbm_pattern":""}]
SUMMARY op=softmax_row_tiling rows=16384 cols=2048 cores=32 tiles=2 lx=1 io_hbm_bytes=201326592 kernel_us=1652.863 pred_us=1347.358 err_pct=-18.5 bw_gbps=121.8 memset_us=1133.444 other_dev_us=6078.689 total_dev_us=8864.996
-- softmax_row_tiling [16384,2048] tiles=4
  op_it_space_splits={d0: 32, d1: 1}
  op_it_space_splits={d0: 32, d1: 1}
  op_it_space_splits={d0: 32, d1: 1}
  op_it_space_splits={d0: 32, d1: 1}
  op_it_space_splits={d0: 32, d1: 1}
  op_it_space_splits={d0: 32, d1: 1}
  op_it_space_splits={d0: 32, d1: 1}
  op_it_space_splits={d0: 32, d1: 1}
  op_it_space_splits={d0: 32, d1: 1}
  op_it_space_splits={d0: 32, d1: 1}
  op_it_space_splits={d0: 32, d1: 1}
  op_it_space_splits={d0: 32, d1: 1}
  op_it_space_splits={d0: 32, d1: 1}
  op_it_space_splits={d0: 32, d1: 1}
  op_it_space_splits={d0: 32, d1: 1}
  op_it_space_splits={d0: 32, d1: 1}
  op_it_space_splits={d0: 32, d1: 1}
  op_it_space_splits={d0: 32, d1: 1}
  op_it_space_splits={d0: 32, d1: 1}
  op_it_space_splits={d0: 32, d1: 1}
  op_it_space_splits={d0: 32, d1: 1}
  op_it_space_splits={d0: 32, d1: 1}
  op_it_space_splits={d0: 32, d1: 1}
  op_it_space_splits={d0: 32, d1: 1}
  op_it_space_splits={d0: 32, d1: 1}
  op_it_space_splits={d0: 32, d1: 1}
  op_it_space_splits={d0: 32, d1: 1}
  op_it_space_splits={d0: 32, d1: 1}
  op_it_space_splits={d0: 32, d1: 1}
  op_it_space_splits={d0: 32, d1: 1}
IO -- device-layout I/O (cost model, stick-padded) --
IO   op amax [reduction]
IO     output op0                    torch [4096, 1] -> device [1, 4096, 64] in LX = 262144 elems x 2B = 524288 B  (hbm counted: 0 B)
IO     input  arg0_1                 torch [16384, 2048] -> device [32, 16384, 64] in HBM = 33554432 elems x 2B = 67108864 B  (hbm counted: 67108864 B)
IO   op sub
IO     output op1                    torch [4096, 2048] -> device [32, 4096, 64] in LX = 8388608 elems x 2B = 16777216 B  (hbm counted: 0 B)
IO     input  arg0_1                 torch [16384, 2048] -> device [32, 16384, 64] in HBM = 33554432 elems x 2B = 67108864 B  (hbm counted: 67108864 B)
IO     input  buf0                   torch [4096, 1] -> device [1, 4096, 64] in LX = 262144 elems x 2B = 524288 B  (hbm counted: 0 B) broadcast (loaded once)
IO   op exp
IO     output op2                    torch [4096, 2048] -> device [32, 4096, 64] in LX = 8388608 elems x 2B = 16777216 B  (hbm counted: 0 B)
IO     input  buf1                   torch [4096, 2048] -> device [32, 4096, 64] in LX = 8388608 elems x 2B = 16777216 B  (hbm counted: 0 B)
IO   op sum_1 [reduction]
IO     output op3                    torch [4096, 1] -> device [1, 4096, 64] in LX = 262144 elems x 2B = 524288 B  (hbm counted: 0 B)
IO     input  buf2                   torch [4096, 2048] -> device [32, 4096, 64] in LX = 8388608 elems x 2B = 16777216 B  (hbm counted: 0 B)
IO   op div
IO     output op4                    torch [16384, 2048] -> device [16384, 2048] in HBM = 33554432 elems x 2B = 67108864 B  (hbm counted: 67108864 B)
IO     input  buf2                   torch [4096, 2048] -> device [32, 4096, 64] in LX = 8388608 elems x 2B = 16777216 B  (hbm counted: 0 B)
IO     input  buf3                   torch [4096, 1] -> device [1, 4096, 64] in LX = 262144 elems x 2B = 524288 B  (hbm counted: 0 B) broadcast (loaded once)
IO   => HBM I/O total = 201326592 B  (lx 85983232 B, ~free)
MODEL -- estimate (turnaround): T = [(R+W)/BW_PEAK + a*min(R,W)] / eff_underfill --
MODEL   R=67108864 B (read)   W=67108864 B (write)   loop_trip L=4
MODEL   base = (R+W)/150 = 894.78 us
MODEL   turn = a*min(R,W) = 0.00574*67108864 = 385.20 us
MODEL   eff_underfill = min(0.95,(128.0/13)**0.68) = 0.950 -> (base+turn)/eff = 1347.36 us
MODEL   => T_model = 1347.36 us
MODEL FEATS [{"name":"amax","is_reduction":true,"out_elems":262144,"cores":32,"dtype_bytes":2,"args":[{"name":"op0","role":"output","mem":"lx","elems":262144,"broadcast":false,"dims":[1,4096,64],"logical":[4096,1],"loop_factor":1},{"name":"arg0_1","role":"input","mem":"hbm","elems":33554432,"broadcast":false,"dims":[32,16384,64],"logical":[16384,2048],"loop_factor":1}],"reduction_cores":1,"loop_trip":4,"tiles_output_dim":true,"tile_rows_per_core":128.0,"is_matmul":false,"matmul_macs":0,"matmul_rows_per_core":0.0,"matmul_cols_per_core":0.0,"matmul_a_bytes":0,"matmul_b_bytes":0,"hbm_pattern":""},{"name":"sub","is_reduction":false,"out_elems":8388608,"cores":32,"dtype_bytes":2,"args":[{"name":"op1","role":"output","mem":"lx","elems":8388608,"broadcast":false,"dims":[32,4096,64],"logical":[4096,2048],"loop_factor":1},{"name":"arg0_1","role":"input","mem":"hbm","elems":33554432,"broadcast":false,"dims":[32,16384,64],"logical":[16384,2048],"loop_factor":1},{"name":"buf0","role":"input","mem":"lx","elems":262144,"broadcast":true,"dims":[1,4096,64],"logical":[4096,1],"loop_factor":1}],"reduction_cores":1,"loop_trip":4,"tiles_output_dim":true,"tile_rows_per_core":128.0,"is_matmul":false,"matmul_macs":0,"matmul_rows_per_core":0.0,"matmul_cols_per_core":0.0,"matmul_a_bytes":0,"matmul_b_bytes":0,"hbm_pattern":""},{"name":"exp","is_reduction":false,"out_elems":8388608,"cores":32,"dtype_bytes":2,"args":[{"name":"op2","role":"output","mem":"lx","elems":8388608,"broadcast":false,"dims":[32,4096,64],"logical":[4096,2048],"loop_factor":1},{"name":"buf1","role":"input","mem":"lx","elems":8388608,"broadcast":false,"dims":[32,4096,64],"logical":[4096,2048],"loop_factor":1}],"reduction_cores":1,"loop_trip":4,"tiles_output_dim":true,"tile_rows_per_core":128.0,"is_matmul":false,"matmul_macs":0,"matmul_rows_per_core":0.0,"matmul_cols_per_core":0.0,"matmul_a_bytes":0,"matmul_b_bytes":0,"hbm_pattern":""},{"name":"sum_1","is_reduction":true,"out_elems":262144,"cores":32,"dtype_bytes":2,"args":[{"name":"op3","role":"output","mem":"lx","elems":262144,"broadcast":false,"dims":[1,4096,64],"logical":[4096,1],"loop_factor":1},{"name":"buf2","role":"input","mem":"lx","elems":8388608,"broadcast":false,"dims":[32,4096,64],"logical":[4096,2048],"loop_factor":1}],"reduction_cores":1,"loop_trip":4,"tiles_output_dim":true,"tile_rows_per_core":128.0,"is_matmul":false,"matmul_macs":0,"matmul_rows_per_core":0.0,"matmul_cols_per_core":0.0,"matmul_a_bytes":0,"matmul_b_bytes":0,"hbm_pattern":""},{"name":"div","is_reduction":false,"out_elems":33554432,"cores":32,"dtype_bytes":2,"args":[{"name":"op4","role":"output","mem":"hbm","elems":33554432,"broadcast":false,"dims":[16384,2048],"logical":[16384,2048],"loop_factor":1},{"name":"buf2","role":"input","mem":"lx","elems":8388608,"broadcast":false,"dims":[32,4096,64],"logical":[4096,2048],"loop_factor":1},{"name":"buf3","role":"input","mem":"lx","elems":262144,"broadcast":true,"dims":[1,4096,64],"logical":[4096,1],"loop_factor":1}],"reduction_cores":1,"loop_trip":4,"tiles_output_dim":true,"tile_rows_per_core":128,"is_matmul":false,"matmul_macs":0,"matmul_rows_per_core":0.0,"matmul_cols_per_core":0.0,"matmul_a_bytes":0,"matmul_b_bytes":0,"hbm_pattern":""}]
SUMMARY op=softmax_row_tiling rows=16384 cols=2048 cores=32 tiles=4 lx=1 io_hbm_bytes=201326592 kernel_us=1529.019 pred_us=1347.358 err_pct=-11.9 bw_gbps=131.7 memset_us=1134.062 other_dev_us=5991.007 total_dev_us=8654.088
-- softmax_row_tiling [16384,2048] tiles=8
  op_it_space_splits={d0: 32, d1: 1}
  op_it_space_splits={d0: 32, d1: 1}
  op_it_space_splits={d0: 32, d1: 1}
  op_it_space_splits={d0: 32, d1: 1}
  op_it_space_splits={d0: 32, d1: 1}
  op_it_space_splits={d0: 32, d1: 1}
  op_it_space_splits={d0: 32, d1: 1}
  op_it_space_splits={d0: 32, d1: 1}
  op_it_space_splits={d0: 32, d1: 1}
  op_it_space_splits={d0: 32, d1: 1}
  op_it_space_splits={d0: 32, d1: 1}
  op_it_space_splits={d0: 32, d1: 1}
  op_it_space_splits={d0: 32, d1: 1}
  op_it_space_splits={d0: 32, d1: 1}
  op_it_space_splits={d0: 32, d1: 1}
  op_it_space_splits={d0: 32, d1: 1}
  op_it_space_splits={d0: 32, d1: 1}
  op_it_space_splits={d0: 32, d1: 1}
  op_it_space_splits={d0: 32, d1: 1}
  op_it_space_splits={d0: 32, d1: 1}
  op_it_space_splits={d0: 32, d1: 1}
  op_it_space_splits={d0: 32, d1: 1}
  op_it_space_splits={d0: 32, d1: 1}
  op_it_space_splits={d0: 32, d1: 1}
  op_it_space_splits={d0: 32, d1: 1}
  op_it_space_splits={d0: 32, d1: 1}
  op_it_space_splits={d0: 32, d1: 1}
  op_it_space_splits={d0: 32, d1: 1}
  op_it_space_splits={d0: 32, d1: 1}
  op_it_space_splits={d0: 32, d1: 1}
IO -- device-layout I/O (cost model, stick-padded) --
IO   op amax [reduction]
IO     output op0                    torch [2048, 1] -> device [1, 2048, 64] in LX = 131072 elems x 2B = 262144 B  (hbm counted: 0 B)
IO     input  arg0_1                 torch [16384, 2048] -> device [32, 16384, 64] in HBM = 33554432 elems x 2B = 67108864 B  (hbm counted: 67108864 B)
IO   op sub
IO     output op1                    torch [2048, 2048] -> device [32, 2048, 64] in LX = 4194304 elems x 2B = 8388608 B  (hbm counted: 0 B)
IO     input  arg0_1                 torch [16384, 2048] -> device [32, 16384, 64] in HBM = 33554432 elems x 2B = 67108864 B  (hbm counted: 67108864 B)
IO     input  buf0                   torch [2048, 1] -> device [1, 2048, 64] in LX = 131072 elems x 2B = 262144 B  (hbm counted: 0 B) broadcast (loaded once)
IO   op exp
IO     output op2                    torch [2048, 2048] -> device [32, 2048, 64] in LX = 4194304 elems x 2B = 8388608 B  (hbm counted: 0 B)
IO     input  buf1                   torch [2048, 2048] -> device [32, 2048, 64] in LX = 4194304 elems x 2B = 8388608 B  (hbm counted: 0 B)
IO   op sum_1 [reduction]
IO     output op3                    torch [2048, 1] -> device [1, 2048, 64] in LX = 131072 elems x 2B = 262144 B  (hbm counted: 0 B)
IO     input  buf2                   torch [2048, 2048] -> device [32, 2048, 64] in LX = 4194304 elems x 2B = 8388608 B  (hbm counted: 0 B)
IO   op div
IO     output op4                    torch [16384, 2048] -> device [16384, 2048] in HBM = 33554432 elems x 2B = 67108864 B  (hbm counted: 67108864 B)
IO     input  buf2                   torch [2048, 2048] -> device [32, 2048, 64] in LX = 4194304 elems x 2B = 8388608 B  (hbm counted: 0 B)
IO     input  buf3                   torch [2048, 1] -> device [1, 2048, 64] in LX = 131072 elems x 2B = 262144 B  (hbm counted: 0 B) broadcast (loaded once)
IO   => HBM I/O total = 201326592 B  (lx 42991616 B, ~free)
MODEL -- estimate (turnaround): T = [(R+W)/BW_PEAK + a*min(R,W)] / eff_underfill --
MODEL   R=67108864 B (read)   W=67108864 B (write)   loop_trip L=8
MODEL   base = (R+W)/150 = 894.78 us
MODEL   turn = a*min(R,W) = 0.00574*67108864 = 385.20 us
MODEL   eff_underfill = min(0.95,(64.0/13)**0.68) = 0.950 -> (base+turn)/eff = 1347.36 us
MODEL   => T_model = 1347.36 us
MODEL FEATS [{"name":"amax","is_reduction":true,"out_elems":131072,"cores":32,"dtype_bytes":2,"args":[{"name":"op0","role":"output","mem":"lx","elems":131072,"broadcast":false,"dims":[1,2048,64],"logical":[2048,1],"loop_factor":1},{"name":"arg0_1","role":"input","mem":"hbm","elems":33554432,"broadcast":false,"dims":[32,16384,64],"logical":[16384,2048],"loop_factor":1}],"reduction_cores":1,"loop_trip":8,"tiles_output_dim":true,"tile_rows_per_core":64.0,"is_matmul":false,"matmul_macs":0,"matmul_rows_per_core":0.0,"matmul_cols_per_core":0.0,"matmul_a_bytes":0,"matmul_b_bytes":0,"hbm_pattern":""},{"name":"sub","is_reduction":false,"out_elems":4194304,"cores":32,"dtype_bytes":2,"args":[{"name":"op1","role":"output","mem":"lx","elems":4194304,"broadcast":false,"dims":[32,2048,64],"logical":[2048,2048],"loop_factor":1},{"name":"arg0_1","role":"input","mem":"hbm","elems":33554432,"broadcast":false,"dims":[32,16384,64],"logical":[16384,2048],"loop_factor":1},{"name":"buf0","role":"input","mem":"lx","elems":131072,"broadcast":true,"dims":[1,2048,64],"logical":[2048,1],"loop_factor":1}],"reduction_cores":1,"loop_trip":8,"tiles_output_dim":true,"tile_rows_per_core":64.0,"is_matmul":false,"matmul_macs":0,"matmul_rows_per_core":0.0,"matmul_cols_per_core":0.0,"matmul_a_bytes":0,"matmul_b_bytes":0,"hbm_pattern":""},{"name":"exp","is_reduction":false,"out_elems":4194304,"cores":32,"dtype_bytes":2,"args":[{"name":"op2","role":"output","mem":"lx","elems":4194304,"broadcast":false,"dims":[32,2048,64],"logical":[2048,2048],"loop_factor":1},{"name":"buf1","role":"input","mem":"lx","elems":4194304,"broadcast":false,"dims":[32,2048,64],"logical":[2048,2048],"loop_factor":1}],"reduction_cores":1,"loop_trip":8,"tiles_output_dim":true,"tile_rows_per_core":64.0,"is_matmul":false,"matmul_macs":0,"matmul_rows_per_core":0.0,"matmul_cols_per_core":0.0,"matmul_a_bytes":0,"matmul_b_bytes":0,"hbm_pattern":""},{"name":"sum_1","is_reduction":true,"out_elems":131072,"cores":32,"dtype_bytes":2,"args":[{"name":"op3","role":"output","mem":"lx","elems":131072,"broadcast":false,"dims":[1,2048,64],"logical":[2048,1],"loop_factor":1},{"name":"buf2","role":"input","mem":"lx","elems":4194304,"broadcast":false,"dims":[32,2048,64],"logical":[2048,2048],"loop_factor":1}],"reduction_cores":1,"loop_trip":8,"tiles_output_dim":true,"tile_rows_per_core":64.0,"is_matmul":false,"matmul_macs":0,"matmul_rows_per_core":0.0,"matmul_cols_per_core":0.0,"matmul_a_bytes":0,"matmul_b_bytes":0,"hbm_pattern":""},{"name":"div","is_reduction":false,"out_elems":33554432,"cores":32,"dtype_bytes":2,"args":[{"name":"op4","role":"output","mem":"hbm","elems":33554432,"broadcast":false,"dims":[16384,2048],"logical":[16384,2048],"loop_factor":1},{"name":"buf2","role":"input","mem":"lx","elems":4194304,"broadcast":false,"dims":[32,2048,64],"logical":[2048,2048],"loop_factor":1},{"name":"buf3","role":"input","mem":"lx","elems":131072,"broadcast":true,"dims":[1,2048,64],"logical":[2048,1],"loop_factor":1}],"reduction_cores":1,"loop_trip":8,"tiles_output_dim":true,"tile_rows_per_core":64,"is_matmul":false,"matmul_macs":0,"matmul_rows_per_core":0.0,"matmul_cols_per_core":0.0,"matmul_a_bytes":0,"matmul_b_bytes":0,"hbm_pattern":""}]
SUMMARY op=softmax_row_tiling rows=16384 cols=2048 cores=32 tiles=8 lx=1 io_hbm_bytes=201326592 kernel_us=1449.570 pred_us=1347.358 err_pct=-7.1 bw_gbps=138.9 memset_us=1123.520 other_dev_us=6099.790 total_dev_us=8672.880
-- softmax_row_tiling [16384,2048] tiles=16
  op_it_space_splits={d0: 32, d1: 1}
  op_it_space_splits={d0: 32, d1: 1}
  op_it_space_splits={d0: 32, d1: 1}
  op_it_space_splits={d0: 32, d1: 1}
  op_it_space_splits={d0: 32, d1: 1}
  op_it_space_splits={d0: 32, d1: 1}
  op_it_space_splits={d0: 32, d1: 1}
  op_it_space_splits={d0: 32, d1: 1}
  op_it_space_splits={d0: 32, d1: 1}
  op_it_space_splits={d0: 32, d1: 1}
  op_it_space_splits={d0: 32, d1: 1}
  op_it_space_splits={d0: 32, d1: 1}
  op_it_space_splits={d0: 32, d1: 1}
  op_it_space_splits={d0: 32, d1: 1}
  op_it_space_splits={d0: 32, d1: 1}
  op_it_space_splits={d0: 32, d1: 1}
  op_it_space_splits={d0: 32, d1: 1}
  op_it_space_splits={d0: 32, d1: 1}
  op_it_space_splits={d0: 32, d1: 1}
  op_it_space_splits={d0: 32, d1: 1}
  op_it_space_splits={d0: 32, d1: 1}
  op_it_space_splits={d0: 32, d1: 1}
  op_it_space_splits={d0: 32, d1: 1}
  op_it_space_splits={d0: 32, d1: 1}
  op_it_space_splits={d0: 32, d1: 1}
  op_it_space_splits={d0: 32, d1: 1}
  op_it_space_splits={d0: 32, d1: 1}
  op_it_space_splits={d0: 32, d1: 1}
  op_it_space_splits={d0: 32, d1: 1}
  op_it_space_splits={d0: 32, d1: 1}
IO -- device-layout I/O (cost model, stick-padded) --
IO   op amax [reduction]
IO     output op0                    torch [1024, 1] -> device [1, 1024, 64] in LX = 65536 elems x 2B = 131072 B  (hbm counted: 0 B)
IO     input  arg0_1                 torch [16384, 2048] -> device [32, 16384, 64] in HBM = 33554432 elems x 2B = 67108864 B  (hbm counted: 67108864 B)
IO   op sub
IO     output op1                    torch [1024, 2048] -> device [32, 1024, 64] in LX = 2097152 elems x 2B = 4194304 B  (hbm counted: 0 B)
IO     input  arg0_1                 torch [16384, 2048] -> device [32, 16384, 64] in HBM = 33554432 elems x 2B = 67108864 B  (hbm counted: 67108864 B)
IO     input  buf0                   torch [1024, 1] -> device [1, 1024, 64] in LX = 65536 elems x 2B = 131072 B  (hbm counted: 0 B) broadcast (loaded once)
IO   op exp
IO     output op2                    torch [1024, 2048] -> device [32, 1024, 64] in LX = 2097152 elems x 2B = 4194304 B  (hbm counted: 0 B)
IO     input  buf1                   torch [1024, 2048] -> device [32, 1024, 64] in LX = 2097152 elems x 2B = 4194304 B  (hbm counted: 0 B)
IO   op sum_1 [reduction]
IO     output op3                    torch [1024, 1] -> device [1, 1024, 64] in LX = 65536 elems x 2B = 131072 B  (hbm counted: 0 B)
IO     input  buf2                   torch [1024, 2048] -> device [32, 1024, 64] in LX = 2097152 elems x 2B = 4194304 B  (hbm counted: 0 B)
IO   op div
IO     output op4                    torch [16384, 2048] -> device [16384, 2048] in HBM = 33554432 elems x 2B = 67108864 B  (hbm counted: 67108864 B)
IO     input  buf2                   torch [1024, 2048] -> device [32, 1024, 64] in LX = 2097152 elems x 2B = 4194304 B  (hbm counted: 0 B)
IO     input  buf3                   torch [1024, 1] -> device [1, 1024, 64] in LX = 65536 elems x 2B = 131072 B  (hbm counted: 0 B) broadcast (loaded once)
IO   => HBM I/O total = 201326592 B  (lx 21495808 B, ~free)
MODEL -- estimate (turnaround): T = [(R+W)/BW_PEAK + a*min(R,W)] / eff_underfill --
MODEL   R=67108864 B (read)   W=67108864 B (write)   loop_trip L=16
MODEL   base = (R+W)/150 = 894.78 us
MODEL   turn = a*min(R,W) = 0.00574*67108864 = 385.20 us
MODEL   eff_underfill = min(0.95,(32.0/13)**0.68) = 0.950 -> (base+turn)/eff = 1347.36 us
MODEL   => T_model = 1347.36 us
MODEL FEATS [{"name":"amax","is_reduction":true,"out_elems":65536,"cores":32,"dtype_bytes":2,"args":[{"name":"op0","role":"output","mem":"lx","elems":65536,"broadcast":false,"dims":[1,1024,64],"logical":[1024,1],"loop_factor":1},{"name":"arg0_1","role":"input","mem":"hbm","elems":33554432,"broadcast":false,"dims":[32,16384,64],"logical":[16384,2048],"loop_factor":1}],"reduction_cores":1,"loop_trip":16,"tiles_output_dim":true,"tile_rows_per_core":32.0,"is_matmul":false,"matmul_macs":0,"matmul_rows_per_core":0.0,"matmul_cols_per_core":0.0,"matmul_a_bytes":0,"matmul_b_bytes":0,"hbm_pattern":""},{"name":"sub","is_reduction":false,"out_elems":2097152,"cores":32,"dtype_bytes":2,"args":[{"name":"op1","role":"output","mem":"lx","elems":2097152,"broadcast":false,"dims":[32,1024,64],"logical":[1024,2048],"loop_factor":1},{"name":"arg0_1","role":"input","mem":"hbm","elems":33554432,"broadcast":false,"dims":[32,16384,64],"logical":[16384,2048],"loop_factor":1},{"name":"buf0","role":"input","mem":"lx","elems":65536,"broadcast":true,"dims":[1,1024,64],"logical":[1024,1],"loop_factor":1}],"reduction_cores":1,"loop_trip":16,"tiles_output_dim":true,"tile_rows_per_core":32.0,"is_matmul":false,"matmul_macs":0,"matmul_rows_per_core":0.0,"matmul_cols_per_core":0.0,"matmul_a_bytes":0,"matmul_b_bytes":0,"hbm_pattern":""},{"name":"exp","is_reduction":false,"out_elems":2097152,"cores":32,"dtype_bytes":2,"args":[{"name":"op2","role":"output","mem":"lx","elems":2097152,"broadcast":false,"dims":[32,1024,64],"logical":[1024,2048],"loop_factor":1},{"name":"buf1","role":"input","mem":"lx","elems":2097152,"broadcast":false,"dims":[32,1024,64],"logical":[1024,2048],"loop_factor":1}],"reduction_cores":1,"loop_trip":16,"tiles_output_dim":true,"tile_rows_per_core":32.0,"is_matmul":false,"matmul_macs":0,"matmul_rows_per_core":0.0,"matmul_cols_per_core":0.0,"matmul_a_bytes":0,"matmul_b_bytes":0,"hbm_pattern":""},{"name":"sum_1","is_reduction":true,"out_elems":65536,"cores":32,"dtype_bytes":2,"args":[{"name":"op3","role":"output","mem":"lx","elems":65536,"broadcast":false,"dims":[1,1024,64],"logical":[1024,1],"loop_factor":1},{"name":"buf2","role":"input","mem":"lx","elems":2097152,"broadcast":false,"dims":[32,1024,64],"logical":[1024,2048],"loop_factor":1}],"reduction_cores":1,"loop_trip":16,"tiles_output_dim":true,"tile_rows_per_core":32.0,"is_matmul":false,"matmul_macs":0,"matmul_rows_per_core":0.0,"matmul_cols_per_core":0.0,"matmul_a_bytes":0,"matmul_b_bytes":0,"hbm_pattern":""},{"name":"div","is_reduction":false,"out_elems":33554432,"cores":32,"dtype_bytes":2,"args":[{"name":"op4","role":"output","mem":"hbm","elems":33554432,"broadcast":false,"dims":[16384,2048],"logical":[16384,2048],"loop_factor":1},{"name":"buf2","role":"input","mem":"lx","elems":2097152,"broadcast":false,"dims":[32,1024,64],"logical":[1024,2048],"loop_factor":1},{"name":"buf3","role":"input","mem":"lx","elems":65536,"broadcast":true,"dims":[1,1024,64],"logical":[1024,1],"loop_factor":1}],"reduction_cores":1,"loop_trip":16,"tiles_output_dim":true,"tile_rows_per_core":32,"is_matmul":false,"matmul_macs":0,"matmul_rows_per_core":0.0,"matmul_cols_per_core":0.0,"matmul_a_bytes":0,"matmul_b_bytes":0,"hbm_pattern":""}]
SUMMARY op=softmax_row_tiling rows=16384 cols=2048 cores=32 tiles=16 lx=1 io_hbm_bytes=201326592 kernel_us=1337.536 pred_us=1347.358 err_pct=+0.7 bw_gbps=150.5 memset_us=1200.756 other_dev_us=5859.238 total_dev_us=8397.530
-- softmax_row_tiling [16384,2048] tiles=32
  op_it_space_splits={d0: 32, d1: 1}
  op_it_space_splits={d0: 32, d1: 1}
  op_it_space_splits={d0: 32, d1: 1}
  op_it_space_splits={d0: 32, d1: 1}
  op_it_space_splits={d0: 32, d1: 1}
  op_it_space_splits={d0: 32, d1: 1}
  op_it_space_splits={d0: 32, d1: 1}
  op_it_space_splits={d0: 32, d1: 1}
  op_it_space_splits={d0: 32, d1: 1}
  op_it_space_splits={d0: 32, d1: 1}
  op_it_space_splits={d0: 32, d1: 1}
  op_it_space_splits={d0: 32, d1: 1}
  op_it_space_splits={d0: 32, d1: 1}
  op_it_space_splits={d0: 32, d1: 1}
  op_it_space_splits={d0: 32, d1: 1}
  op_it_space_splits={d0: 32, d1: 1}
  op_it_space_splits={d0: 32, d1: 1}
  op_it_space_splits={d0: 32, d1: 1}
  op_it_space_splits={d0: 32, d1: 1}
  op_it_space_splits={d0: 32, d1: 1}
  op_it_space_splits={d0: 32, d1: 1}
  op_it_space_splits={d0: 32, d1: 1}
  op_it_space_splits={d0: 32, d1: 1}
  op_it_space_splits={d0: 32, d1: 1}
  op_it_space_splits={d0: 32, d1: 1}
  op_it_space_splits={d0: 32, d1: 1}
  op_it_space_splits={d0: 32, d1: 1}
  op_it_space_splits={d0: 32, d1: 1}
  op_it_space_splits={d0: 32, d1: 1}
  op_it_space_splits={d0: 32, d1: 1}
IO -- device-layout I/O (cost model, stick-padded) --
IO   op amax [reduction]
IO     output op0                    torch [512, 1] -> device [1, 512, 64] in LX = 32768 elems x 2B = 65536 B  (hbm counted: 0 B)
IO     input  arg0_1                 torch [16384, 2048] -> device [32, 16384, 64] in HBM = 33554432 elems x 2B = 67108864 B  (hbm counted: 67108864 B)
IO   op sub
IO     output op1                    torch [512, 2048] -> device [32, 512, 64] in LX = 1048576 elems x 2B = 2097152 B  (hbm counted: 0 B)
IO     input  arg0_1                 torch [16384, 2048] -> device [32, 16384, 64] in HBM = 33554432 elems x 2B = 67108864 B  (hbm counted: 67108864 B)
IO     input  buf0                   torch [512, 1] -> device [1, 512, 64] in LX = 32768 elems x 2B = 65536 B  (hbm counted: 0 B) broadcast (loaded once)
IO   op exp
IO     output op2                    torch [512, 2048] -> device [32, 512, 64] in LX = 1048576 elems x 2B = 2097152 B  (hbm counted: 0 B)
IO     input  buf1                   torch [512, 2048] -> device [32, 512, 64] in LX = 1048576 elems x 2B = 2097152 B  (hbm counted: 0 B)
IO   op sum_1 [reduction]
IO     output op3                    torch [512, 1] -> device [1, 512, 64] in LX = 32768 elems x 2B = 65536 B  (hbm counted: 0 B)
IO     input  buf2                   torch [512, 2048] -> device [32, 512, 64] in LX = 1048576 elems x 2B = 2097152 B  (hbm counted: 0 B)
IO   op div
IO     output op4                    torch [16384, 2048] -> device [16384, 2048] in HBM = 33554432 elems x 2B = 67108864 B  (hbm counted: 67108864 B)
IO     input  buf2                   torch [512, 2048] -> device [32, 512, 64] in LX = 1048576 elems x 2B = 2097152 B  (hbm counted: 0 B)
IO     input  buf3                   torch [512, 1] -> device [1, 512, 64] in LX = 32768 elems x 2B = 65536 B  (hbm counted: 0 B) broadcast (loaded once)
IO   => HBM I/O total = 201326592 B  (lx 10747904 B, ~free)
MODEL -- estimate (turnaround): T = [(R+W)/BW_PEAK + a*min(R,W)] / eff_underfill --
MODEL   R=67108864 B (read)   W=67108864 B (write)   loop_trip L=32
MODEL   base = (R+W)/150 = 894.78 us
MODEL   turn = a*min(R,W) = 0.00574*67108864 = 385.20 us
MODEL   eff_underfill = min(0.95,(16.0/13)**0.68) = 0.950 -> (base+turn)/eff = 1347.36 us
MODEL   => T_model = 1347.36 us
MODEL FEATS [{"name":"amax","is_reduction":true,"out_elems":32768,"cores":32,"dtype_bytes":2,"args":[{"name":"op0","role":"output","mem":"lx","elems":32768,"broadcast":false,"dims":[1,512,64],"logical":[512,1],"loop_factor":1},{"name":"arg0_1","role":"input","mem":"hbm","elems":33554432,"broadcast":false,"dims":[32,16384,64],"logical":[16384,2048],"loop_factor":1}],"reduction_cores":1,"loop_trip":32,"tiles_output_dim":true,"tile_rows_per_core":16.0,"is_matmul":false,"matmul_macs":0,"matmul_rows_per_core":0.0,"matmul_cols_per_core":0.0,"matmul_a_bytes":0,"matmul_b_bytes":0,"hbm_pattern":""},{"name":"sub","is_reduction":false,"out_elems":1048576,"cores":32,"dtype_bytes":2,"args":[{"name":"op1","role":"output","mem":"lx","elems":1048576,"broadcast":false,"dims":[32,512,64],"logical":[512,2048],"loop_factor":1},{"name":"arg0_1","role":"input","mem":"hbm","elems":33554432,"broadcast":false,"dims":[32,16384,64],"logical":[16384,2048],"loop_factor":1},{"name":"buf0","role":"input","mem":"lx","elems":32768,"broadcast":true,"dims":[1,512,64],"logical":[512,1],"loop_factor":1}],"reduction_cores":1,"loop_trip":32,"tiles_output_dim":true,"tile_rows_per_core":16.0,"is_matmul":false,"matmul_macs":0,"matmul_rows_per_core":0.0,"matmul_cols_per_core":0.0,"matmul_a_bytes":0,"matmul_b_bytes":0,"hbm_pattern":""},{"name":"exp","is_reduction":false,"out_elems":1048576,"cores":32,"dtype_bytes":2,"args":[{"name":"op2","role":"output","mem":"lx","elems":1048576,"broadcast":false,"dims":[32,512,64],"logical":[512,2048],"loop_factor":1},{"name":"buf1","role":"input","mem":"lx","elems":1048576,"broadcast":false,"dims":[32,512,64],"logical":[512,2048],"loop_factor":1}],"reduction_cores":1,"loop_trip":32,"tiles_output_dim":true,"tile_rows_per_core":16.0,"is_matmul":false,"matmul_macs":0,"matmul_rows_per_core":0.0,"matmul_cols_per_core":0.0,"matmul_a_bytes":0,"matmul_b_bytes":0,"hbm_pattern":""},{"name":"sum_1","is_reduction":true,"out_elems":32768,"cores":32,"dtype_bytes":2,"args":[{"name":"op3","role":"output","mem":"lx","elems":32768,"broadcast":false,"dims":[1,512,64],"logical":[512,1],"loop_factor":1},{"name":"buf2","role":"input","mem":"lx","elems":1048576,"broadcast":false,"dims":[32,512,64],"logical":[512,2048],"loop_factor":1}],"reduction_cores":1,"loop_trip":32,"tiles_output_dim":true,"tile_rows_per_core":16.0,"is_matmul":false,"matmul_macs":0,"matmul_rows_per_core":0.0,"matmul_cols_per_core":0.0,"matmul_a_bytes":0,"matmul_b_bytes":0,"hbm_pattern":""},{"name":"div","is_reduction":false,"out_elems":33554432,"cores":32,"dtype_bytes":2,"args":[{"name":"op4","role":"output","mem":"hbm","elems":33554432,"broadcast":false,"dims":[16384,2048],"logical":[16384,2048],"loop_factor":1},{"name":"buf2","role":"input","mem":"lx","elems":1048576,"broadcast":false,"dims":[32,512,64],"logical":[512,2048],"loop_factor":1},{"name":"buf3","role":"input","mem":"lx","elems":32768,"broadcast":true,"dims":[1,512,64],"logical":[512,1],"loop_factor":1}],"reduction_cores":1,"loop_trip":32,"tiles_output_dim":true,"tile_rows_per_core":16,"is_matmul":false,"matmul_macs":0,"matmul_rows_per_core":0.0,"matmul_cols_per_core":0.0,"matmul_a_bytes":0,"matmul_b_bytes":0,"hbm_pattern":""}]
SUMMARY op=softmax_row_tiling rows=16384 cols=2048 cores=32 tiles=32 lx=1 io_hbm_bytes=201326592 kernel_us=1383.464 pred_us=1347.358 err_pct=-2.6 bw_gbps=145.5 memset_us=1581.711 other_dev_us=2551.940 total_dev_us=5517.115
==== DONE -> forward /dev/null ====

################################################################
## >>> run_pointwise_ratio_sweep.sh 
################################################################
==== pointwise ratio sweep Thu Jul  9 22:40:33 UTC 2026 ====
git: 2012d4f  sections: RD WR
## RD ratio {sumrow,read,neg,add} x ROWS{2048,8192} x COLS{1024,2048,4096}
-- sumrow [2048,1024]
  op_it_space_splits={d0: 32, d1: 1}
IO -- device-layout I/O (cost model, stick-padded) --
IO   op sum_1 [reduction]
IO     output op0                    torch [2048] -> device [1, 2048, 64] in HBM = 131072 elems x 2B = 262144 B  (hbm counted: 262144 B)
IO     input  arg0_1                 torch [2048, 1024] -> device [16, 2048, 64] in HBM = 2097152 elems x 2B = 4194304 B  (hbm counted: 4194304 B)
IO   => HBM I/O total = 4456448 B  (lx 0 B, ~free)
MODEL -- estimate (turnaround): T = (R+W)/BW_PEAK + a*min(R,W) --
MODEL   R=4194304 B (read)   W=262144 B (write)   loop_trip L=1
MODEL   base = (R+W)/150 = 29.71 us
MODEL   turn = a*min(R,W) = 0.00574*262144 = 1.50 us
MODEL   => T_model = 31.21 us
MODEL FEATS [{"name":"sum_1","is_reduction":true,"out_elems":131072,"cores":32,"dtype_bytes":2,"args":[{"name":"op0","role":"output","mem":"hbm","elems":131072,"broadcast":false,"dims":[1,2048,64],"logical":[2048],"loop_factor":1},{"name":"arg0_1","role":"input","mem":"hbm","elems":2097152,"broadcast":false,"dims":[16,2048,64],"logical":[2048,1024],"loop_factor":1}],"reduction_cores":1,"loop_trip":1,"tiles_output_dim":false,"tile_rows_per_core":0.0,"is_matmul":false,"matmul_macs":0,"matmul_rows_per_core":0.0,"matmul_cols_per_core":0.0,"matmul_a_bytes":0,"matmul_b_bytes":0,"hbm_pattern":""}]
SUMMARY op=sumrow rows=2048 cols=1024 cores=32 tiles=0 lx=0 io_hbm_bytes=4456448 kernel_us=30.620 pred_us=31.214 err_pct=+1.9 bw_gbps=145.5 memset_us=29.727 other_dev_us=23.441 total_dev_us=83.788
-- read [2048,1024]
  op_it_space_splits={d0: 32, d1: 1}
IO -- device-layout I/O (cost model, stick-padded) --
IO   op sum_1 [reduction]
IO     output op0                    torch [2048] -> device [1, 2048, 64] in HBM = 131072 elems x 2B = 262144 B  (hbm counted: 262144 B)
IO     input  arg0_1                 torch [2048, 1024] -> device [16, 2048, 64] in HBM = 2097152 elems x 2B = 4194304 B  (hbm counted: 4194304 B)
IO   => HBM I/O total = 4456448 B  (lx 0 B, ~free)
MODEL -- estimate (turnaround): T = (R+W)/BW_PEAK + a*min(R,W) --
MODEL   R=4194304 B (read)   W=262144 B (write)   loop_trip L=1
MODEL   base = (R+W)/150 = 29.71 us
MODEL   turn = a*min(R,W) = 0.00574*262144 = 1.50 us
MODEL   => T_model = 31.21 us
MODEL FEATS [{"name":"sum_1","is_reduction":true,"out_elems":131072,"cores":32,"dtype_bytes":2,"args":[{"name":"op0","role":"output","mem":"hbm","elems":131072,"broadcast":false,"dims":[1,2048,64],"logical":[2048],"loop_factor":1},{"name":"arg0_1","role":"input","mem":"hbm","elems":2097152,"broadcast":false,"dims":[16,2048,64],"logical":[2048,1024],"loop_factor":1}],"reduction_cores":1,"loop_trip":1,"tiles_output_dim":false,"tile_rows_per_core":0.0,"is_matmul":false,"matmul_macs":0,"matmul_rows_per_core":0.0,"matmul_cols_per_core":0.0,"matmul_a_bytes":0,"matmul_b_bytes":0,"hbm_pattern":""}]
SUMMARY op=read rows=2048 cols=1024 cores=32 tiles=0 lx=0 io_hbm_bytes=4456448 kernel_us=30.068 pred_us=31.214 err_pct=+3.8 bw_gbps=148.2 memset_us=26.564 other_dev_us=23.053 total_dev_us=79.685
-- neg [2048,1024]
  op_it_space_splits={d0: 32, d1: 1}
IO -- device-layout I/O (cost model, stick-padded) --
IO   op neg
IO     output op0                    torch [2048, 1024] -> device [16, 2048, 64] in HBM = 2097152 elems x 2B = 4194304 B  (hbm counted: 4194304 B)
IO     input  arg0_1                 torch [2048, 1024] -> device [16, 2048, 64] in HBM = 2097152 elems x 2B = 4194304 B  (hbm counted: 4194304 B)
IO   => HBM I/O total = 8388608 B  (lx 0 B, ~free)
MODEL -- estimate (turnaround): T = (R+W)/BW_PEAK + a*min(R,W) --
MODEL   R=4194304 B (read)   W=4194304 B (write)   loop_trip L=1
MODEL   base = (R+W)/150 = 55.92 us
MODEL   turn = a*min(R,W) = 0.00574*4194304 = 24.08 us
MODEL   => T_model = 80.00 us
MODEL FEATS [{"name":"neg","is_reduction":false,"out_elems":2097152,"cores":32,"dtype_bytes":2,"args":[{"name":"op0","role":"output","mem":"hbm","elems":2097152,"broadcast":false,"dims":[16,2048,64],"logical":[2048,1024],"loop_factor":1},{"name":"arg0_1","role":"input","mem":"hbm","elems":2097152,"broadcast":false,"dims":[16,2048,64],"logical":[2048,1024],"loop_factor":1}],"reduction_cores":1,"loop_trip":1,"tiles_output_dim":false,"tile_rows_per_core":0.0,"is_matmul":false,"matmul_macs":0,"matmul_rows_per_core":0.0,"matmul_cols_per_core":0.0,"matmul_a_bytes":0,"matmul_b_bytes":0,"hbm_pattern":""}]
SUMMARY op=neg rows=2048 cols=1024 cores=32 tiles=0 lx=0 io_hbm_bytes=8388608 kernel_us=78.401 pred_us=79.999 err_pct=+2.0 bw_gbps=107.0 memset_us=109.943 other_dev_us=352.977 total_dev_us=541.321
-- add [2048,1024]
  op_it_space_splits={d0: 32, d1: 1}
IO -- device-layout I/O (cost model, stick-padded) --
IO   op add
IO     output op0                    torch [2048, 1024] -> device [16, 2048, 64] in HBM = 2097152 elems x 2B = 4194304 B  (hbm counted: 4194304 B)
IO     input  arg0_1                 torch [2048, 1024] -> device [16, 2048, 64] in HBM = 2097152 elems x 2B = 4194304 B  (hbm counted: 4194304 B)
IO     input  arg1_1                 torch [2048, 1024] -> device [16, 2048, 64] in HBM = 2097152 elems x 2B = 4194304 B  (hbm counted: 4194304 B)
IO   => HBM I/O total = 12582912 B  (lx 0 B, ~free)
MODEL -- estimate (turnaround): T = (R+W)/BW_PEAK + a*min(R,W) --
MODEL   R=8388608 B (read)   W=4194304 B (write)   loop_trip L=1
MODEL   base = (R+W)/150 = 83.89 us
MODEL   turn = a*min(R,W) = 0.00574*4194304 = 24.08 us
MODEL   => T_model = 107.96 us
MODEL FEATS [{"name":"add","is_reduction":false,"out_elems":2097152,"cores":32,"dtype_bytes":2,"args":[{"name":"op0","role":"output","mem":"hbm","elems":2097152,"broadcast":false,"dims":[16,2048,64],"logical":[2048,1024],"loop_factor":1},{"name":"arg0_1","role":"input","mem":"hbm","elems":2097152,"broadcast":false,"dims":[16,2048,64],"logical":[2048,1024],"loop_factor":1},{"name":"arg1_1","role":"input","mem":"hbm","elems":2097152,"broadcast":false,"dims":[16,2048,64],"logical":[2048,1024],"loop_factor":1}],"reduction_cores":1,"loop_trip":1,"tiles_output_dim":false,"tile_rows_per_core":0.0,"is_matmul":false,"matmul_macs":0,"matmul_rows_per_core":0.0,"matmul_cols_per_core":0.0,"matmul_a_bytes":0,"matmul_b_bytes":0,"hbm_pattern":""}]
SUMMARY op=add rows=2048 cols=1024 cores=32 tiles=0 lx=0 io_hbm_bytes=12582912 kernel_us=106.929 pred_us=107.961 err_pct=+1.0 bw_gbps=117.7 memset_us=123.638 other_dev_us=401.464 total_dev_us=632.031
-- sumrow [2048,2048]
  op_it_space_splits={d0: 32, d1: 1}
IO -- device-layout I/O (cost model, stick-padded) --
IO   op sum_1 [reduction]
IO     output op0                    torch [2048] -> device [1, 2048, 64] in HBM = 131072 elems x 2B = 262144 B  (hbm counted: 262144 B)
IO     input  arg0_1                 torch [2048, 2048] -> device [32, 2048, 64] in HBM = 4194304 elems x 2B = 8388608 B  (hbm counted: 8388608 B)
IO   => HBM I/O total = 8650752 B  (lx 0 B, ~free)
MODEL -- estimate (turnaround): T = (R+W)/BW_PEAK + a*min(R,W) --
MODEL   R=8388608 B (read)   W=262144 B (write)   loop_trip L=1
MODEL   base = (R+W)/150 = 57.67 us
MODEL   turn = a*min(R,W) = 0.00574*262144 = 1.50 us
MODEL   => T_model = 59.18 us
MODEL FEATS [{"name":"sum_1","is_reduction":true,"out_elems":131072,"cores":32,"dtype_bytes":2,"args":[{"name":"op0","role":"output","mem":"hbm","elems":131072,"broadcast":false,"dims":[1,2048,64],"logical":[2048],"loop_factor":1},{"name":"arg0_1","role":"input","mem":"hbm","elems":4194304,"broadcast":false,"dims":[32,2048,64],"logical":[2048,2048],"loop_factor":1}],"reduction_cores":1,"loop_trip":1,"tiles_output_dim":false,"tile_rows_per_core":0.0,"is_matmul":false,"matmul_macs":0,"matmul_rows_per_core":0.0,"matmul_cols_per_core":0.0,"matmul_a_bytes":0,"matmul_b_bytes":0,"hbm_pattern":""}]
SUMMARY op=sumrow rows=2048 cols=2048 cores=32 tiles=0 lx=0 io_hbm_bytes=8650752 kernel_us=59.025 pred_us=59.176 err_pct=+0.3 bw_gbps=146.6 memset_us=28.683 other_dev_us=23.650 total_dev_us=111.358
-- read [2048,2048]
  op_it_space_splits={d0: 32, d1: 1}
IO -- device-layout I/O (cost model, stick-padded) --
IO   op sum_1 [reduction]
IO     output op0                    torch [2048] -> device [1, 2048, 64] in HBM = 131072 elems x 2B = 262144 B  (hbm counted: 262144 B)
IO     input  arg0_1                 torch [2048, 2048] -> device [32, 2048, 64] in HBM = 4194304 elems x 2B = 8388608 B  (hbm counted: 8388608 B)
IO   => HBM I/O total = 8650752 B  (lx 0 B, ~free)
MODEL -- estimate (turnaround): T = (R+W)/BW_PEAK + a*min(R,W) --
MODEL   R=8388608 B (read)   W=262144 B (write)   loop_trip L=1
MODEL   base = (R+W)/150 = 57.67 us
MODEL   turn = a*min(R,W) = 0.00574*262144 = 1.50 us
MODEL   => T_model = 59.18 us
MODEL FEATS [{"name":"sum_1","is_reduction":true,"out_elems":131072,"cores":32,"dtype_bytes":2,"args":[{"name":"op0","role":"output","mem":"hbm","elems":131072,"broadcast":false,"dims":[1,2048,64],"logical":[2048],"loop_factor":1},{"name":"arg0_1","role":"input","mem":"hbm","elems":4194304,"broadcast":false,"dims":[32,2048,64],"logical":[2048,2048],"loop_factor":1}],"reduction_cores":1,"loop_trip":1,"tiles_output_dim":false,"tile_rows_per_core":0.0,"is_matmul":false,"matmul_macs":0,"matmul_rows_per_core":0.0,"matmul_cols_per_core":0.0,"matmul_a_bytes":0,"matmul_b_bytes":0,"hbm_pattern":""}]
SUMMARY op=read rows=2048 cols=2048 cores=32 tiles=0 lx=0 io_hbm_bytes=8650752 kernel_us=59.510 pred_us=59.176 err_pct=-0.6 bw_gbps=145.4 memset_us=27.643 other_dev_us=22.943 total_dev_us=110.096
-- neg [2048,2048]
  op_it_space_splits={d0: 32, d1: 1}
IO -- device-layout I/O (cost model, stick-padded) --
IO   op neg
IO     output op0                    torch [2048, 2048] -> device [32, 2048, 64] in HBM = 4194304 elems x 2B = 8388608 B  (hbm counted: 8388608 B)
IO     input  arg0_1                 torch [2048, 2048] -> device [32, 2048, 64] in HBM = 4194304 elems x 2B = 8388608 B  (hbm counted: 8388608 B)
IO   => HBM I/O total = 16777216 B  (lx 0 B, ~free)
MODEL -- estimate (turnaround): T = (R+W)/BW_PEAK + a*min(R,W) --
MODEL   R=8388608 B (read)   W=8388608 B (write)   loop_trip L=1
MODEL   base = (R+W)/150 = 111.85 us
MODEL   turn = a*min(R,W) = 0.00574*8388608 = 48.15 us
MODEL   => T_model = 160.00 us
MODEL FEATS [{"name":"neg","is_reduction":false,"out_elems":4194304,"cores":32,"dtype_bytes":2,"args":[{"name":"op0","role":"output","mem":"hbm","elems":4194304,"broadcast":false,"dims":[32,2048,64],"logical":[2048,2048],"loop_factor":1},{"name":"arg0_1","role":"input","mem":"hbm","elems":4194304,"broadcast":false,"dims":[32,2048,64],"logical":[2048,2048],"loop_factor":1}],"reduction_cores":1,"loop_trip":1,"tiles_output_dim":false,"tile_rows_per_core":0.0,"is_matmul":false,"matmul_macs":0,"matmul_rows_per_core":0.0,"matmul_cols_per_core":0.0,"matmul_a_bytes":0,"matmul_b_bytes":0,"hbm_pattern":""}]
SUMMARY op=neg rows=2048 cols=2048 cores=32 tiles=0 lx=0 io_hbm_bytes=16777216 kernel_us=160.803 pred_us=159.999 err_pct=-0.5 bw_gbps=104.3 memset_us=159.948 other_dev_us=507.598 total_dev_us=828.349
-- add [2048,2048]
  op_it_space_splits={d0: 32, d1: 1}
IO -- device-layout I/O (cost model, stick-padded) --
IO   op add
IO     output op0                    torch [2048, 2048] -> device [32, 2048, 64] in HBM = 4194304 elems x 2B = 8388608 B  (hbm counted: 8388608 B)
IO     input  arg0_1                 torch [2048, 2048] -> device [32, 2048, 64] in HBM = 4194304 elems x 2B = 8388608 B  (hbm counted: 8388608 B)
IO     input  arg1_1                 torch [2048, 2048] -> device [32, 2048, 64] in HBM = 4194304 elems x 2B = 8388608 B  (hbm counted: 8388608 B)
IO   => HBM I/O total = 25165824 B  (lx 0 B, ~free)
MODEL -- estimate (turnaround): T = (R+W)/BW_PEAK + a*min(R,W) --
MODEL   R=16777216 B (read)   W=8388608 B (write)   loop_trip L=1
MODEL   base = (R+W)/150 = 167.77 us
MODEL   turn = a*min(R,W) = 0.00574*8388608 = 48.15 us
MODEL   => T_model = 215.92 us
MODEL FEATS [{"name":"add","is_reduction":false,"out_elems":4194304,"cores":32,"dtype_bytes":2,"args":[{"name":"op0","role":"output","mem":"hbm","elems":4194304,"broadcast":false,"dims":[32,2048,64],"logical":[2048,2048],"loop_factor":1},{"name":"arg0_1","role":"input","mem":"hbm","elems":4194304,"broadcast":false,"dims":[32,2048,64],"logical":[2048,2048],"loop_factor":1},{"name":"arg1_1","role":"input","mem":"hbm","elems":4194304,"broadcast":false,"dims":[32,2048,64],"logical":[2048,2048],"loop_factor":1}],"reduction_cores":1,"loop_trip":1,"tiles_output_dim":false,"tile_rows_per_core":0.0,"is_matmul":false,"matmul_macs":0,"matmul_rows_per_core":0.0,"matmul_cols_per_core":0.0,"matmul_a_bytes":0,"matmul_b_bytes":0,"hbm_pattern":""}]
SUMMARY op=add rows=2048 cols=2048 cores=32 tiles=0 lx=0 io_hbm_bytes=25165824 kernel_us=215.033 pred_us=215.923 err_pct=+0.4 bw_gbps=117.0 memset_us=187.524 other_dev_us=579.376 total_dev_us=981.933
-- sumrow [2048,4096]
  op_it_space_splits={d0: 32, d1: 1}
IO -- device-layout I/O (cost model, stick-padded) --
IO   op sum_1 [reduction]
IO     output op0                    torch [2048] -> device [1, 2048, 64] in HBM = 131072 elems x 2B = 262144 B  (hbm counted: 262144 B)
IO     input  arg0_1                 torch [2048, 4096] -> device [64, 2048, 64] in HBM = 8388608 elems x 2B = 16777216 B  (hbm counted: 16777216 B)
IO   => HBM I/O total = 17039360 B  (lx 0 B, ~free)
MODEL -- estimate (turnaround): T = (R+W)/BW_PEAK + a*min(R,W) --
MODEL   R=16777216 B (read)   W=262144 B (write)   loop_trip L=1
MODEL   base = (R+W)/150 = 113.60 us
MODEL   turn = a*min(R,W) = 0.00574*262144 = 1.50 us
MODEL   => T_model = 115.10 us
MODEL FEATS [{"name":"sum_1","is_reduction":true,"out_elems":131072,"cores":32,"dtype_bytes":2,"args":[{"name":"op0","role":"output","mem":"hbm","elems":131072,"broadcast":false,"dims":[1,2048,64],"logical":[2048],"loop_factor":1},{"name":"arg0_1","role":"input","mem":"hbm","elems":8388608,"broadcast":false,"dims":[64,2048,64],"logical":[2048,4096],"loop_factor":1}],"reduction_cores":1,"loop_trip":1,"tiles_output_dim":false,"tile_rows_per_core":0.0,"is_matmul":false,"matmul_macs":0,"matmul_rows_per_core":0.0,"matmul_cols_per_core":0.0,"matmul_a_bytes":0,"matmul_b_bytes":0,"hbm_pattern":""}]
SUMMARY op=sumrow rows=2048 cols=4096 cores=32 tiles=0 lx=0 io_hbm_bytes=17039360 kernel_us=111.436 pred_us=115.100 err_pct=+3.3 bw_gbps=152.9 memset_us=23.131 other_dev_us=22.657 total_dev_us=157.224
-- read [2048,4096]
  op_it_space_splits={d0: 32, d1: 1}
IO -- device-layout I/O (cost model, stick-padded) --
IO   op sum_1 [reduction]
IO     output op0                    torch [2048] -> device [1, 2048, 64] in HBM = 131072 elems x 2B = 262144 B  (hbm counted: 262144 B)
IO     input  arg0_1                 torch [2048, 4096] -> device [64, 2048, 64] in HBM = 8388608 elems x 2B = 16777216 B  (hbm counted: 16777216 B)
IO   => HBM I/O total = 17039360 B  (lx 0 B, ~free)
MODEL -- estimate (turnaround): T = (R+W)/BW_PEAK + a*min(R,W) --
MODEL   R=16777216 B (read)   W=262144 B (write)   loop_trip L=1
MODEL   base = (R+W)/150 = 113.60 us
MODEL   turn = a*min(R,W) = 0.00574*262144 = 1.50 us
MODEL   => T_model = 115.10 us
MODEL FEATS [{"name":"sum_1","is_reduction":true,"out_elems":131072,"cores":32,"dtype_bytes":2,"args":[{"name":"op0","role":"output","mem":"hbm","elems":131072,"broadcast":false,"dims":[1,2048,64],"logical":[2048],"loop_factor":1},{"name":"arg0_1","role":"input","mem":"hbm","elems":8388608,"broadcast":false,"dims":[64,2048,64],"logical":[2048,4096],"loop_factor":1}],"reduction_cores":1,"loop_trip":1,"tiles_output_dim":false,"tile_rows_per_core":0.0,"is_matmul":false,"matmul_macs":0,"matmul_rows_per_core":0.0,"matmul_cols_per_core":0.0,"matmul_a_bytes":0,"matmul_b_bytes":0,"hbm_pattern":""}]
SUMMARY op=read rows=2048 cols=4096 cores=32 tiles=0 lx=0 io_hbm_bytes=17039360 kernel_us=112.762 pred_us=115.100 err_pct=+2.1 bw_gbps=151.1 memset_us=23.563 other_dev_us=22.866 total_dev_us=159.191
-- neg [2048,4096]
  op_it_space_splits={d0: 32, d1: 1}
IO -- device-layout I/O (cost model, stick-padded) --
IO   op neg
IO     output op0                    torch [2048, 4096] -> device [64, 2048, 64] in HBM = 8388608 elems x 2B = 16777216 B  (hbm counted: 16777216 B)
IO     input  arg0_1                 torch [2048, 4096] -> device [64, 2048, 64] in HBM = 8388608 elems x 2B = 16777216 B  (hbm counted: 16777216 B)
IO   => HBM I/O total = 33554432 B  (lx 0 B, ~free)
MODEL -- estimate (turnaround): T = (R+W)/BW_PEAK + a*min(R,W) --
MODEL   R=16777216 B (read)   W=16777216 B (write)   loop_trip L=1
MODEL   base = (R+W)/150 = 223.70 us
MODEL   turn = a*min(R,W) = 0.00574*16777216 = 96.30 us
MODEL   => T_model = 320.00 us
MODEL FEATS [{"name":"neg","is_reduction":false,"out_elems":8388608,"cores":32,"dtype_bytes":2,"args":[{"name":"op0","role":"output","mem":"hbm","elems":8388608,"broadcast":false,"dims":[64,2048,64],"logical":[2048,4096],"loop_factor":1},{"name":"arg0_1","role":"input","mem":"hbm","elems":8388608,"broadcast":false,"dims":[64,2048,64],"logical":[2048,4096],"loop_factor":1}],"reduction_cores":1,"loop_trip":1,"tiles_output_dim":false,"tile_rows_per_core":0.0,"is_matmul":false,"matmul_macs":0,"matmul_rows_per_core":0.0,"matmul_cols_per_core":0.0,"matmul_a_bytes":0,"matmul_b_bytes":0,"hbm_pattern":""}]
SUMMARY op=neg rows=2048 cols=4096 cores=32 tiles=0 lx=0 io_hbm_bytes=33554432 kernel_us=318.718 pred_us=319.997 err_pct=+0.4 bw_gbps=105.3 memset_us=238.575 other_dev_us=983.088 total_dev_us=1540.381
-- add [2048,4096]
  op_it_space_splits={d0: 32, d1: 1}
IO -- device-layout I/O (cost model, stick-padded) --
IO   op add
IO     output op0                    torch [2048, 4096] -> device [64, 2048, 64] in HBM = 8388608 elems x 2B = 16777216 B  (hbm counted: 16777216 B)
IO     input  arg0_1                 torch [2048, 4096] -> device [64, 2048, 64] in HBM = 8388608 elems x 2B = 16777216 B  (hbm counted: 16777216 B)
IO     input  arg1_1                 torch [2048, 4096] -> device [64, 2048, 64] in HBM = 8388608 elems x 2B = 16777216 B  (hbm counted: 16777216 B)
IO   => HBM I/O total = 50331648 B  (lx 0 B, ~free)
MODEL -- estimate (turnaround): T = (R+W)/BW_PEAK + a*min(R,W) --
MODEL   R=33554432 B (read)   W=16777216 B (write)   loop_trip L=1
MODEL   base = (R+W)/150 = 335.54 us
MODEL   turn = a*min(R,W) = 0.00574*16777216 = 96.30 us
MODEL   => T_model = 431.85 us
MODEL FEATS [{"name":"add","is_reduction":false,"out_elems":8388608,"cores":32,"dtype_bytes":2,"args":[{"name":"op0","role":"output","mem":"hbm","elems":8388608,"broadcast":false,"dims":[64,2048,64],"logical":[2048,4096],"loop_factor":1},{"name":"arg0_1","role":"input","mem":"hbm","elems":8388608,"broadcast":false,"dims":[64,2048,64],"logical":[2048,4096],"loop_factor":1},{"name":"arg1_1","role":"input","mem":"hbm","elems":8388608,"broadcast":false,"dims":[64,2048,64],"logical":[2048,4096],"loop_factor":1}],"reduction_cores":1,"loop_trip":1,"tiles_output_dim":false,"tile_rows_per_core":0.0,"is_matmul":false,"matmul_macs":0,"matmul_rows_per_core":0.0,"matmul_cols_per_core":0.0,"matmul_a_bytes":0,"matmul_b_bytes":0,"hbm_pattern":""}]
SUMMARY op=add rows=2048 cols=4096 cores=32 tiles=0 lx=0 io_hbm_bytes=50331648 kernel_us=435.898 pred_us=431.846 err_pct=-0.9 bw_gbps=115.5 memset_us=239.671 other_dev_us=922.365 total_dev_us=1597.934
-- sumrow [8192,1024]
  op_it_space_splits={d0: 32, d1: 1}
IO -- device-layout I/O (cost model, stick-padded) --
IO   op sum_1 [reduction]
IO     output op0                    torch [8192] -> device [1, 8192, 64] in HBM = 524288 elems x 2B = 1048576 B  (hbm counted: 1048576 B)
IO     input  arg0_1                 torch [8192, 1024] -> device [16, 8192, 64] in HBM = 8388608 elems x 2B = 16777216 B  (hbm counted: 16777216 B)
IO   => HBM I/O total = 17825792 B  (lx 0 B, ~free)
MODEL -- estimate (turnaround): T = (R+W)/BW_PEAK + a*min(R,W) --
MODEL   R=16777216 B (read)   W=1048576 B (write)   loop_trip L=1
MODEL   base = (R+W)/150 = 118.84 us
MODEL   turn = a*min(R,W) = 0.00574*1048576 = 6.02 us
MODEL   => T_model = 124.86 us
MODEL FEATS [{"name":"sum_1","is_reduction":true,"out_elems":524288,"cores":32,"dtype_bytes":2,"args":[{"name":"op0","role":"output","mem":"hbm","elems":524288,"broadcast":false,"dims":[1,8192,64],"logical":[8192],"loop_factor":1},{"name":"arg0_1","role":"input","mem":"hbm","elems":8388608,"broadcast":false,"dims":[16,8192,64],"logical":[8192,1024],"loop_factor":1}],"reduction_cores":1,"loop_trip":1,"tiles_output_dim":false,"tile_rows_per_core":0.0,"is_matmul":false,"matmul_macs":0,"matmul_rows_per_core":0.0,"matmul_cols_per_core":0.0,"matmul_a_bytes":0,"matmul_b_bytes":0,"hbm_pattern":""}]
SUMMARY op=sumrow rows=8192 cols=1024 cores=32 tiles=0 lx=0 io_hbm_bytes=17825792 kernel_us=139.821 pred_us=124.857 err_pct=-10.7 bw_gbps=127.5 memset_us=42.648 other_dev_us=120.460 total_dev_us=302.929
-- read [8192,1024]
  op_it_space_splits={d0: 32, d1: 1}
IO -- device-layout I/O (cost model, stick-padded) --
IO   op sum_1 [reduction]
IO     output op0                    torch [8192] -> device [1, 8192, 64] in HBM = 524288 elems x 2B = 1048576 B  (hbm counted: 1048576 B)
IO     input  arg0_1                 torch [8192, 1024] -> device [16, 8192, 64] in HBM = 8388608 elems x 2B = 16777216 B  (hbm counted: 16777216 B)
IO   => HBM I/O total = 17825792 B  (lx 0 B, ~free)
MODEL -- estimate (turnaround): T = (R+W)/BW_PEAK + a*min(R,W) --
MODEL   R=16777216 B (read)   W=1048576 B (write)   loop_trip L=1
MODEL   base = (R+W)/150 = 118.84 us
MODEL   turn = a*min(R,W) = 0.00574*1048576 = 6.02 us
MODEL   => T_model = 124.86 us
MODEL FEATS [{"name":"sum_1","is_reduction":true,"out_elems":524288,"cores":32,"dtype_bytes":2,"args":[{"name":"op0","role":"output","mem":"hbm","elems":524288,"broadcast":false,"dims":[1,8192,64],"logical":[8192],"loop_factor":1},{"name":"arg0_1","role":"input","mem":"hbm","elems":8388608,"broadcast":false,"dims":[16,8192,64],"logical":[8192,1024],"loop_factor":1}],"reduction_cores":1,"loop_trip":1,"tiles_output_dim":false,"tile_rows_per_core":0.0,"is_matmul":false,"matmul_macs":0,"matmul_rows_per_core":0.0,"matmul_cols_per_core":0.0,"matmul_a_bytes":0,"matmul_b_bytes":0,"hbm_pattern":""}]
SUMMARY op=read rows=8192 cols=1024 cores=32 tiles=0 lx=0 io_hbm_bytes=17825792 kernel_us=144.747 pred_us=124.857 err_pct=-13.7 bw_gbps=123.2 memset_us=46.839 other_dev_us=179.778 total_dev_us=371.364
-- neg [8192,1024]
  op_it_space_splits={d0: 32, d1: 1}
IO -- device-layout I/O (cost model, stick-padded) --
IO   op neg
IO     output op0                    torch [8192, 1024] -> device [16, 8192, 64] in HBM = 8388608 elems x 2B = 16777216 B  (hbm counted: 16777216 B)
IO     input  arg0_1                 torch [8192, 1024] -> device [16, 8192, 64] in HBM = 8388608 elems x 2B = 16777216 B  (hbm counted: 16777216 B)
IO   => HBM I/O total = 33554432 B  (lx 0 B, ~free)
MODEL -- estimate (turnaround): T = (R+W)/BW_PEAK + a*min(R,W) --
MODEL   R=16777216 B (read)   W=16777216 B (write)   loop_trip L=1
MODEL   base = (R+W)/150 = 223.70 us
MODEL   turn = a*min(R,W) = 0.00574*16777216 = 96.30 us
MODEL   => T_model = 320.00 us
MODEL FEATS [{"name":"neg","is_reduction":false,"out_elems":8388608,"cores":32,"dtype_bytes":2,"args":[{"name":"op0","role":"output","mem":"hbm","elems":8388608,"broadcast":false,"dims":[16,8192,64],"logical":[8192,1024],"loop_factor":1},{"name":"arg0_1","role":"input","mem":"hbm","elems":8388608,"broadcast":false,"dims":[16,8192,64],"logical":[8192,1024],"loop_factor":1}],"reduction_cores":1,"loop_trip":1,"tiles_output_dim":false,"tile_rows_per_core":0.0,"is_matmul":false,"matmul_macs":0,"matmul_rows_per_core":0.0,"matmul_cols_per_core":0.0,"matmul_a_bytes":0,"matmul_b_bytes":0,"hbm_pattern":""}]
SUMMARY op=neg rows=8192 cols=1024 cores=32 tiles=0 lx=0 io_hbm_bytes=33554432 kernel_us=319.336 pred_us=319.997 err_pct=+0.2 bw_gbps=105.1 memset_us=280.357 other_dev_us=884.848 total_dev_us=1484.541
-- add [8192,1024]
  op_it_space_splits={d0: 32, d1: 1}
IO -- device-layout I/O (cost model, stick-padded) --
IO   op add
IO     output op0                    torch [8192, 1024] -> device [16, 8192, 64] in HBM = 8388608 elems x 2B = 16777216 B  (hbm counted: 16777216 B)
IO     input  arg0_1                 torch [8192, 1024] -> device [16, 8192, 64] in HBM = 8388608 elems x 2B = 16777216 B  (hbm counted: 16777216 B)
IO     input  arg1_1                 torch [8192, 1024] -> device [16, 8192, 64] in HBM = 8388608 elems x 2B = 16777216 B  (hbm counted: 16777216 B)
IO   => HBM I/O total = 50331648 B  (lx 0 B, ~free)
MODEL -- estimate (turnaround): T = (R+W)/BW_PEAK + a*min(R,W) --
MODEL   R=33554432 B (read)   W=16777216 B (write)   loop_trip L=1
MODEL   base = (R+W)/150 = 335.54 us
MODEL   turn = a*min(R,W) = 0.00574*16777216 = 96.30 us
MODEL   => T_model = 431.85 us
MODEL FEATS [{"name":"add","is_reduction":false,"out_elems":8388608,"cores":32,"dtype_bytes":2,"args":[{"name":"op0","role":"output","mem":"hbm","elems":8388608,"broadcast":false,"dims":[16,8192,64],"logical":[8192,1024],"loop_factor":1},{"name":"arg0_1","role":"input","mem":"hbm","elems":8388608,"broadcast":false,"dims":[16,8192,64],"logical":[8192,1024],"loop_factor":1},{"name":"arg1_1","role":"input","mem":"hbm","elems":8388608,"broadcast":false,"dims":[16,8192,64],"logical":[8192,1024],"loop_factor":1}],"reduction_cores":1,"loop_trip":1,"tiles_output_dim":false,"tile_rows_per_core":0.0,"is_matmul":false,"matmul_macs":0,"matmul_rows_per_core":0.0,"matmul_cols_per_core":0.0,"matmul_a_bytes":0,"matmul_b_bytes":0,"hbm_pattern":""}]
SUMMARY op=add rows=8192 cols=1024 cores=32 tiles=0 lx=0 io_hbm_bytes=50331648 kernel_us=446.604 pred_us=431.846 err_pct=-3.3 bw_gbps=112.7 memset_us=237.423 other_dev_us=990.393 total_dev_us=1674.420
-- sumrow [8192,2048]
  op_it_space_splits={d0: 32, d1: 1}
IO -- device-layout I/O (cost model, stick-padded) --
IO   op sum_1 [reduction]
IO     output op0                    torch [8192] -> device [1, 8192, 64] in HBM = 524288 elems x 2B = 1048576 B  (hbm counted: 1048576 B)
IO     input  arg0_1                 torch [8192, 2048] -> device [32, 8192, 64] in HBM = 16777216 elems x 2B = 33554432 B  (hbm counted: 33554432 B)
IO   => HBM I/O total = 34603008 B  (lx 0 B, ~free)
MODEL -- estimate (turnaround): T = (R+W)/BW_PEAK + a*min(R,W) --
MODEL   R=33554432 B (read)   W=1048576 B (write)   loop_trip L=1
MODEL   base = (R+W)/150 = 230.69 us
MODEL   turn = a*min(R,W) = 0.00574*1048576 = 6.02 us
MODEL   => T_model = 236.71 us
MODEL FEATS [{"name":"sum_1","is_reduction":true,"out_elems":524288,"cores":32,"dtype_bytes":2,"args":[{"name":"op0","role":"output","mem":"hbm","elems":524288,"broadcast":false,"dims":[1,8192,64],"logical":[8192],"loop_factor":1},{"name":"arg0_1","role":"input","mem":"hbm","elems":16777216,"broadcast":false,"dims":[32,8192,64],"logical":[8192,2048],"loop_factor":1}],"reduction_cores":1,"loop_trip":1,"tiles_output_dim":false,"tile_rows_per_core":0.0,"is_matmul":false,"matmul_macs":0,"matmul_rows_per_core":0.0,"matmul_cols_per_core":0.0,"matmul_a_bytes":0,"matmul_b_bytes":0,"hbm_pattern":""}]
SUMMARY op=sumrow rows=8192 cols=2048 cores=32 tiles=0 lx=0 io_hbm_bytes=34603008 kernel_us=276.995 pred_us=236.706 err_pct=-14.5 bw_gbps=124.9 memset_us=40.196 other_dev_us=183.037 total_dev_us=500.228
-- read [8192,2048]
  op_it_space_splits={d0: 32, d1: 1}
IO -- device-layout I/O (cost model, stick-padded) --
IO   op sum_1 [reduction]
IO     output op0                    torch [8192] -> device [1, 8192, 64] in HBM = 524288 elems x 2B = 1048576 B  (hbm counted: 1048576 B)
IO     input  arg0_1                 torch [8192, 2048] -> device [32, 8192, 64] in HBM = 16777216 elems x 2B = 33554432 B  (hbm counted: 33554432 B)
IO   => HBM I/O total = 34603008 B  (lx 0 B, ~free)
MODEL -- estimate (turnaround): T = (R+W)/BW_PEAK + a*min(R,W) --
MODEL   R=33554432 B (read)   W=1048576 B (write)   loop_trip L=1
MODEL   base = (R+W)/150 = 230.69 us
MODEL   turn = a*min(R,W) = 0.00574*1048576 = 6.02 us
MODEL   => T_model = 236.71 us
MODEL FEATS [{"name":"sum_1","is_reduction":true,"out_elems":524288,"cores":32,"dtype_bytes":2,"args":[{"name":"op0","role":"output","mem":"hbm","elems":524288,"broadcast":false,"dims":[1,8192,64],"logical":[8192],"loop_factor":1},{"name":"arg0_1","role":"input","mem":"hbm","elems":16777216,"broadcast":false,"dims":[32,8192,64],"logical":[8192,2048],"loop_factor":1}],"reduction_cores":1,"loop_trip":1,"tiles_output_dim":false,"tile_rows_per_core":0.0,"is_matmul":false,"matmul_macs":0,"matmul_rows_per_core":0.0,"matmul_cols_per_core":0.0,"matmul_a_bytes":0,"matmul_b_bytes":0,"hbm_pattern":""}]
SUMMARY op=read rows=8192 cols=2048 cores=32 tiles=0 lx=0 io_hbm_bytes=34603008 kernel_us=281.821 pred_us=236.706 err_pct=-16.0 bw_gbps=122.8 memset_us=42.929 other_dev_us=178.928 total_dev_us=503.678
-- neg [8192,2048]
  op_it_space_splits={d0: 32, d1: 1}
IO -- device-layout I/O (cost model, stick-padded) --
IO   op neg
IO     output op0                    torch [8192, 2048] -> device [32, 8192, 64] in HBM = 16777216 elems x 2B = 33554432 B  (hbm counted: 33554432 B)
IO     input  arg0_1                 torch [8192, 2048] -> device [32, 8192, 64] in HBM = 16777216 elems x 2B = 33554432 B  (hbm counted: 33554432 B)
IO   => HBM I/O total = 67108864 B  (lx 0 B, ~free)
MODEL -- estimate (turnaround): T = (R+W)/BW_PEAK + a*min(R,W) --
MODEL   R=33554432 B (read)   W=33554432 B (write)   loop_trip L=1
MODEL   base = (R+W)/150 = 447.39 us
MODEL   turn = a*min(R,W) = 0.00574*33554432 = 192.60 us
MODEL   => T_model = 639.99 us
MODEL FEATS [{"name":"neg","is_reduction":false,"out_elems":16777216,"cores":32,"dtype_bytes":2,"args":[{"name":"op0","role":"output","mem":"hbm","elems":16777216,"broadcast":false,"dims":[32,8192,64],"logical":[8192,2048],"loop_factor":1},{"name":"arg0_1","role":"input","mem":"hbm","elems":16777216,"broadcast":false,"dims":[32,8192,64],"logical":[8192,2048],"loop_factor":1}],"reduction_cores":1,"loop_trip":1,"tiles_output_dim":false,"tile_rows_per_core":0.0,"is_matmul":false,"matmul_macs":0,"matmul_rows_per_core":0.0,"matmul_cols_per_core":0.0,"matmul_a_bytes":0,"matmul_b_bytes":0,"hbm_pattern":""}]
SUMMARY op=neg rows=8192 cols=2048 cores=32 tiles=0 lx=0 io_hbm_bytes=67108864 kernel_us=650.960 pred_us=639.995 err_pct=-1.7 bw_gbps=103.1 memset_us=445.178 other_dev_us=2292.864 total_dev_us=3389.002
-- add [8192,2048]
  op_it_space_splits={d0: 32, d1: 1}
IO -- device-layout I/O (cost model, stick-padded) --
IO   op add
IO     output op0                    torch [8192, 2048] -> device [32, 8192, 64] in HBM = 16777216 elems x 2B = 33554432 B  (hbm counted: 33554432 B)
IO     input  arg0_1                 torch [8192, 2048] -> device [32, 8192, 64] in HBM = 16777216 elems x 2B = 33554432 B  (hbm counted: 33554432 B)
IO     input  arg1_1                 torch [8192, 2048] -> device [32, 8192, 64] in HBM = 16777216 elems x 2B = 33554432 B  (hbm counted: 33554432 B)
IO   => HBM I/O total = 100663296 B  (lx 0 B, ~free)
MODEL -- estimate (turnaround): T = (R+W)/BW_PEAK + a*min(R,W) --
MODEL   R=67108864 B (read)   W=33554432 B (write)   loop_trip L=1
MODEL   base = (R+W)/150 = 671.09 us
MODEL   turn = a*min(R,W) = 0.00574*33554432 = 192.60 us
MODEL   => T_model = 863.69 us
MODEL FEATS [{"name":"add","is_reduction":false,"out_elems":16777216,"cores":32,"dtype_bytes":2,"args":[{"name":"op0","role":"output","mem":"hbm","elems":16777216,"broadcast":false,"dims":[32,8192,64],"logical":[8192,2048],"loop_factor":1},{"name":"arg0_1","role":"input","mem":"hbm","elems":16777216,"broadcast":false,"dims":[32,8192,64],"logical":[8192,2048],"loop_factor":1},{"name":"arg1_1","role":"input","mem":"hbm","elems":16777216,"broadcast":false,"dims":[32,8192,64],"logical":[8192,2048],"loop_factor":1}],"reduction_cores":1,"loop_trip":1,"tiles_output_dim":false,"tile_rows_per_core":0.0,"is_matmul":false,"matmul_macs":0,"matmul_rows_per_core":0.0,"matmul_cols_per_core":0.0,"matmul_a_bytes":0,"matmul_b_bytes":0,"hbm_pattern":""}]
SUMMARY op=add rows=8192 cols=2048 cores=32 tiles=0 lx=0 io_hbm_bytes=100663296 kernel_us=913.505 pred_us=863.691 err_pct=-5.5 bw_gbps=110.2 memset_us=404.158 other_dev_us=2339.171 total_dev_us=3656.834
-- sumrow [8192,4096]
  op_it_space_splits={d0: 32, d1: 1}
IO -- device-layout I/O (cost model, stick-padded) --
IO   op sum_1 [reduction]
IO     output op0                    torch [8192] -> device [1, 8192, 64] in HBM = 524288 elems x 2B = 1048576 B  (hbm counted: 1048576 B)
IO     input  arg0_1                 torch [8192, 4096] -> device [64, 8192, 64] in HBM = 33554432 elems x 2B = 67108864 B  (hbm counted: 67108864 B)
IO   => HBM I/O total = 68157440 B  (lx 0 B, ~free)
MODEL -- estimate (turnaround): T = (R+W)/BW_PEAK + a*min(R,W) --
MODEL   R=67108864 B (read)   W=1048576 B (write)   loop_trip L=1
MODEL   base = (R+W)/150 = 454.38 us
MODEL   turn = a*min(R,W) = 0.00574*1048576 = 6.02 us
MODEL   => T_model = 460.40 us
MODEL FEATS [{"name":"sum_1","is_reduction":true,"out_elems":524288,"cores":32,"dtype_bytes":2,"args":[{"name":"op0","role":"output","mem":"hbm","elems":524288,"broadcast":false,"dims":[1,8192,64],"logical":[8192],"loop_factor":1},{"name":"arg0_1","role":"input","mem":"hbm","elems":33554432,"broadcast":false,"dims":[64,8192,64],"logical":[8192,4096],"loop_factor":1}],"reduction_cores":1,"loop_trip":1,"tiles_output_dim":false,"tile_rows_per_core":0.0,"is_matmul":false,"matmul_macs":0,"matmul_rows_per_core":0.0,"matmul_cols_per_core":0.0,"matmul_a_bytes":0,"matmul_b_bytes":0,"hbm_pattern":""}]
SUMMARY op=sumrow rows=8192 cols=4096 cores=32 tiles=0 lx=0 io_hbm_bytes=68157440 kernel_us=559.691 pred_us=460.402 err_pct=-17.7 bw_gbps=121.8 memset_us=61.148 other_dev_us=167.857 total_dev_us=788.696
-- read [8192,4096]
  op_it_space_splits={d0: 32, d1: 1}
IO -- device-layout I/O (cost model, stick-padded) --
IO   op sum_1 [reduction]
IO     output op0                    torch [8192] -> device [1, 8192, 64] in HBM = 524288 elems x 2B = 1048576 B  (hbm counted: 1048576 B)
IO     input  arg0_1                 torch [8192, 4096] -> device [64, 8192, 64] in HBM = 33554432 elems x 2B = 67108864 B  (hbm counted: 67108864 B)
IO   => HBM I/O total = 68157440 B  (lx 0 B, ~free)
MODEL -- estimate (turnaround): T = (R+W)/BW_PEAK + a*min(R,W) --
MODEL   R=67108864 B (read)   W=1048576 B (write)   loop_trip L=1
MODEL   base = (R+W)/150 = 454.38 us
MODEL   turn = a*min(R,W) = 0.00574*1048576 = 6.02 us
MODEL   => T_model = 460.40 us
MODEL FEATS [{"name":"sum_1","is_reduction":true,"out_elems":524288,"cores":32,"dtype_bytes":2,"args":[{"name":"op0","role":"output","mem":"hbm","elems":524288,"broadcast":false,"dims":[1,8192,64],"logical":[8192],"loop_factor":1},{"name":"arg0_1","role":"input","mem":"hbm","elems":33554432,"broadcast":false,"dims":[64,8192,64],"logical":[8192,4096],"loop_factor":1}],"reduction_cores":1,"loop_trip":1,"tiles_output_dim":false,"tile_rows_per_core":0.0,"is_matmul":false,"matmul_macs":0,"matmul_rows_per_core":0.0,"matmul_cols_per_core":0.0,"matmul_a_bytes":0,"matmul_b_bytes":0,"hbm_pattern":""}]
SUMMARY op=read rows=8192 cols=4096 cores=32 tiles=0 lx=0 io_hbm_bytes=68157440 kernel_us=545.072 pred_us=460.402 err_pct=-15.5 bw_gbps=125.0 memset_us=41.587 other_dev_us=178.846 total_dev_us=765.505
-- neg [8192,4096]
  op_it_space_splits={d0: 32, d1: 1}
IO -- device-layout I/O (cost model, stick-padded) --
IO   op neg
IO     output op0                    torch [8192, 4096] -> device [64, 8192, 64] in HBM = 33554432 elems x 2B = 67108864 B  (hbm counted: 67108864 B)
IO     input  arg0_1                 torch [8192, 4096] -> device [64, 8192, 64] in HBM = 33554432 elems x 2B = 67108864 B  (hbm counted: 67108864 B)
IO   => HBM I/O total = 134217728 B  (lx 0 B, ~free)
MODEL -- estimate (turnaround): T = (R+W)/BW_PEAK + a*min(R,W) --
MODEL   R=67108864 B (read)   W=67108864 B (write)   loop_trip L=1
MODEL   base = (R+W)/150 = 894.78 us
MODEL   turn = a*min(R,W) = 0.00574*67108864 = 385.20 us
MODEL   => T_model = 1279.99 us
MODEL FEATS [{"name":"neg","is_reduction":false,"out_elems":33554432,"cores":32,"dtype_bytes":2,"args":[{"name":"op0","role":"output","mem":"hbm","elems":33554432,"broadcast":false,"dims":[64,8192,64],"logical":[8192,4096],"loop_factor":1},{"name":"arg0_1","role":"input","mem":"hbm","elems":33554432,"broadcast":false,"dims":[64,8192,64],"logical":[8192,4096],"loop_factor":1}],"reduction_cores":1,"loop_trip":1,"tiles_output_dim":false,"tile_rows_per_core":0.0,"is_matmul":false,"matmul_macs":0,"matmul_rows_per_core":0.0,"matmul_cols_per_core":0.0,"matmul_a_bytes":0,"matmul_b_bytes":0,"hbm_pattern":""}]
SUMMARY op=neg rows=8192 cols=4096 cores=32 tiles=0 lx=0 io_hbm_bytes=134217728 kernel_us=1298.854 pred_us=1279.990 err_pct=-1.5 bw_gbps=103.3 memset_us=1086.830 other_dev_us=6108.108 total_dev_us=8493.792
-- add [8192,4096]
  op_it_space_splits={d0: 32, d1: 1}
IO -- device-layout I/O (cost model, stick-padded) --
IO   op add
IO     output op0                    torch [8192, 4096] -> device [64, 8192, 64] in HBM = 33554432 elems x 2B = 67108864 B  (hbm counted: 67108864 B)
IO     input  arg0_1                 torch [8192, 4096] -> device [64, 8192, 64] in HBM = 33554432 elems x 2B = 67108864 B  (hbm counted: 67108864 B)
IO     input  arg1_1                 torch [8192, 4096] -> device [64, 8192, 64] in HBM = 33554432 elems x 2B = 67108864 B  (hbm counted: 67108864 B)
IO   => HBM I/O total = 201326592 B  (lx 0 B, ~free)
MODEL -- estimate (turnaround): T = (R+W)/BW_PEAK + a*min(R,W) --
MODEL   R=134217728 B (read)   W=67108864 B (write)   loop_trip L=1
MODEL   base = (R+W)/150 = 1342.18 us
MODEL   turn = a*min(R,W) = 0.00574*67108864 = 385.20 us
MODEL   => T_model = 1727.38 us
MODEL FEATS [{"name":"add","is_reduction":false,"out_elems":33554432,"cores":32,"dtype_bytes":2,"args":[{"name":"op0","role":"output","mem":"hbm","elems":33554432,"broadcast":false,"dims":[64,8192,64],"logical":[8192,4096],"loop_factor":1},{"name":"arg0_1","role":"input","mem":"hbm","elems":33554432,"broadcast":false,"dims":[64,8192,64],"logical":[8192,4096],"loop_factor":1},{"name":"arg1_1","role":"input","mem":"hbm","elems":33554432,"broadcast":false,"dims":[64,8192,64],"logical":[8192,4096],"loop_factor":1}],"reduction_cores":1,"loop_trip":1,"tiles_output_dim":false,"tile_rows_per_core":0.0,"is_matmul":false,"matmul_macs":0,"matmul_rows_per_core":0.0,"matmul_cols_per_core":0.0,"matmul_a_bytes":0,"matmul_b_bytes":0,"hbm_pattern":""}]
SUMMARY op=add rows=8192 cols=4096 cores=32 tiles=0 lx=0 io_hbm_bytes=201326592 kernel_us=1832.600 pred_us=1727.382 err_pct=-5.7 bw_gbps=109.9 memset_us=1013.351 other_dev_us=6577.501 total_dev_us=9423.452
## WR write-only anchor: write x ROWS{2048,8192} x COLS{1024,2048}
-- write [2048,1024]
  op_it_space_splits={d0: 32, d1: 1}
IO -- device-layout I/O (cost model, stick-padded) --
IO   op add
IO     output op0                    torch [2048, 1024] -> device [16, 2048, 64] in HBM = 2097152 elems x 2B = 4194304 B  (hbm counted: 4194304 B)
IO     input  arg0_1                 torch [1, 1024] -> device [16, 1, 64] in HBM = 1024 elems x 2B = 2048 B  (hbm counted: 2048 B) broadcast (loaded once)
IO     input  arg1_1                 torch [2048, 1] -> device [1, 2048, 64] in HBM = 131072 elems x 2B = 262144 B  (hbm counted: 262144 B) broadcast (loaded once)
IO   => HBM I/O total = 4458496 B  (lx 0 B, ~free)
MODEL -- estimate (turnaround): T = (R+W)/BW_PEAK + a*min(R,W) --
MODEL   R=264192 B (read)   W=4194304 B (write)   loop_trip L=1
MODEL   base = (R+W)/150 = 29.72 us
MODEL   turn = a*min(R,W) = 0.00574*264192 = 1.52 us
MODEL   => T_model = 31.24 us
MODEL FEATS [{"name":"add","is_reduction":false,"out_elems":2097152,"cores":32,"dtype_bytes":2,"args":[{"name":"op0","role":"output","mem":"hbm","elems":2097152,"broadcast":false,"dims":[16,2048,64],"logical":[2048,1024],"loop_factor":1},{"name":"arg0_1","role":"input","mem":"hbm","elems":1024,"broadcast":true,"dims":[16,1,64],"logical":[1,1024],"loop_factor":1},{"name":"arg1_1","role":"input","mem":"hbm","elems":131072,"broadcast":true,"dims":[1,2048,64],"logical":[2048,1],"loop_factor":1}],"reduction_cores":1,"loop_trip":1,"tiles_output_dim":false,"tile_rows_per_core":0.0,"is_matmul":false,"matmul_macs":0,"matmul_rows_per_core":0.0,"matmul_cols_per_core":0.0,"matmul_a_bytes":0,"matmul_b_bytes":0,"hbm_pattern":""}]
SUMMARY op=write rows=2048 cols=1024 cores=32 tiles=0 lx=0 io_hbm_bytes=4458496 kernel_us=32.009 pred_us=31.240 err_pct=-2.4 bw_gbps=139.3 memset_us=133.805 other_dev_us=391.906 total_dev_us=557.720
-- write [2048,2048]
  op_it_space_splits={d0: 32, d1: 1}
IO -- device-layout I/O (cost model, stick-padded) --
IO   op add
IO     output op0                    torch [2048, 2048] -> device [32, 2048, 64] in HBM = 4194304 elems x 2B = 8388608 B  (hbm counted: 8388608 B)
IO     input  arg0_1                 torch [1, 2048] -> device [32, 1, 64] in HBM = 2048 elems x 2B = 4096 B  (hbm counted: 4096 B) broadcast (loaded once)
IO     input  arg1_1                 torch [2048, 1] -> device [1, 2048, 64] in HBM = 131072 elems x 2B = 262144 B  (hbm counted: 262144 B) broadcast (loaded once)
IO   => HBM I/O total = 8654848 B  (lx 0 B, ~free)
MODEL -- estimate (turnaround): T = (R+W)/BW_PEAK + a*min(R,W) --
MODEL   R=266240 B (read)   W=8388608 B (write)   loop_trip L=1
MODEL   base = (R+W)/150 = 57.70 us
MODEL   turn = a*min(R,W) = 0.00574*266240 = 1.53 us
MODEL   => T_model = 59.23 us
MODEL FEATS [{"name":"add","is_reduction":false,"out_elems":4194304,"cores":32,"dtype_bytes":2,"args":[{"name":"op0","role":"output","mem":"hbm","elems":4194304,"broadcast":false,"dims":[32,2048,64],"logical":[2048,2048],"loop_factor":1},{"name":"arg0_1","role":"input","mem":"hbm","elems":2048,"broadcast":true,"dims":[32,1,64],"logical":[1,2048],"loop_factor":1},{"name":"arg1_1","role":"input","mem":"hbm","elems":131072,"broadcast":true,"dims":[1,2048,64],"logical":[2048,1],"loop_factor":1}],"reduction_cores":1,"loop_trip":1,"tiles_output_dim":false,"tile_rows_per_core":0.0,"is_matmul":false,"matmul_macs":0,"matmul_rows_per_core":0.0,"matmul_cols_per_core":0.0,"matmul_a_bytes":0,"matmul_b_bytes":0,"hbm_pattern":""}]
SUMMARY op=write rows=2048 cols=2048 cores=32 tiles=0 lx=0 io_hbm_bytes=8654848 kernel_us=59.586 pred_us=59.227 err_pct=-0.6 bw_gbps=145.2 memset_us=138.405 other_dev_us=481.160 total_dev_us=679.151
-- write [8192,1024]
  op_it_space_splits={d0: 32, d1: 1}
IO -- device-layout I/O (cost model, stick-padded) --
IO   op add
IO     output op0                    torch [8192, 1024] -> device [16, 8192, 64] in HBM = 8388608 elems x 2B = 16777216 B  (hbm counted: 16777216 B)
IO     input  arg0_1                 torch [1, 1024] -> device [16, 1, 64] in HBM = 1024 elems x 2B = 2048 B  (hbm counted: 2048 B) broadcast (loaded once)
IO     input  arg1_1                 torch [8192, 1] -> device [1, 8192, 64] in HBM = 524288 elems x 2B = 1048576 B  (hbm counted: 1048576 B) broadcast (loaded once)
IO   => HBM I/O total = 17827840 B  (lx 0 B, ~free)
MODEL -- estimate (turnaround): T = (R+W)/BW_PEAK + a*min(R,W) --
MODEL   R=1050624 B (read)   W=16777216 B (write)   loop_trip L=1
MODEL   base = (R+W)/150 = 118.85 us
MODEL   turn = a*min(R,W) = 0.00574*1050624 = 6.03 us
MODEL   => T_model = 124.88 us
MODEL FEATS [{"name":"add","is_reduction":false,"out_elems":8388608,"cores":32,"dtype_bytes":2,"args":[{"name":"op0","role":"output","mem":"hbm","elems":8388608,"broadcast":false,"dims":[16,8192,64],"logical":[8192,1024],"loop_factor":1},{"name":"arg0_1","role":"input","mem":"hbm","elems":1024,"broadcast":true,"dims":[16,1,64],"logical":[1,1024],"loop_factor":1},{"name":"arg1_1","role":"input","mem":"hbm","elems":524288,"broadcast":true,"dims":[1,8192,64],"logical":[8192,1],"loop_factor":1}],"reduction_cores":1,"loop_trip":1,"tiles_output_dim":false,"tile_rows_per_core":0.0,"is_matmul":false,"matmul_macs":0,"matmul_rows_per_core":0.0,"matmul_cols_per_core":0.0,"matmul_a_bytes":0,"matmul_b_bytes":0,"hbm_pattern":""}]
SUMMARY op=write rows=8192 cols=1024 cores=32 tiles=0 lx=0 io_hbm_bytes=17827840 kernel_us=133.440 pred_us=124.883 err_pct=-6.4 bw_gbps=133.6 memset_us=242.217 other_dev_us=992.420 total_dev_us=1368.077
-- write [8192,2048]
  op_it_space_splits={d0: 32, d1: 1}
IO -- device-layout I/O (cost model, stick-padded) --
IO   op add
IO     output op0                    torch [8192, 2048] -> device [32, 8192, 64] in HBM = 16777216 elems x 2B = 33554432 B  (hbm counted: 33554432 B)
IO     input  arg0_1                 torch [1, 2048] -> device [32, 1, 64] in HBM = 2048 elems x 2B = 4096 B  (hbm counted: 4096 B) broadcast (loaded once)
IO     input  arg1_1                 torch [8192, 1] -> device [1, 8192, 64] in HBM = 524288 elems x 2B = 1048576 B  (hbm counted: 1048576 B) broadcast (loaded once)
IO   => HBM I/O total = 34607104 B  (lx 0 B, ~free)
MODEL -- estimate (turnaround): T = (R+W)/BW_PEAK + a*min(R,W) --
MODEL   R=1052672 B (read)   W=33554432 B (write)   loop_trip L=1
MODEL   base = (R+W)/150 = 230.71 us
MODEL   turn = a*min(R,W) = 0.00574*1052672 = 6.04 us
MODEL   => T_model = 236.76 us
MODEL FEATS [{"name":"add","is_reduction":false,"out_elems":16777216,"cores":32,"dtype_bytes":2,"args":[{"name":"op0","role":"output","mem":"hbm","elems":16777216,"broadcast":false,"dims":[32,8192,64],"logical":[8192,2048],"loop_factor":1},{"name":"arg0_1","role":"input","mem":"hbm","elems":2048,"broadcast":true,"dims":[32,1,64],"logical":[1,2048],"loop_factor":1},{"name":"arg1_1","role":"input","mem":"hbm","elems":524288,"broadcast":true,"dims":[1,8192,64],"logical":[8192,1],"loop_factor":1}],"reduction_cores":1,"loop_trip":1,"tiles_output_dim":false,"tile_rows_per_core":0.0,"is_matmul":false,"matmul_macs":0,"matmul_rows_per_core":0.0,"matmul_cols_per_core":0.0,"matmul_a_bytes":0,"matmul_b_bytes":0,"hbm_pattern":""}]
SUMMARY op=write rows=8192 cols=2048 cores=32 tiles=0 lx=0 io_hbm_bytes=34607104 kernel_us=254.958 pred_us=236.756 err_pct=-7.1 bw_gbps=135.7 memset_us=398.345 other_dev_us=2226.039 total_dev_us=2879.342
==== DONE -> forward /dev/null ====

################################################################
## >>> run_matmul_gamma_sweep.sh 
################################################################
==== matmul gamma sweep Thu Jul  9 22:49:20 UTC 2026 ====
git: 2012d4f  sections: GD GH BW
## GD peak (compute-dom) M=N=2048 K=4096 cores{4,8,16,32}
-- mmwd M=2048 K=4096 N=2048 m=2 n=2 k=1 (cores=4,  M/m=1024, N/n=1024)
  op_it_space_splits={d0: 2, d1: 2, d2: 1}
  op_it_space_splits={d0: 2, d1: 2, d2: 1}
  op_it_space_splits={d0: 2, d1: 2, d2: 1}
  op_it_space_splits={d0: 2, d1: 2, d2: 1}
  op_it_space_splits={d0: 2, d1: 2, d2: 1}
  op_it_space_splits={d0: 2, d1: 2, d2: 1}
IO -- device-layout I/O (cost model, stick-padded) --
IO   op mm [reduction]
IO     output op0                    torch [2048, 2048] -> device [32, 2048, 64] in HBM = 4194304 elems x 2B = 8388608 B  (hbm counted: 8388608 B)
IO     input  arg0_1                 torch [2048, 4096] -> device [64, 2048, 64] in HBM = 8388608 elems x 2B = 16777216 B  (hbm counted: 16777216 B)
IO     input  arg1_1                 torch [4096, 2048] -> device [32, 4096, 64] in HBM = 8388608 elems x 2B = 16777216 B  (hbm counted: 16777216 B)
IO   => HBM I/O total = 41943040 B  (lx 0 B, ~free)
MODEL -- estimate (turnaround): T = compute + (R+W)/BW_PEAK + a*min(R,W) --
MODEL   R=33554432 B (read)   W=8388608 B (write)   loop_trip L=1
MODEL   compute = MACs/cores/(mac_peak*pt_eff) = 17179869184/4/(1140*1.000) = 3767.52 us  (M/m=1024, pt_eff=1.000)
MODEL   base = R/143+W/156 = 288.42 us
MODEL   turn = a*min(R,W) = 0.00574*8388608 = 48.15 us
MODEL   => T_model = 4115.49 us
MODEL FEATS [{"name":"mm","is_reduction":true,"out_elems":4194304,"cores":4,"dtype_bytes":2,"args":[{"name":"op0","role":"output","mem":"hbm","elems":4194304,"broadcast":false,"dims":[32,2048,64],"logical":[2048,2048],"loop_factor":1},{"name":"arg0_1","role":"input","mem":"hbm","elems":8388608,"broadcast":false,"dims":[64,2048,64],"logical":[2048,4096],"loop_factor":1},{"name":"arg1_1","role":"input","mem":"hbm","elems":8388608,"broadcast":false,"dims":[32,4096,64],"logical":[4096,2048],"loop_factor":1}],"reduction_cores":1,"loop_trip":1,"tiles_output_dim":false,"tile_rows_per_core":0.0,"is_matmul":true,"matmul_macs":17179869184,"matmul_rows_per_core":1024.0,"matmul_cols_per_core":1024.0,"matmul_a_bytes":16777216,"matmul_b_bytes":16777216,"hbm_pattern":""}]
SUMMARY op=mmwd rows=2048 cols=4096 cores=4 tiles=0 lx=1 io_hbm_bytes=41943040 kernel_us=4020.980 pred_us=4115.494 err_pct=+2.4 bw_gbps=10.4 memset_us=237.762 other_dev_us=614.819 total_dev_us=4873.561
-- mmwd M=2048 K=4096 N=2048 m=2 n=4 k=1 (cores=8,  M/m=1024, N/n=512)
  op_it_space_splits={d0: 2, d1: 4, d2: 1}
  op_it_space_splits={d0: 2, d1: 4, d2: 1}
  op_it_space_splits={d0: 2, d1: 4, d2: 1}
  op_it_space_splits={d0: 2, d1: 4, d2: 1}
  op_it_space_splits={d0: 2, d1: 4, d2: 1}
  op_it_space_splits={d0: 2, d1: 4, d2: 1}
IO -- device-layout I/O (cost model, stick-padded) --
IO   op mm [reduction]
IO     output op0                    torch [2048, 2048] -> device [32, 2048, 64] in HBM = 4194304 elems x 2B = 8388608 B  (hbm counted: 8388608 B)
IO     input  arg0_1                 torch [2048, 4096] -> device [64, 2048, 64] in HBM = 8388608 elems x 2B = 16777216 B  (hbm counted: 16777216 B)
IO     input  arg1_1                 torch [4096, 2048] -> device [32, 4096, 64] in HBM = 8388608 elems x 2B = 16777216 B  (hbm counted: 16777216 B)
IO   => HBM I/O total = 41943040 B  (lx 0 B, ~free)
MODEL -- estimate (turnaround): T = compute + (R+W)/BW_PEAK + a*min(R,W) --
MODEL   R=33554432 B (read)   W=8388608 B (write)   loop_trip L=1
MODEL   compute = MACs/cores/(mac_peak*pt_eff) = 17179869184/8/(1140*1.000) = 1883.76 us  (M/m=1024, pt_eff=1.000)
MODEL   base = R/143+W/156 = 288.42 us
MODEL   turn = a*min(R,W) = 0.00574*8388608 = 48.15 us
MODEL   => T_model = 2162.05 us
MODEL FEATS [{"name":"mm","is_reduction":true,"out_elems":4194304,"cores":8,"dtype_bytes":2,"args":[{"name":"op0","role":"output","mem":"hbm","elems":4194304,"broadcast":false,"dims":[32,2048,64],"logical":[2048,2048],"loop_factor":1},{"name":"arg0_1","role":"input","mem":"hbm","elems":8388608,"broadcast":false,"dims":[64,2048,64],"logical":[2048,4096],"loop_factor":1},{"name":"arg1_1","role":"input","mem":"hbm","elems":8388608,"broadcast":false,"dims":[32,4096,64],"logical":[4096,2048],"loop_factor":1}],"reduction_cores":1,"loop_trip":1,"tiles_output_dim":false,"tile_rows_per_core":0.0,"is_matmul":true,"matmul_macs":17179869184,"matmul_rows_per_core":1024.0,"matmul_cols_per_core":512.0,"matmul_a_bytes":16777216,"matmul_b_bytes":16777216,"hbm_pattern":""}]
SUMMARY op=mmwd rows=2048 cols=4096 cores=8 tiles=0 lx=1 io_hbm_bytes=41943040 kernel_us=2123.692 pred_us=2162.046 err_pct=+1.8 bw_gbps=19.8 memset_us=194.773 other_dev_us=386.961 total_dev_us=2705.426
-- mmwd M=2048 K=4096 N=2048 m=4 n=4 k=1 (cores=16,  M/m=512, N/n=512)
  op_it_space_splits={d0: 4, d1: 4, d2: 1}
  op_it_space_splits={d0: 4, d1: 4, d2: 1}
  op_it_space_splits={d0: 4, d1: 4, d2: 1}
  op_it_space_splits={d0: 4, d1: 4, d2: 1}
  op_it_space_splits={d0: 4, d1: 4, d2: 1}
  op_it_space_splits={d0: 4, d1: 4, d2: 1}
IO -- device-layout I/O (cost model, stick-padded) --
IO   op mm [reduction]
IO     output op0                    torch [2048, 2048] -> device [32, 2048, 64] in HBM = 4194304 elems x 2B = 8388608 B  (hbm counted: 8388608 B)
IO     input  arg0_1                 torch [2048, 4096] -> device [64, 2048, 64] in HBM = 8388608 elems x 2B = 16777216 B  (hbm counted: 16777216 B)
IO     input  arg1_1                 torch [4096, 2048] -> device [32, 4096, 64] in HBM = 8388608 elems x 2B = 16777216 B  (hbm counted: 16777216 B)
IO   => HBM I/O total = 41943040 B  (lx 0 B, ~free)
MODEL -- estimate (turnaround): T = compute + (R+W)/BW_PEAK + a*min(R,W) --
MODEL   R=33554432 B (read)   W=8388608 B (write)   loop_trip L=1
MODEL   compute = MACs/cores/(mac_peak*pt_eff) = 17179869184/16/(1140*1.000) = 941.88 us  (M/m=512, pt_eff=1.000)
MODEL   base = R/143+W/156 = 288.42 us
MODEL   turn = a*min(R,W) = 0.00574*8388608 = 48.15 us
MODEL   => T_model = 1150.48 us
MODEL FEATS [{"name":"mm","is_reduction":true,"out_elems":4194304,"cores":16,"dtype_bytes":2,"args":[{"name":"op0","role":"output","mem":"hbm","elems":4194304,"broadcast":false,"dims":[32,2048,64],"logical":[2048,2048],"loop_factor":1},{"name":"arg0_1","role":"input","mem":"hbm","elems":8388608,"broadcast":false,"dims":[64,2048,64],"logical":[2048,4096],"loop_factor":1},{"name":"arg1_1","role":"input","mem":"hbm","elems":8388608,"broadcast":false,"dims":[32,4096,64],"logical":[4096,2048],"loop_factor":1}],"reduction_cores":1,"loop_trip":1,"tiles_output_dim":false,"tile_rows_per_core":0.0,"is_matmul":true,"matmul_macs":17179869184,"matmul_rows_per_core":512.0,"matmul_cols_per_core":512.0,"matmul_a_bytes":16777216,"matmul_b_bytes":16777216,"hbm_pattern":""}]
SUMMARY op=mmwd rows=2048 cols=4096 cores=16 tiles=0 lx=1 io_hbm_bytes=41943040 kernel_us=1094.525 pred_us=1150.478 err_pct=+5.1 bw_gbps=38.3 memset_us=226.100 other_dev_us=639.999 total_dev_us=1960.624
-- mmwd M=2048 K=4096 N=2048 m=4 n=8 k=1 (cores=32,  M/m=512, N/n=256)
  op_it_space_splits={d0: 4, d1: 8, d2: 1}
  op_it_space_splits={d0: 4, d1: 8, d2: 1}
  op_it_space_splits={d0: 4, d1: 8, d2: 1}
  op_it_space_splits={d0: 4, d1: 8, d2: 1}
  op_it_space_splits={d0: 4, d1: 8, d2: 1}
  op_it_space_splits={d0: 4, d1: 8, d2: 1}
IO -- device-layout I/O (cost model, stick-padded) --
IO   op mm [reduction]
IO     output op0                    torch [2048, 2048] -> device [32, 2048, 64] in HBM = 4194304 elems x 2B = 8388608 B  (hbm counted: 8388608 B)
IO     input  arg0_1                 torch [2048, 4096] -> device [64, 2048, 64] in HBM = 8388608 elems x 2B = 16777216 B  (hbm counted: 16777216 B)
IO     input  arg1_1                 torch [4096, 2048] -> device [32, 4096, 64] in HBM = 8388608 elems x 2B = 16777216 B  (hbm counted: 16777216 B)
IO   => HBM I/O total = 41943040 B  (lx 0 B, ~free)
MODEL -- estimate (turnaround): T = compute + (R+W)/BW_PEAK + a*min(R,W) --
MODEL   R=33554432 B (read)   W=8388608 B (write)   loop_trip L=1
MODEL   compute = MACs/cores/(mac_peak*pt_eff) = 17179869184/32/(1140*1.000) = 470.94 us  (M/m=512, pt_eff=1.000)
MODEL   base = R/143+W/156 = 288.42 us
MODEL   turn = a*min(R,W) = 0.00574*8388608 = 48.15 us
MODEL   => T_model = 666.11 us
MODEL FEATS [{"name":"mm","is_reduction":true,"out_elems":4194304,"cores":32,"dtype_bytes":2,"args":[{"name":"op0","role":"output","mem":"hbm","elems":4194304,"broadcast":false,"dims":[32,2048,64],"logical":[2048,2048],"loop_factor":1},{"name":"arg0_1","role":"input","mem":"hbm","elems":8388608,"broadcast":false,"dims":[64,2048,64],"logical":[2048,4096],"loop_factor":1},{"name":"arg1_1","role":"input","mem":"hbm","elems":8388608,"broadcast":false,"dims":[32,4096,64],"logical":[4096,2048],"loop_factor":1}],"reduction_cores":1,"loop_trip":1,"tiles_output_dim":false,"tile_rows_per_core":0.0,"is_matmul":true,"matmul_macs":17179869184,"matmul_rows_per_core":512.0,"matmul_cols_per_core":256.0,"matmul_a_bytes":16777216,"matmul_b_bytes":16777216,"hbm_pattern":""}]
SUMMARY op=mmwd rows=2048 cols=4096 cores=32 tiles=0 lx=1 io_hbm_bytes=41943040 kernel_us=667.995 pred_us=666.113 err_pct=-0.3 bw_gbps=62.8 memset_us=206.515 other_dev_us=494.717 total_dev_us=1369.227
## GH gamma (HBM-dom, spill-free) M=N=512 & 768, K=64, cores{8,16,32}
-- mmwd M=512 K=64 N=512 m=2 n=4 k=1 (cores=8,  M/m=256, N/n=128)
  op_it_space_splits={d0: 2, d1: 4, d2: 1}
  op_it_space_splits={d0: 2, d1: 4, d2: 1}
  op_it_space_splits={d0: 2, d1: 4, d2: 1}
  op_it_space_splits={d0: 2, d1: 4, d2: 1}
  op_it_space_splits={d0: 2, d1: 4, d2: 1}
  op_it_space_splits={d0: 2, d1: 4, d2: 1}
IO -- device-layout I/O (cost model, stick-padded) --
IO   op mm [reduction]
IO     output op0                    torch [512, 512] -> device [8, 512, 64] in HBM = 262144 elems x 2B = 524288 B  (hbm counted: 524288 B)
IO     input  arg0_1                 torch [512, 64] -> device [1, 512, 64] in HBM = 32768 elems x 2B = 65536 B  (hbm counted: 65536 B)
IO     input  arg1_1                 torch [64, 512] -> device [8, 64, 64] in HBM = 32768 elems x 2B = 65536 B  (hbm counted: 65536 B)
IO   => HBM I/O total = 655360 B  (lx 0 B, ~free)
MODEL -- estimate (turnaround): T = compute + (R+W)/BW_PEAK + a*min(R,W) --
MODEL   R=131072 B (read)   W=524288 B (write)   loop_trip L=1
MODEL   compute = MACs/cores/(mac_peak*pt_eff) = 16777216/8/(1140*1.000) = 1.84 us  (M/m=256, pt_eff=1.000)
MODEL   base = R/143+W/156 = 4.28 us
MODEL   turn = a*min(R,W) = 0.00574*131072 = 0.75 us
MODEL   => T_model = 6.02 us
MODEL FEATS [{"name":"mm","is_reduction":true,"out_elems":262144,"cores":8,"dtype_bytes":2,"args":[{"name":"op0","role":"output","mem":"hbm","elems":262144,"broadcast":false,"dims":[8,512,64],"logical":[512,512],"loop_factor":1},{"name":"arg0_1","role":"input","mem":"hbm","elems":32768,"broadcast":false,"dims":[1,512,64],"logical":[512,64],"loop_factor":1},{"name":"arg1_1","role":"input","mem":"hbm","elems":32768,"broadcast":false,"dims":[8,64,64],"logical":[64,512],"loop_factor":1}],"reduction_cores":1,"loop_trip":1,"tiles_output_dim":false,"tile_rows_per_core":0.0,"is_matmul":true,"matmul_macs":16777216,"matmul_rows_per_core":256.0,"matmul_cols_per_core":128.0,"matmul_a_bytes":65536,"matmul_b_bytes":65536,"hbm_pattern":""}]
SUMMARY op=mmwd rows=512 cols=64 cores=8 tiles=0 lx=1 io_hbm_bytes=655360 kernel_us=8.446 pred_us=6.023 err_pct=-28.7 bw_gbps=77.6 memset_us=73.509 other_dev_us=151.232 total_dev_us=233.187
-- mmwd M=512 K=64 N=512 m=4 n=4 k=1 (cores=16,  M/m=128, N/n=128)
  op_it_space_splits={d0: 4, d1: 4, d2: 1}
  op_it_space_splits={d0: 4, d1: 4, d2: 1}
  op_it_space_splits={d0: 4, d1: 4, d2: 1}
  op_it_space_splits={d0: 4, d1: 4, d2: 1}
  op_it_space_splits={d0: 4, d1: 4, d2: 1}
  op_it_space_splits={d0: 4, d1: 4, d2: 1}
IO -- device-layout I/O (cost model, stick-padded) --
IO   op mm [reduction]
IO     output op0                    torch [512, 512] -> device [8, 512, 64] in HBM = 262144 elems x 2B = 524288 B  (hbm counted: 524288 B)
IO     input  arg0_1                 torch [512, 64] -> device [1, 512, 64] in HBM = 32768 elems x 2B = 65536 B  (hbm counted: 65536 B)
IO     input  arg1_1                 torch [64, 512] -> device [8, 64, 64] in HBM = 32768 elems x 2B = 65536 B  (hbm counted: 65536 B)
IO   => HBM I/O total = 655360 B  (lx 0 B, ~free)
MODEL -- estimate (turnaround): T = compute + (R+W)/BW_PEAK + a*min(R,W) --
MODEL   R=131072 B (read)   W=524288 B (write)   loop_trip L=1
MODEL   compute = MACs/cores/(mac_peak*pt_eff) = 16777216/16/(1140*1.000) = 0.92 us  (M/m=128, pt_eff=1.000)
MODEL   base = R/143+W/156 = 4.28 us
MODEL   turn = a*min(R,W) = 0.00574*131072 = 0.75 us
MODEL   => T_model = 5.53 us
MODEL FEATS [{"name":"mm","is_reduction":true,"out_elems":262144,"cores":16,"dtype_bytes":2,"args":[{"name":"op0","role":"output","mem":"hbm","elems":262144,"broadcast":false,"dims":[8,512,64],"logical":[512,512],"loop_factor":1},{"name":"arg0_1","role":"input","mem":"hbm","elems":32768,"broadcast":false,"dims":[1,512,64],"logical":[512,64],"loop_factor":1},{"name":"arg1_1","role":"input","mem":"hbm","elems":32768,"broadcast":false,"dims":[8,64,64],"logical":[64,512],"loop_factor":1}],"reduction_cores":1,"loop_trip":1,"tiles_output_dim":false,"tile_rows_per_core":0.0,"is_matmul":true,"matmul_macs":16777216,"matmul_rows_per_core":128.0,"matmul_cols_per_core":128.0,"matmul_a_bytes":65536,"matmul_b_bytes":65536,"hbm_pattern":""}]
SUMMARY op=mmwd rows=512 cols=64 cores=16 tiles=0 lx=1 io_hbm_bytes=655360 kernel_us=7.462 pred_us=5.526 err_pct=-25.9 bw_gbps=87.8 memset_us=71.734 other_dev_us=85.450 total_dev_us=164.646
-- mmwd M=512 K=64 N=512 m=4 n=8 k=1 (cores=32,  M/m=128, N/n=64)
  op_it_space_splits={d0: 4, d1: 8, d2: 1}
  op_it_space_splits={d0: 4, d1: 8, d2: 1}
  op_it_space_splits={d0: 4, d1: 8, d2: 1}
  op_it_space_splits={d0: 4, d1: 8, d2: 1}
  op_it_space_splits={d0: 4, d1: 8, d2: 1}
  op_it_space_splits={d0: 4, d1: 8, d2: 1}
IO -- device-layout I/O (cost model, stick-padded) --
IO   op mm [reduction]
IO     output op0                    torch [512, 512] -> device [8, 512, 64] in HBM = 262144 elems x 2B = 524288 B  (hbm counted: 524288 B)
IO     input  arg0_1                 torch [512, 64] -> device [1, 512, 64] in HBM = 32768 elems x 2B = 65536 B  (hbm counted: 65536 B)
IO     input  arg1_1                 torch [64, 512] -> device [8, 64, 64] in HBM = 32768 elems x 2B = 65536 B  (hbm counted: 65536 B)
IO   => HBM I/O total = 655360 B  (lx 0 B, ~free)
MODEL -- estimate (turnaround): T = compute + (R+W)/BW_PEAK + a*min(R,W) --
MODEL   R=131072 B (read)   W=524288 B (write)   loop_trip L=1
MODEL   compute = MACs/cores/(mac_peak*pt_eff) = 16777216/32/(1140*1.000) = 0.46 us  (M/m=128, pt_eff=1.000)
MODEL   base = R/143+W/156 = 4.28 us
MODEL   turn = a*min(R,W) = 0.00574*131072 = 0.75 us
MODEL   => T_model = 5.28 us
MODEL FEATS [{"name":"mm","is_reduction":true,"out_elems":262144,"cores":32,"dtype_bytes":2,"args":[{"name":"op0","role":"output","mem":"hbm","elems":262144,"broadcast":false,"dims":[8,512,64],"logical":[512,512],"loop_factor":1},{"name":"arg0_1","role":"input","mem":"hbm","elems":32768,"broadcast":false,"dims":[1,512,64],"logical":[512,64],"loop_factor":1},{"name":"arg1_1","role":"input","mem":"hbm","elems":32768,"broadcast":false,"dims":[8,64,64],"logical":[64,512],"loop_factor":1}],"reduction_cores":1,"loop_trip":1,"tiles_output_dim":false,"tile_rows_per_core":0.0,"is_matmul":true,"matmul_macs":16777216,"matmul_rows_per_core":128.0,"matmul_cols_per_core":64.0,"matmul_a_bytes":65536,"matmul_b_bytes":65536,"hbm_pattern":""}]
SUMMARY op=mmwd rows=512 cols=64 cores=32 tiles=0 lx=1 io_hbm_bytes=655360 kernel_us=5.254 pred_us=5.278 err_pct=+0.5 bw_gbps=124.7 memset_us=82.666 other_dev_us=257.978 total_dev_us=345.898
-- mmwd M=768 K=64 N=768 m=2 n=4 k=1 (cores=8,  M/m=384, N/n=192)
  op_it_space_splits={d0: 2, d1: 4, d2: 1}
  op_it_space_splits={d0: 2, d1: 4, d2: 1}
  op_it_space_splits={d0: 2, d1: 4, d2: 1}
  op_it_space_splits={d0: 2, d1: 4, d2: 1}
  op_it_space_splits={d0: 2, d1: 4, d2: 1}
  op_it_space_splits={d0: 2, d1: 4, d2: 1}
IO -- device-layout I/O (cost model, stick-padded) --
IO   op mm [reduction]
IO     output op0                    torch [768, 768] -> device [12, 768, 64] in HBM = 589824 elems x 2B = 1179648 B  (hbm counted: 1179648 B)
IO     input  arg0_1                 torch [768, 64] -> device [1, 768, 64] in HBM = 49152 elems x 2B = 98304 B  (hbm counted: 98304 B)
IO     input  arg1_1                 torch [64, 768] -> device [12, 64, 64] in HBM = 49152 elems x 2B = 98304 B  (hbm counted: 98304 B)
IO   => HBM I/O total = 1376256 B  (lx 0 B, ~free)
MODEL -- estimate (turnaround): T = compute + (R+W)/BW_PEAK + a*min(R,W) --
MODEL   R=196608 B (read)   W=1179648 B (write)   loop_trip L=1
MODEL   compute = MACs/cores/(mac_peak*pt_eff) = 37748736/8/(1140*1.000) = 4.14 us  (M/m=384, pt_eff=1.000)
MODEL   base = R/143+W/156 = 8.94 us
MODEL   turn = a*min(R,W) = 0.00574*196608 = 1.13 us
MODEL   => T_model = 12.30 us
MODEL FEATS [{"name":"mm","is_reduction":true,"out_elems":589824,"cores":8,"dtype_bytes":2,"args":[{"name":"op0","role":"output","mem":"hbm","elems":589824,"broadcast":false,"dims":[12,768,64],"logical":[768,768],"loop_factor":1},{"name":"arg0_1","role":"input","mem":"hbm","elems":49152,"broadcast":false,"dims":[1,768,64],"logical":[768,64],"loop_factor":1},{"name":"arg1_1","role":"input","mem":"hbm","elems":49152,"broadcast":false,"dims":[12,64,64],"logical":[64,768],"loop_factor":1}],"reduction_cores":1,"loop_trip":1,"tiles_output_dim":false,"tile_rows_per_core":0.0,"is_matmul":true,"matmul_macs":37748736,"matmul_rows_per_core":384.0,"matmul_cols_per_core":192.0,"matmul_a_bytes":98304,"matmul_b_bytes":98304,"hbm_pattern":""}]
SUMMARY op=mmwd rows=768 cols=64 cores=8 tiles=0 lx=1 io_hbm_bytes=1376256 kernel_us=14.089 pred_us=12.300 err_pct=-12.7 bw_gbps=97.7 memset_us=76.898 other_dev_us=413.496 total_dev_us=504.483
-- mmwd M=768 K=64 N=768 m=4 n=4 k=1 (cores=16,  M/m=192, N/n=192)
  op_it_space_splits={d0: 4, d1: 4, d2: 1}
  op_it_space_splits={d0: 4, d1: 4, d2: 1}
  op_it_space_splits={d0: 4, d1: 4, d2: 1}
  op_it_space_splits={d0: 4, d1: 4, d2: 1}
  op_it_space_splits={d0: 4, d1: 4, d2: 1}
  op_it_space_splits={d0: 4, d1: 4, d2: 1}
IO -- device-layout I/O (cost model, stick-padded) --
IO   op mm [reduction]
IO     output op0                    torch [768, 768] -> device [12, 768, 64] in HBM = 589824 elems x 2B = 1179648 B  (hbm counted: 1179648 B)
IO     input  arg0_1                 torch [768, 64] -> device [1, 768, 64] in HBM = 49152 elems x 2B = 98304 B  (hbm counted: 98304 B)
IO     input  arg1_1                 torch [64, 768] -> device [12, 64, 64] in HBM = 49152 elems x 2B = 98304 B  (hbm counted: 98304 B)
IO   => HBM I/O total = 1376256 B  (lx 0 B, ~free)
MODEL -- estimate (turnaround): T = compute + (R+W)/BW_PEAK + a*min(R,W) --
MODEL   R=196608 B (read)   W=1179648 B (write)   loop_trip L=1
MODEL   compute = MACs/cores/(mac_peak*pt_eff) = 37748736/16/(1140*1.000) = 2.07 us  (M/m=192, pt_eff=1.000)
MODEL   base = R/143+W/156 = 8.94 us
MODEL   turn = a*min(R,W) = 0.00574*196608 = 1.13 us
MODEL   => T_model = 11.18 us
MODEL FEATS [{"name":"mm","is_reduction":true,"out_elems":589824,"cores":16,"dtype_bytes":2,"args":[{"name":"op0","role":"output","mem":"hbm","elems":589824,"broadcast":false,"dims":[12,768,64],"logical":[768,768],"loop_factor":1},{"name":"arg0_1","role":"input","mem":"hbm","elems":49152,"broadcast":false,"dims":[1,768,64],"logical":[768,64],"loop_factor":1},{"name":"arg1_1","role":"input","mem":"hbm","elems":49152,"broadcast":false,"dims":[12,64,64],"logical":[64,768],"loop_factor":1}],"reduction_cores":1,"loop_trip":1,"tiles_output_dim":false,"tile_rows_per_core":0.0,"is_matmul":true,"matmul_macs":37748736,"matmul_rows_per_core":192.0,"matmul_cols_per_core":192.0,"matmul_a_bytes":98304,"matmul_b_bytes":98304,"hbm_pattern":""}]
SUMMARY op=mmwd rows=768 cols=64 cores=16 tiles=0 lx=1 io_hbm_bytes=1376256 kernel_us=17.299 pred_us=11.183 err_pct=-35.4 bw_gbps=79.6 memset_us=77.595 other_dev_us=100.722 total_dev_us=195.616
-- mmwd M=768 K=64 N=768 m=4 n=8 k=1 (cores=32,  M/m=192, N/n=96)
SUMMARY op=mmwd rows=768 cols=64 tiles=0 lx=1 FAILED reason=InductorError: Unsupported: Spyre backend does not support: work_division_hint: buf0 dim d1 size=12 is not evenly divisible by split=8.
## BW BW_r/BW_w rank-2 grid: cores=32 (4x8x1), K>=64, tile in [64,448]
-- mmwd M=1792 K=64 N=3584 m=4 n=8 k=1 (cores=32,  M/m=448, N/n=448)
  op_it_space_splits={d0: 4, d1: 8, d2: 1}
  op_it_space_splits={d0: 4, d1: 8, d2: 1}
  op_it_space_splits={d0: 4, d1: 8, d2: 1}
  op_it_space_splits={d0: 4, d1: 8, d2: 1}
  op_it_space_splits={d0: 4, d1: 8, d2: 1}
  op_it_space_splits={d0: 4, d1: 8, d2: 1}
IO -- device-layout I/O (cost model, stick-padded) --
IO   op mm [reduction]
IO     output op0                    torch [1792, 3584] -> device [56, 1792, 64] in HBM = 6422528 elems x 2B = 12845056 B  (hbm counted: 12845056 B)
IO     input  arg0_1                 torch [1792, 64] -> device [1, 1792, 64] in HBM = 114688 elems x 2B = 229376 B  (hbm counted: 229376 B)
IO     input  arg1_1                 torch [64, 3584] -> device [56, 64, 64] in HBM = 229376 elems x 2B = 458752 B  (hbm counted: 458752 B)
IO   => HBM I/O total = 13533184 B  (lx 0 B, ~free)
MODEL -- estimate (turnaround): T = compute + (R+W)/BW_PEAK + a*min(R,W) --
MODEL   R=688128 B (read)   W=12845056 B (write)   loop_trip L=1
MODEL   compute = MACs/cores/(mac_peak*pt_eff) = 411041792/32/(1140*1.000) = 11.27 us  (M/m=448, pt_eff=1.000)
MODEL   base = R/143+W/156 = 87.15 us
MODEL   turn = a*min(R,W) = 0.00574*688128 = 3.95 us
MODEL   => T_model = 97.19 us
MODEL FEATS [{"name":"mm","is_reduction":true,"out_elems":6422528,"cores":32,"dtype_bytes":2,"args":[{"name":"op0","role":"output","mem":"hbm","elems":6422528,"broadcast":false,"dims":[56,1792,64],"logical":[1792,3584],"loop_factor":1},{"name":"arg0_1","role":"input","mem":"hbm","elems":114688,"broadcast":false,"dims":[1,1792,64],"logical":[1792,64],"loop_factor":1},{"name":"arg1_1","role":"input","mem":"hbm","elems":229376,"broadcast":false,"dims":[56,64,64],"logical":[64,3584],"loop_factor":1}],"reduction_cores":1,"loop_trip":1,"tiles_output_dim":false,"tile_rows_per_core":0.0,"is_matmul":true,"matmul_macs":411041792,"matmul_rows_per_core":448.0,"matmul_cols_per_core":448.0,"matmul_a_bytes":229376,"matmul_b_bytes":458752,"hbm_pattern":""}]
SUMMARY op=mmwd rows=1792 cols=64 cores=32 tiles=0 lx=1 io_hbm_bytes=13533184 kernel_us=104.529 pred_us=97.187 err_pct=-7.0 bw_gbps=129.5 memset_us=250.802 other_dev_us=1261.804 total_dev_us=1617.135
-- mmwd M=1024 K=128 N=2048 m=4 n=8 k=1 (cores=32,  M/m=256, N/n=256)
  op_it_space_splits={d0: 4, d1: 8, d2: 1}
  op_it_space_splits={d0: 4, d1: 8, d2: 1}
  op_it_space_splits={d0: 4, d1: 8, d2: 1}
  op_it_space_splits={d0: 4, d1: 8, d2: 1}
  op_it_space_splits={d0: 4, d1: 8, d2: 1}
  op_it_space_splits={d0: 4, d1: 8, d2: 1}
IO -- device-layout I/O (cost model, stick-padded) --
IO   op mm [reduction]
IO     output op0                    torch [1024, 2048] -> device [32, 1024, 64] in HBM = 2097152 elems x 2B = 4194304 B  (hbm counted: 4194304 B)
IO     input  arg0_1                 torch [1024, 128] -> device [2, 1024, 64] in HBM = 131072 elems x 2B = 262144 B  (hbm counted: 262144 B)
IO     input  arg1_1                 torch [128, 2048] -> device [32, 128, 64] in HBM = 262144 elems x 2B = 524288 B  (hbm counted: 524288 B)
IO   => HBM I/O total = 4980736 B  (lx 0 B, ~free)
MODEL -- estimate (turnaround): T = compute + (R+W)/BW_PEAK + a*min(R,W) --
MODEL   R=786432 B (read)   W=4194304 B (write)   loop_trip L=1
MODEL   compute = MACs/cores/(mac_peak*pt_eff) = 268435456/32/(1140*1.000) = 7.36 us  (M/m=256, pt_eff=1.000)
MODEL   base = R/143+W/156 = 32.39 us
MODEL   turn = a*min(R,W) = 0.00574*786432 = 4.51 us
MODEL   => T_model = 40.87 us
MODEL FEATS [{"name":"mm","is_reduction":true,"out_elems":2097152,"cores":32,"dtype_bytes":2,"args":[{"name":"op0","role":"output","mem":"hbm","elems":2097152,"broadcast":false,"dims":[32,1024,64],"logical":[1024,2048],"loop_factor":1},{"name":"arg0_1","role":"input","mem":"hbm","elems":131072,"broadcast":false,"dims":[2,1024,64],"logical":[1024,128],"loop_factor":1},{"name":"arg1_1","role":"input","mem":"hbm","elems":262144,"broadcast":false,"dims":[32,128,64],"logical":[128,2048],"loop_factor":1}],"reduction_cores":1,"loop_trip":1,"tiles_output_dim":false,"tile_rows_per_core":0.0,"is_matmul":true,"matmul_macs":268435456,"matmul_rows_per_core":256.0,"matmul_cols_per_core":256.0,"matmul_a_bytes":262144,"matmul_b_bytes":524288,"hbm_pattern":""}]
SUMMARY op=mmwd rows=1024 cols=128 cores=32 tiles=0 lx=1 io_hbm_bytes=4980736 kernel_us=31.455 pred_us=40.874 err_pct=+29.9 bw_gbps=158.3 memset_us=172.523 other_dev_us=264.695 total_dev_us=468.673
-- mmwd M=512 K=512 N=1024 m=4 n=8 k=1 (cores=32,  M/m=128, N/n=128)
  op_it_space_splits={d0: 4, d1: 8, d2: 1}
  op_it_space_splits={d0: 4, d1: 8, d2: 1}
  op_it_space_splits={d0: 4, d1: 8, d2: 1}
  op_it_space_splits={d0: 4, d1: 8, d2: 1}
  op_it_space_splits={d0: 4, d1: 8, d2: 1}
  op_it_space_splits={d0: 4, d1: 8, d2: 1}
IO -- device-layout I/O (cost model, stick-padded) --
IO   op mm [reduction]
IO     output op0                    torch [512, 1024] -> device [16, 512, 64] in HBM = 524288 elems x 2B = 1048576 B  (hbm counted: 1048576 B)
IO     input  arg0_1                 torch [512, 512] -> device [8, 512, 64] in HBM = 262144 elems x 2B = 524288 B  (hbm counted: 524288 B)
IO     input  arg1_1                 torch [512, 1024] -> device [16, 512, 64] in HBM = 524288 elems x 2B = 1048576 B  (hbm counted: 1048576 B)
IO   => HBM I/O total = 2621440 B  (lx 0 B, ~free)
MODEL -- estimate (turnaround): T = compute + (R+W)/BW_PEAK + a*min(R,W) --
MODEL   R=1572864 B (read)   W=1048576 B (write)   loop_trip L=1
MODEL   compute = MACs/cores/(mac_peak*pt_eff) = 268435456/32/(1140*1.000) = 7.36 us  (M/m=128, pt_eff=1.000)
MODEL   base = R/143+W/156 = 17.72 us
MODEL   turn = a*min(R,W) = 0.00574*1048576 = 6.02 us
MODEL   => T_model = 27.71 us
MODEL FEATS [{"name":"mm","is_reduction":true,"out_elems":524288,"cores":32,"dtype_bytes":2,"args":[{"name":"op0","role":"output","mem":"hbm","elems":524288,"broadcast":false,"dims":[16,512,64],"logical":[512,1024],"loop_factor":1},{"name":"arg0_1","role":"input","mem":"hbm","elems":262144,"broadcast":false,"dims":[8,512,64],"logical":[512,512],"loop_factor":1},{"name":"arg1_1","role":"input","mem":"hbm","elems":524288,"broadcast":false,"dims":[16,512,64],"logical":[512,1024],"loop_factor":1}],"reduction_cores":1,"loop_trip":1,"tiles_output_dim":false,"tile_rows_per_core":0.0,"is_matmul":true,"matmul_macs":268435456,"matmul_rows_per_core":128.0,"matmul_cols_per_core":128.0,"matmul_a_bytes":524288,"matmul_b_bytes":1048576,"hbm_pattern":""}]
SUMMARY op=mmwd rows=512 cols=512 cores=32 tiles=0 lx=1 io_hbm_bytes=2621440 kernel_us=20.346 pred_us=27.713 err_pct=+36.2 bw_gbps=128.8 memset_us=126.712 other_dev_us=229.383 total_dev_us=376.441
-- mmwd M=1792 K=2048 N=512 m=4 n=8 k=1 (cores=32,  M/m=448, N/n=64)
  op_it_space_splits={d0: 4, d1: 8, d2: 1}
  op_it_space_splits={d0: 4, d1: 8, d2: 1}
  op_it_space_splits={d0: 4, d1: 8, d2: 1}
  op_it_space_splits={d0: 4, d1: 8, d2: 1}
  op_it_space_splits={d0: 4, d1: 8, d2: 1}
  op_it_space_splits={d0: 4, d1: 8, d2: 1}
IO -- device-layout I/O (cost model, stick-padded) --
IO   op mm [reduction]
IO     output op0                    torch [1792, 512] -> device [8, 1792, 64] in HBM = 917504 elems x 2B = 1835008 B  (hbm counted: 1835008 B)
IO     input  arg0_1                 torch [1792, 2048] -> device [32, 1792, 64] in HBM = 3670016 elems x 2B = 7340032 B  (hbm counted: 7340032 B)
IO     input  arg1_1                 torch [2048, 512] -> device [8, 2048, 64] in HBM = 1048576 elems x 2B = 2097152 B  (hbm counted: 2097152 B)
IO   => HBM I/O total = 11272192 B  (lx 0 B, ~free)
MODEL -- estimate (turnaround): T = compute + (R+W)/BW_PEAK + a*min(R,W) --
MODEL   R=9437184 B (read)   W=1835008 B (write)   loop_trip L=1
MODEL   compute = MACs/cores/(mac_peak*pt_eff) = 1879048192/32/(1140*1.000) = 51.51 us  (M/m=448, pt_eff=1.000)
MODEL   base = R/143+W/156 = 77.76 us
MODEL   turn = a*min(R,W) = 0.00574*1835008 = 10.53 us
MODEL   => T_model = 116.10 us
MODEL FEATS [{"name":"mm","is_reduction":true,"out_elems":917504,"cores":32,"dtype_bytes":2,"args":[{"name":"op0","role":"output","mem":"hbm","elems":917504,"broadcast":false,"dims":[8,1792,64],"logical":[1792,512],"loop_factor":1},{"name":"arg0_1","role":"input","mem":"hbm","elems":3670016,"broadcast":false,"dims":[32,1792,64],"logical":[1792,2048],"loop_factor":1},{"name":"arg1_1","role":"input","mem":"hbm","elems":1048576,"broadcast":false,"dims":[8,2048,64],"logical":[2048,512],"loop_factor":1}],"reduction_cores":1,"loop_trip":1,"tiles_output_dim":false,"tile_rows_per_core":0.0,"is_matmul":true,"matmul_macs":1879048192,"matmul_rows_per_core":448.0,"matmul_cols_per_core":64.0,"matmul_a_bytes":7340032,"matmul_b_bytes":2097152,"hbm_pattern":""}]
SUMMARY op=mmwd rows=1792 cols=2048 cores=32 tiles=0 lx=1 io_hbm_bytes=11272192 kernel_us=125.179 pred_us=116.105 err_pct=-7.2 bw_gbps=90.0 memset_us=97.951 other_dev_us=282.840 total_dev_us=505.970
-- mmwd M=256 K=2048 N=512 m=4 n=8 k=1 (cores=32,  M/m=64, N/n=64)
  op_it_space_splits={d0: 4, d1: 8, d2: 1}
  op_it_space_splits={d0: 4, d1: 8, d2: 1}
  op_it_space_splits={d0: 4, d1: 8, d2: 1}
  op_it_space_splits={d0: 4, d1: 8, d2: 1}
  op_it_space_splits={d0: 4, d1: 8, d2: 1}
  op_it_space_splits={d0: 4, d1: 8, d2: 1}
IO -- device-layout I/O (cost model, stick-padded) --
IO   op mm [reduction]
IO     output op0                    torch [256, 512] -> device [8, 256, 64] in HBM = 131072 elems x 2B = 262144 B  (hbm counted: 262144 B)
IO     input  arg0_1                 torch [256, 2048] -> device [32, 256, 64] in HBM = 524288 elems x 2B = 1048576 B  (hbm counted: 1048576 B)
IO     input  arg1_1                 torch [2048, 512] -> device [8, 2048, 64] in HBM = 1048576 elems x 2B = 2097152 B  (hbm counted: 2097152 B)
IO   => HBM I/O total = 3407872 B  (lx 0 B, ~free)
MODEL -- estimate (turnaround): T = compute + (R+W)/BW_PEAK + a*min(R,W) --
MODEL   R=3145728 B (read)   W=262144 B (write)   loop_trip L=1
MODEL   compute = MACs/cores/(mac_peak*pt_eff) = 268435456/32/(1140*1.000) = 7.36 us  (M/m=64, pt_eff=1.000)
MODEL   base = R/143+W/156 = 23.68 us
MODEL   turn = a*min(R,W) = 0.00574*262144 = 1.50 us
MODEL   => T_model = 29.16 us
MODEL FEATS [{"name":"mm","is_reduction":true,"out_elems":131072,"cores":32,"dtype_bytes":2,"args":[{"name":"op0","role":"output","mem":"hbm","elems":131072,"broadcast":false,"dims":[8,256,64],"logical":[256,512],"loop_factor":1},{"name":"arg0_1","role":"input","mem":"hbm","elems":524288,"broadcast":false,"dims":[32,256,64],"logical":[256,2048],"loop_factor":1},{"name":"arg1_1","role":"input","mem":"hbm","elems":1048576,"broadcast":false,"dims":[8,2048,64],"logical":[2048,512],"loop_factor":1}],"reduction_cores":1,"loop_trip":1,"tiles_output_dim":false,"tile_rows_per_core":0.0,"is_matmul":true,"matmul_macs":268435456,"matmul_rows_per_core":64.0,"matmul_cols_per_core":64.0,"matmul_a_bytes":1048576,"matmul_b_bytes":2097152,"hbm_pattern":""}]
SUMMARY op=mmwd rows=256 cols=2048 cores=32 tiles=0 lx=1 io_hbm_bytes=3407872 kernel_us=26.012 pred_us=29.157 err_pct=+12.1 bw_gbps=131.0 memset_us=66.744 other_dev_us=148.468 total_dev_us=241.224
==== DONE -> forward /dev/null ====

################################################################
## >>> run_nonpow2_n_sweep.sh 
################################################################
==== nonpow2-N sweep Thu Jul  9 22:53:20 UTC 2026 ====
git: 2012d4f  sections: NP
## NP M=2048 K=2048 4x8x1, N{4096..4608 step 64} (per-core tile 512..576)
-- mmwd M=2048 K=2048 N=4096 m=4 n=8 k=1 (N/n=512,  tile_stick_pad=0)
  op_it_space_splits={d0: 4, d1: 8, d2: 1}
  op_it_space_splits={d0: 4, d1: 8, d2: 1}
  op_it_space_splits={d0: 4, d1: 8, d2: 1}
  op_it_space_splits={d0: 4, d1: 8, d2: 1}
  op_it_space_splits={d0: 4, d1: 8, d2: 1}
  op_it_space_splits={d0: 4, d1: 8, d2: 1}
IO -- device-layout I/O (cost model, stick-padded) --
IO   op mm [reduction]
IO     output op0                    torch [2048, 4096] -> device [64, 2048, 64] in HBM = 8388608 elems x 2B = 16777216 B  (hbm counted: 16777216 B)
IO     input  arg0_1                 torch [2048, 2048] -> device [32, 2048, 64] in HBM = 4194304 elems x 2B = 8388608 B  (hbm counted: 8388608 B)
IO     input  arg1_1                 torch [2048, 4096] -> device [64, 2048, 64] in HBM = 8388608 elems x 2B = 16777216 B  (hbm counted: 16777216 B)
IO   => HBM I/O total = 41943040 B  (lx 0 B, ~free)
MODEL -- estimate (turnaround): T = compute + (R+W)/BW_PEAK + a*min(R,W) --
MODEL   R=25165824 B (read)   W=16777216 B (write)   loop_trip L=1
MODEL   compute = MACs/cores/(mac_peak*pt_eff) = 17179869184/32/(1140*1.000) = 470.94 us  (M/m=512, pt_eff=1.000)
MODEL   base = R/143+W/156 = 283.53 us
MODEL   turn = a*min(R,W) = 0.00574*16777216 = 96.30 us
MODEL   => T_model = 696.19 us
MODEL FEATS [{"name":"mm","is_reduction":true,"out_elems":8388608,"cores":32,"dtype_bytes":2,"args":[{"name":"op0","role":"output","mem":"hbm","elems":8388608,"broadcast":false,"dims":[64,2048,64],"logical":[2048,4096],"loop_factor":1},{"name":"arg0_1","role":"input","mem":"hbm","elems":4194304,"broadcast":false,"dims":[32,2048,64],"logical":[2048,2048],"loop_factor":1},{"name":"arg1_1","role":"input","mem":"hbm","elems":8388608,"broadcast":false,"dims":[64,2048,64],"logical":[2048,4096],"loop_factor":1}],"reduction_cores":1,"loop_trip":1,"tiles_output_dim":false,"tile_rows_per_core":0.0,"is_matmul":true,"matmul_macs":17179869184,"matmul_rows_per_core":512.0,"matmul_cols_per_core":512.0,"matmul_a_bytes":8388608,"matmul_b_bytes":16777216,"hbm_pattern":""}]
SUMMARY op=mmwd rows=2048 cols=2048 cores=32 tiles=0 lx=1 io_hbm_bytes=41943040 kernel_us=770.332 pred_us=696.187 err_pct=-9.6 bw_gbps=54.4 memset_us=333.642 other_dev_us=883.219 total_dev_us=1987.193
-- mmwd M=2048 K=2048 N=4160 m=4 n=8 k=1 (N/n=520,  tile_stick_pad=56)
SUMMARY op=mmwd rows=2048 cols=2048 tiles=0 lx=1 FAILED reason=InductorError: Unsupported: Spyre backend does not support: work_division_hint: buf0 dim d1 size=65 is not evenly divisible by split=8.
-- mmwd M=2048 K=2048 N=4224 m=4 n=8 k=1 (N/n=528,  tile_stick_pad=48)
SUMMARY op=mmwd rows=2048 cols=2048 tiles=0 lx=1 FAILED reason=InductorError: Unsupported: Spyre backend does not support: work_division_hint: buf0 dim d1 size=66 is not evenly divisible by split=8.
-- mmwd M=2048 K=2048 N=4288 m=4 n=8 k=1 (N/n=536,  tile_stick_pad=40)
SUMMARY op=mmwd rows=2048 cols=2048 tiles=0 lx=1 FAILED reason=InductorError: Unsupported: Spyre backend does not support: work_division_hint: buf0 dim d1 size=67 is not evenly divisible by split=8.
-- mmwd M=2048 K=2048 N=4352 m=4 n=8 k=1 (N/n=544,  tile_stick_pad=32)
SUMMARY op=mmwd rows=2048 cols=2048 tiles=0 lx=1 FAILED reason=InductorError: Unsupported: Spyre backend does not support: work_division_hint: buf0 dim d1 size=68 is not evenly divisible by split=8.
-- mmwd M=2048 K=2048 N=4416 m=4 n=8 k=1 (N/n=552,  tile_stick_pad=24)
SUMMARY op=mmwd rows=2048 cols=2048 tiles=0 lx=1 FAILED reason=InductorError: Unsupported: Spyre backend does not support: work_division_hint: buf0 dim d1 size=69 is not evenly divisible by split=8.
-- mmwd M=2048 K=2048 N=4480 m=4 n=8 k=1 (N/n=560,  tile_stick_pad=16)
SUMMARY op=mmwd rows=2048 cols=2048 tiles=0 lx=1 FAILED reason=InductorError: Unsupported: Spyre backend does not support: work_division_hint: buf0 dim d1 size=70 is not evenly divisible by split=8.
-- mmwd M=2048 K=2048 N=4544 m=4 n=8 k=1 (N/n=568,  tile_stick_pad=8)
SUMMARY op=mmwd rows=2048 cols=2048 tiles=0 lx=1 FAILED reason=InductorError: Unsupported: Spyre backend does not support: work_division_hint: buf0 dim d1 size=71 is not evenly divisible by split=8.
-- mmwd M=2048 K=2048 N=4608 m=4 n=8 k=1 (N/n=576,  tile_stick_pad=0)
  op_it_space_splits={d0: 4, d1: 8, d2: 1}
  op_it_space_splits={d0: 4, d1: 8, d2: 1}
  op_it_space_splits={d0: 4, d1: 8, d2: 1}
  op_it_space_splits={d0: 4, d1: 8, d2: 1}
  op_it_space_splits={d0: 4, d1: 8, d2: 1}
  op_it_space_splits={d0: 4, d1: 8, d2: 1}
IO -- device-layout I/O (cost model, stick-padded) --
IO   op mm [reduction]
IO     output op0                    torch [2048, 4608] -> device [72, 2048, 64] in HBM = 9437184 elems x 2B = 18874368 B  (hbm counted: 18874368 B)
IO     input  arg0_1                 torch [2048, 2048] -> device [32, 2048, 64] in HBM = 4194304 elems x 2B = 8388608 B  (hbm counted: 8388608 B)
IO     input  arg1_1                 torch [2048, 4608] -> device [72, 2048, 64] in HBM = 9437184 elems x 2B = 18874368 B  (hbm counted: 18874368 B)
IO   => HBM I/O total = 46137344 B  (lx 0 B, ~free)
MODEL -- estimate (turnaround): T = compute + (R+W)/BW_PEAK + a*min(R,W) --
MODEL   R=27262976 B (read)   W=18874368 B (write)   loop_trip L=1
MODEL   compute = MACs/cores/(mac_peak*pt_eff) = 19327352832/32/(1140*1.000) = 529.81 us  (M/m=512, pt_eff=1.000)
MODEL   base = R/143+W/156 = 311.64 us
MODEL   turn = a*min(R,W) = 0.00574*18874368 = 108.34 us
MODEL   => T_model = 791.73 us
MODEL FEATS [{"name":"mm","is_reduction":true,"out_elems":9437184,"cores":32,"dtype_bytes":2,"args":[{"name":"op0","role":"output","mem":"hbm","elems":9437184,"broadcast":false,"dims":[72,2048,64],"logical":[2048,4608],"loop_factor":1},{"name":"arg0_1","role":"input","mem":"hbm","elems":4194304,"broadcast":false,"dims":[32,2048,64],"logical":[2048,2048],"loop_factor":1},{"name":"arg1_1","role":"input","mem":"hbm","elems":9437184,"broadcast":false,"dims":[72,2048,64],"logical":[2048,4608],"loop_factor":1}],"reduction_cores":1,"loop_trip":1,"tiles_output_dim":false,"tile_rows_per_core":0.0,"is_matmul":true,"matmul_macs":19327352832,"matmul_rows_per_core":512.0,"matmul_cols_per_core":576.0,"matmul_a_bytes":8388608,"matmul_b_bytes":18874368,"hbm_pattern":""}]
SUMMARY op=mmwd rows=2048 cols=2048 cores=32 tiles=0 lx=1 io_hbm_bytes=46137344 kernel_us=944.074 pred_us=791.734 err_pct=-16.1 bw_gbps=48.9 memset_us=342.347 other_dev_us=1152.497 total_dev_us=2438.918
==== DONE -> forward /dev/null ====

################################################################
## >>> run_softmax_floor_sweep.sh 
################################################################
==== softmax floor sweep Thu Jul  9 22:55:24 UTC 2026 ====
git: 2012d4f  sections: FL RF
## FL softmax vs softmax_noexp @ rpc~32: [8192,2048]t8 [16384,2048]t16 [16384,4096]t16
-- softmax_row_tiling [8192,2048] tiles=8 (rpc=32)
  op_it_space_splits={d0: 32, d1: 1}
  op_it_space_splits={d0: 32, d1: 1}
  op_it_space_splits={d0: 32, d1: 1}
  op_it_space_splits={d0: 32, d1: 1}
  op_it_space_splits={d0: 32, d1: 1}
  op_it_space_splits={d0: 32, d1: 1}
  op_it_space_splits={d0: 32, d1: 1}
  op_it_space_splits={d0: 32, d1: 1}
  op_it_space_splits={d0: 32, d1: 1}
  op_it_space_splits={d0: 32, d1: 1}
  op_it_space_splits={d0: 32, d1: 1}
  op_it_space_splits={d0: 32, d1: 1}
  op_it_space_splits={d0: 32, d1: 1}
  op_it_space_splits={d0: 32, d1: 1}
  op_it_space_splits={d0: 32, d1: 1}
  op_it_space_splits={d0: 32, d1: 1}
  op_it_space_splits={d0: 32, d1: 1}
  op_it_space_splits={d0: 32, d1: 1}
  op_it_space_splits={d0: 32, d1: 1}
  op_it_space_splits={d0: 32, d1: 1}
  op_it_space_splits={d0: 32, d1: 1}
  op_it_space_splits={d0: 32, d1: 1}
  op_it_space_splits={d0: 32, d1: 1}
  op_it_space_splits={d0: 32, d1: 1}
  op_it_space_splits={d0: 32, d1: 1}
  op_it_space_splits={d0: 32, d1: 1}
  op_it_space_splits={d0: 32, d1: 1}
  op_it_space_splits={d0: 32, d1: 1}
  op_it_space_splits={d0: 32, d1: 1}
  op_it_space_splits={d0: 32, d1: 1}
IO -- device-layout I/O (cost model, stick-padded) --
IO   op amax [reduction]
IO     output op0                    torch [1024, 1] -> device [1, 1024, 64] in LX = 65536 elems x 2B = 131072 B  (hbm counted: 0 B)
IO     input  arg0_1                 torch [8192, 2048] -> device [32, 8192, 64] in HBM = 16777216 elems x 2B = 33554432 B  (hbm counted: 33554432 B)
IO   op sub
IO     output op1                    torch [1024, 2048] -> device [32, 1024, 64] in LX = 2097152 elems x 2B = 4194304 B  (hbm counted: 0 B)
IO     input  arg0_1                 torch [8192, 2048] -> device [32, 8192, 64] in HBM = 16777216 elems x 2B = 33554432 B  (hbm counted: 33554432 B)
IO     input  buf0                   torch [1024, 1] -> device [1, 1024, 64] in LX = 65536 elems x 2B = 131072 B  (hbm counted: 0 B) broadcast (loaded once)
IO   op exp
IO     output op2                    torch [1024, 2048] -> device [32, 1024, 64] in LX = 2097152 elems x 2B = 4194304 B  (hbm counted: 0 B)
IO     input  buf1                   torch [1024, 2048] -> device [32, 1024, 64] in LX = 2097152 elems x 2B = 4194304 B  (hbm counted: 0 B)
IO   op sum_1 [reduction]
IO     output op3                    torch [1024, 1] -> device [1, 1024, 64] in LX = 65536 elems x 2B = 131072 B  (hbm counted: 0 B)
IO     input  buf2                   torch [1024, 2048] -> device [32, 1024, 64] in LX = 2097152 elems x 2B = 4194304 B  (hbm counted: 0 B)
IO   op div
IO     output op4                    torch [8192, 2048] -> device [8192, 2048] in HBM = 16777216 elems x 2B = 33554432 B  (hbm counted: 33554432 B)
IO     input  buf2                   torch [1024, 2048] -> device [32, 1024, 64] in LX = 2097152 elems x 2B = 4194304 B  (hbm counted: 0 B)
IO     input  buf3                   torch [1024, 1] -> device [1, 1024, 64] in LX = 65536 elems x 2B = 131072 B  (hbm counted: 0 B) broadcast (loaded once)
IO   => HBM I/O total = 100663296 B  (lx 21495808 B, ~free)
MODEL -- estimate (turnaround): T = [(R+W)/BW_PEAK + a*min(R,W)] / eff_underfill --
MODEL   R=33554432 B (read)   W=33554432 B (write)   loop_trip L=8
MODEL   base = (R+W)/150 = 447.39 us
MODEL   turn = a*min(R,W) = 0.00574*33554432 = 192.60 us
MODEL   eff_underfill = min(0.95,(32.0/13)**0.68) = 0.950 -> (base+turn)/eff = 673.68 us
MODEL   => T_model = 673.68 us
MODEL FEATS [{"name":"amax","is_reduction":true,"out_elems":65536,"cores":32,"dtype_bytes":2,"args":[{"name":"op0","role":"output","mem":"lx","elems":65536,"broadcast":false,"dims":[1,1024,64],"logical":[1024,1],"loop_factor":1},{"name":"arg0_1","role":"input","mem":"hbm","elems":16777216,"broadcast":false,"dims":[32,8192,64],"logical":[8192,2048],"loop_factor":1}],"reduction_cores":1,"loop_trip":8,"tiles_output_dim":true,"tile_rows_per_core":32.0,"is_matmul":false,"matmul_macs":0,"matmul_rows_per_core":0.0,"matmul_cols_per_core":0.0,"matmul_a_bytes":0,"matmul_b_bytes":0,"hbm_pattern":""},{"name":"sub","is_reduction":false,"out_elems":2097152,"cores":32,"dtype_bytes":2,"args":[{"name":"op1","role":"output","mem":"lx","elems":2097152,"broadcast":false,"dims":[32,1024,64],"logical":[1024,2048],"loop_factor":1},{"name":"arg0_1","role":"input","mem":"hbm","elems":16777216,"broadcast":false,"dims":[32,8192,64],"logical":[8192,2048],"loop_factor":1},{"name":"buf0","role":"input","mem":"lx","elems":65536,"broadcast":true,"dims":[1,1024,64],"logical":[1024,1],"loop_factor":1}],"reduction_cores":1,"loop_trip":8,"tiles_output_dim":true,"tile_rows_per_core":32.0,"is_matmul":false,"matmul_macs":0,"matmul_rows_per_core":0.0,"matmul_cols_per_core":0.0,"matmul_a_bytes":0,"matmul_b_bytes":0,"hbm_pattern":""},{"name":"exp","is_reduction":false,"out_elems":2097152,"cores":32,"dtype_bytes":2,"args":[{"name":"op2","role":"output","mem":"lx","elems":2097152,"broadcast":false,"dims":[32,1024,64],"logical":[1024,2048],"loop_factor":1},{"name":"buf1","role":"input","mem":"lx","elems":2097152,"broadcast":false,"dims":[32,1024,64],"logical":[1024,2048],"loop_factor":1}],"reduction_cores":1,"loop_trip":8,"tiles_output_dim":true,"tile_rows_per_core":32.0,"is_matmul":false,"matmul_macs":0,"matmul_rows_per_core":0.0,"matmul_cols_per_core":0.0,"matmul_a_bytes":0,"matmul_b_bytes":0,"hbm_pattern":""},{"name":"sum_1","is_reduction":true,"out_elems":65536,"cores":32,"dtype_bytes":2,"args":[{"name":"op3","role":"output","mem":"lx","elems":65536,"broadcast":false,"dims":[1,1024,64],"logical":[1024,1],"loop_factor":1},{"name":"buf2","role":"input","mem":"lx","elems":2097152,"broadcast":false,"dims":[32,1024,64],"logical":[1024,2048],"loop_factor":1}],"reduction_cores":1,"loop_trip":8,"tiles_output_dim":true,"tile_rows_per_core":32.0,"is_matmul":false,"matmul_macs":0,"matmul_rows_per_core":0.0,"matmul_cols_per_core":0.0,"matmul_a_bytes":0,"matmul_b_bytes":0,"hbm_pattern":""},{"name":"div","is_reduction":false,"out_elems":16777216,"cores":32,"dtype_bytes":2,"args":[{"name":"op4","role":"output","mem":"hbm","elems":16777216,"broadcast":false,"dims":[8192,2048],"logical":[8192,2048],"loop_factor":1},{"name":"buf2","role":"input","mem":"lx","elems":2097152,"broadcast":false,"dims":[32,1024,64],"logical":[1024,2048],"loop_factor":1},{"name":"buf3","role":"input","mem":"lx","elems":65536,"broadcast":true,"dims":[1,1024,64],"logical":[1024,1],"loop_factor":1}],"reduction_cores":1,"loop_trip":8,"tiles_output_dim":true,"tile_rows_per_core":32,"is_matmul":false,"matmul_macs":0,"matmul_rows_per_core":0.0,"matmul_cols_per_core":0.0,"matmul_a_bytes":0,"matmul_b_bytes":0,"hbm_pattern":""}]
SUMMARY op=softmax_row_tiling rows=8192 cols=2048 cores=32 tiles=8 lx=1 io_hbm_bytes=100663296 kernel_us=666.372 pred_us=673.679 err_pct=+1.1 bw_gbps=151.1 memset_us=523.651 other_dev_us=2260.237 total_dev_us=3450.260
-- softmax_noexp_row_tiling [8192,2048] tiles=8 (rpc=32)
  op_it_space_splits={d0: 32, d1: 1}
  op_it_space_splits={d0: 32, d1: 1}
  op_it_space_splits={d0: 32, d1: 1}
  op_it_space_splits={d0: 32, d1: 1}
  op_it_space_splits={d0: 32, d1: 1}
  op_it_space_splits={d0: 32, d1: 1}
  op_it_space_splits={d0: 32, d1: 1}
  op_it_space_splits={d0: 32, d1: 1}
  op_it_space_splits={d0: 32, d1: 1}
  op_it_space_splits={d0: 32, d1: 1}
  op_it_space_splits={d0: 32, d1: 1}
  op_it_space_splits={d0: 32, d1: 1}
  op_it_space_splits={d0: 32, d1: 1}
  op_it_space_splits={d0: 32, d1: 1}
  op_it_space_splits={d0: 32, d1: 1}
  op_it_space_splits={d0: 32, d1: 1}
  op_it_space_splits={d0: 32, d1: 1}
  op_it_space_splits={d0: 32, d1: 1}
  op_it_space_splits={d0: 32, d1: 1}
  op_it_space_splits={d0: 32, d1: 1}
  op_it_space_splits={d0: 32, d1: 1}
  op_it_space_splits={d0: 32, d1: 1}
  op_it_space_splits={d0: 32, d1: 1}
  op_it_space_splits={d0: 32, d1: 1}
  op_it_space_splits={d0: 32, d1: 1}
  op_it_space_splits={d0: 32, d1: 1}
  op_it_space_splits={d0: 32, d1: 1}
  op_it_space_splits={d0: 32, d1: 1}
  op_it_space_splits={d0: 32, d1: 1}
  op_it_space_splits={d0: 32, d1: 1}
IO -- device-layout I/O (cost model, stick-padded) --
IO   op amax [reduction]
IO     output op0                    torch [1024, 1] -> device [1, 1024, 64] in LX = 65536 elems x 2B = 131072 B  (hbm counted: 0 B)
IO     input  arg0_1                 torch [8192, 2048] -> device [32, 8192, 64] in HBM = 16777216 elems x 2B = 33554432 B  (hbm counted: 33554432 B)
IO   op sub
IO     output op1                    torch [1024, 2048] -> device [32, 1024, 64] in LX = 2097152 elems x 2B = 4194304 B  (hbm counted: 0 B)
IO     input  arg0_1                 torch [8192, 2048] -> device [32, 8192, 64] in HBM = 16777216 elems x 2B = 33554432 B  (hbm counted: 33554432 B)
IO     input  buf0                   torch [1024, 1] -> device [1, 1024, 64] in LX = 65536 elems x 2B = 131072 B  (hbm counted: 0 B) broadcast (loaded once)
IO   op mul
IO     output op2                    torch [1024, 2048] -> device [32, 1024, 64] in LX = 2097152 elems x 2B = 4194304 B  (hbm counted: 0 B)
IO     input  buf1                   torch [1024, 2048] -> device [32, 1024, 64] in LX = 2097152 elems x 2B = 4194304 B  (hbm counted: 0 B)
IO     input  buf5                   device [1, 64] in HBM = 64 elems x 2B = 128 B  (hbm counted: 128 B) broadcast (loaded once)
IO   op sum_1 [reduction]
IO     output op3                    torch [1024, 1] -> device [1, 1024, 64] in LX = 65536 elems x 2B = 131072 B  (hbm counted: 0 B)
IO     input  buf2                   torch [1024, 2048] -> device [32, 1024, 64] in LX = 2097152 elems x 2B = 4194304 B  (hbm counted: 0 B)
IO   op div
IO     output op4                    torch [8192, 2048] -> device [8192, 2048] in HBM = 16777216 elems x 2B = 33554432 B  (hbm counted: 33554432 B)
IO     input  buf2                   torch [1024, 2048] -> device [32, 1024, 64] in LX = 2097152 elems x 2B = 4194304 B  (hbm counted: 0 B)
IO     input  buf3                   torch [1024, 1] -> device [1, 1024, 64] in LX = 65536 elems x 2B = 131072 B  (hbm counted: 0 B) broadcast (loaded once)
IO   => HBM I/O total = 100663424 B  (lx 21495808 B, ~free)
MODEL -- estimate (turnaround): T = [(R+W)/BW_PEAK + a*min(R,W)] / eff_underfill --
MODEL   R=33554560 B (read)   W=33554432 B (write)   loop_trip L=8
MODEL   base = (R+W)/150 = 447.39 us
MODEL   turn = a*min(R,W) = 0.00574*33554432 = 192.60 us
MODEL   eff_underfill = min(0.95,(32.0/13)**0.68) = 0.950 -> (base+turn)/eff = 673.68 us
MODEL   => T_model = 673.68 us
MODEL FEATS [{"name":"amax","is_reduction":true,"out_elems":65536,"cores":32,"dtype_bytes":2,"args":[{"name":"op0","role":"output","mem":"lx","elems":65536,"broadcast":false,"dims":[1,1024,64],"logical":[1024,1],"loop_factor":1},{"name":"arg0_1","role":"input","mem":"hbm","elems":16777216,"broadcast":false,"dims":[32,8192,64],"logical":[8192,2048],"loop_factor":1}],"reduction_cores":1,"loop_trip":8,"tiles_output_dim":true,"tile_rows_per_core":32.0,"is_matmul":false,"matmul_macs":0,"matmul_rows_per_core":0.0,"matmul_cols_per_core":0.0,"matmul_a_bytes":0,"matmul_b_bytes":0,"hbm_pattern":""},{"name":"sub","is_reduction":false,"out_elems":2097152,"cores":32,"dtype_bytes":2,"args":[{"name":"op1","role":"output","mem":"lx","elems":2097152,"broadcast":false,"dims":[32,1024,64],"logical":[1024,2048],"loop_factor":1},{"name":"arg0_1","role":"input","mem":"hbm","elems":16777216,"broadcast":false,"dims":[32,8192,64],"logical":[8192,2048],"loop_factor":1},{"name":"buf0","role":"input","mem":"lx","elems":65536,"broadcast":true,"dims":[1,1024,64],"logical":[1024,1],"loop_factor":1}],"reduction_cores":1,"loop_trip":8,"tiles_output_dim":true,"tile_rows_per_core":32.0,"is_matmul":false,"matmul_macs":0,"matmul_rows_per_core":0.0,"matmul_cols_per_core":0.0,"matmul_a_bytes":0,"matmul_b_bytes":0,"hbm_pattern":""},{"name":"mul","is_reduction":false,"out_elems":2097152,"cores":32,"dtype_bytes":2,"args":[{"name":"op2","role":"output","mem":"lx","elems":2097152,"broadcast":false,"dims":[32,1024,64],"logical":[1024,2048],"loop_factor":1},{"name":"buf1","role":"input","mem":"lx","elems":2097152,"broadcast":false,"dims":[32,1024,64],"logical":[1024,2048],"loop_factor":1},{"name":"buf5","role":"input","mem":"hbm","elems":64,"broadcast":true,"dims":[1,64],"logical":[],"loop_factor":1}],"reduction_cores":1,"loop_trip":8,"tiles_output_dim":true,"tile_rows_per_core":32.0,"is_matmul":false,"matmul_macs":0,"matmul_rows_per_core":0.0,"matmul_cols_per_core":0.0,"matmul_a_bytes":0,"matmul_b_bytes":0,"hbm_pattern":""},{"name":"sum_1","is_reduction":true,"out_elems":65536,"cores":32,"dtype_bytes":2,"args":[{"name":"op3","role":"output","mem":"lx","elems":65536,"broadcast":false,"dims":[1,1024,64],"logical":[1024,1],"loop_factor":1},{"name":"buf2","role":"input","mem":"lx","elems":2097152,"broadcast":false,"dims":[32,1024,64],"logical":[1024,2048],"loop_factor":1}],"reduction_cores":1,"loop_trip":8,"tiles_output_dim":true,"tile_rows_per_core":32.0,"is_matmul":false,"matmul_macs":0,"matmul_rows_per_core":0.0,"matmul_cols_per_core":0.0,"matmul_a_bytes":0,"matmul_b_bytes":0,"hbm_pattern":""},{"name":"div","is_reduction":false,"out_elems":16777216,"cores":32,"dtype_bytes":2,"args":[{"name":"op4","role":"output","mem":"hbm","elems":16777216,"broadcast":false,"dims":[8192,2048],"logical":[8192,2048],"loop_factor":1},{"name":"buf2","role":"input","mem":"lx","elems":2097152,"broadcast":false,"dims":[32,1024,64],"logical":[1024,2048],"loop_factor":1},{"name":"buf3","role":"input","mem":"lx","elems":65536,"broadcast":true,"dims":[1,1024,64],"logical":[1024,1],"loop_factor":1}],"reduction_cores":1,"loop_trip":8,"tiles_output_dim":true,"tile_rows_per_core":32,"is_matmul":false,"matmul_macs":0,"matmul_rows_per_core":0.0,"matmul_cols_per_core":0.0,"matmul_a_bytes":0,"matmul_b_bytes":0,"hbm_pattern":""}]
SUMMARY op=softmax_noexp_row_tiling rows=8192 cols=2048 cores=32 tiles=8 lx=1 io_hbm_bytes=100663424 kernel_us=640.998 pred_us=673.680 err_pct=+5.1 bw_gbps=157.0 memset_us=504.883 other_dev_us=2378.362 total_dev_us=3524.243
-- softmax_row_tiling [16384,2048] tiles=16 (rpc=32)
  op_it_space_splits={d0: 32, d1: 1}
  op_it_space_splits={d0: 32, d1: 1}
  op_it_space_splits={d0: 32, d1: 1}
  op_it_space_splits={d0: 32, d1: 1}
  op_it_space_splits={d0: 32, d1: 1}
  op_it_space_splits={d0: 32, d1: 1}
  op_it_space_splits={d0: 32, d1: 1}
  op_it_space_splits={d0: 32, d1: 1}
  op_it_space_splits={d0: 32, d1: 1}
  op_it_space_splits={d0: 32, d1: 1}
  op_it_space_splits={d0: 32, d1: 1}
  op_it_space_splits={d0: 32, d1: 1}
  op_it_space_splits={d0: 32, d1: 1}
  op_it_space_splits={d0: 32, d1: 1}
  op_it_space_splits={d0: 32, d1: 1}
  op_it_space_splits={d0: 32, d1: 1}
  op_it_space_splits={d0: 32, d1: 1}
  op_it_space_splits={d0: 32, d1: 1}
  op_it_space_splits={d0: 32, d1: 1}
  op_it_space_splits={d0: 32, d1: 1}
  op_it_space_splits={d0: 32, d1: 1}
  op_it_space_splits={d0: 32, d1: 1}
  op_it_space_splits={d0: 32, d1: 1}
  op_it_space_splits={d0: 32, d1: 1}
  op_it_space_splits={d0: 32, d1: 1}
  op_it_space_splits={d0: 32, d1: 1}
  op_it_space_splits={d0: 32, d1: 1}
  op_it_space_splits={d0: 32, d1: 1}
  op_it_space_splits={d0: 32, d1: 1}
  op_it_space_splits={d0: 32, d1: 1}
IO -- device-layout I/O (cost model, stick-padded) --
IO   op amax [reduction]
IO     output op0                    torch [1024, 1] -> device [1, 1024, 64] in LX = 65536 elems x 2B = 131072 B  (hbm counted: 0 B)
IO     input  arg0_1                 torch [16384, 2048] -> device [32, 16384, 64] in HBM = 33554432 elems x 2B = 67108864 B  (hbm counted: 67108864 B)
IO   op sub
IO     output op1                    torch [1024, 2048] -> device [32, 1024, 64] in LX = 2097152 elems x 2B = 4194304 B  (hbm counted: 0 B)
IO     input  arg0_1                 torch [16384, 2048] -> device [32, 16384, 64] in HBM = 33554432 elems x 2B = 67108864 B  (hbm counted: 67108864 B)
IO     input  buf0                   torch [1024, 1] -> device [1, 1024, 64] in LX = 65536 elems x 2B = 131072 B  (hbm counted: 0 B) broadcast (loaded once)
IO   op exp
IO     output op2                    torch [1024, 2048] -> device [32, 1024, 64] in LX = 2097152 elems x 2B = 4194304 B  (hbm counted: 0 B)
IO     input  buf1                   torch [1024, 2048] -> device [32, 1024, 64] in LX = 2097152 elems x 2B = 4194304 B  (hbm counted: 0 B)
IO   op sum_1 [reduction]
IO     output op3                    torch [1024, 1] -> device [1, 1024, 64] in LX = 65536 elems x 2B = 131072 B  (hbm counted: 0 B)
IO     input  buf2                   torch [1024, 2048] -> device [32, 1024, 64] in LX = 2097152 elems x 2B = 4194304 B  (hbm counted: 0 B)
IO   op div
IO     output op4                    torch [16384, 2048] -> device [16384, 2048] in HBM = 33554432 elems x 2B = 67108864 B  (hbm counted: 67108864 B)
IO     input  buf2                   torch [1024, 2048] -> device [32, 1024, 64] in LX = 2097152 elems x 2B = 4194304 B  (hbm counted: 0 B)
IO     input  buf3                   torch [1024, 1] -> device [1, 1024, 64] in LX = 65536 elems x 2B = 131072 B  (hbm counted: 0 B) broadcast (loaded once)
IO   => HBM I/O total = 201326592 B  (lx 21495808 B, ~free)
MODEL -- estimate (turnaround): T = [(R+W)/BW_PEAK + a*min(R,W)] / eff_underfill --
MODEL   R=67108864 B (read)   W=67108864 B (write)   loop_trip L=16
MODEL   base = (R+W)/150 = 894.78 us
MODEL   turn = a*min(R,W) = 0.00574*67108864 = 385.20 us
MODEL   eff_underfill = min(0.95,(32.0/13)**0.68) = 0.950 -> (base+turn)/eff = 1347.36 us
MODEL   => T_model = 1347.36 us
MODEL FEATS [{"name":"amax","is_reduction":true,"out_elems":65536,"cores":32,"dtype_bytes":2,"args":[{"name":"op0","role":"output","mem":"lx","elems":65536,"broadcast":false,"dims":[1,1024,64],"logical":[1024,1],"loop_factor":1},{"name":"arg0_1","role":"input","mem":"hbm","elems":33554432,"broadcast":false,"dims":[32,16384,64],"logical":[16384,2048],"loop_factor":1}],"reduction_cores":1,"loop_trip":16,"tiles_output_dim":true,"tile_rows_per_core":32.0,"is_matmul":false,"matmul_macs":0,"matmul_rows_per_core":0.0,"matmul_cols_per_core":0.0,"matmul_a_bytes":0,"matmul_b_bytes":0,"hbm_pattern":""},{"name":"sub","is_reduction":false,"out_elems":2097152,"cores":32,"dtype_bytes":2,"args":[{"name":"op1","role":"output","mem":"lx","elems":2097152,"broadcast":false,"dims":[32,1024,64],"logical":[1024,2048],"loop_factor":1},{"name":"arg0_1","role":"input","mem":"hbm","elems":33554432,"broadcast":false,"dims":[32,16384,64],"logical":[16384,2048],"loop_factor":1},{"name":"buf0","role":"input","mem":"lx","elems":65536,"broadcast":true,"dims":[1,1024,64],"logical":[1024,1],"loop_factor":1}],"reduction_cores":1,"loop_trip":16,"tiles_output_dim":true,"tile_rows_per_core":32.0,"is_matmul":false,"matmul_macs":0,"matmul_rows_per_core":0.0,"matmul_cols_per_core":0.0,"matmul_a_bytes":0,"matmul_b_bytes":0,"hbm_pattern":""},{"name":"exp","is_reduction":false,"out_elems":2097152,"cores":32,"dtype_bytes":2,"args":[{"name":"op2","role":"output","mem":"lx","elems":2097152,"broadcast":false,"dims":[32,1024,64],"logical":[1024,2048],"loop_factor":1},{"name":"buf1","role":"input","mem":"lx","elems":2097152,"broadcast":false,"dims":[32,1024,64],"logical":[1024,2048],"loop_factor":1}],"reduction_cores":1,"loop_trip":16,"tiles_output_dim":true,"tile_rows_per_core":32.0,"is_matmul":false,"matmul_macs":0,"matmul_rows_per_core":0.0,"matmul_cols_per_core":0.0,"matmul_a_bytes":0,"matmul_b_bytes":0,"hbm_pattern":""},{"name":"sum_1","is_reduction":true,"out_elems":65536,"cores":32,"dtype_bytes":2,"args":[{"name":"op3","role":"output","mem":"lx","elems":65536,"broadcast":false,"dims":[1,1024,64],"logical":[1024,1],"loop_factor":1},{"name":"buf2","role":"input","mem":"lx","elems":2097152,"broadcast":false,"dims":[32,1024,64],"logical":[1024,2048],"loop_factor":1}],"reduction_cores":1,"loop_trip":16,"tiles_output_dim":true,"tile_rows_per_core":32.0,"is_matmul":false,"matmul_macs":0,"matmul_rows_per_core":0.0,"matmul_cols_per_core":0.0,"matmul_a_bytes":0,"matmul_b_bytes":0,"hbm_pattern":""},{"name":"div","is_reduction":false,"out_elems":33554432,"cores":32,"dtype_bytes":2,"args":[{"name":"op4","role":"output","mem":"hbm","elems":33554432,"broadcast":false,"dims":[16384,2048],"logical":[16384,2048],"loop_factor":1},{"name":"buf2","role":"input","mem":"lx","elems":2097152,"broadcast":false,"dims":[32,1024,64],"logical":[1024,2048],"loop_factor":1},{"name":"buf3","role":"input","mem":"lx","elems":65536,"broadcast":true,"dims":[1,1024,64],"logical":[1024,1],"loop_factor":1}],"reduction_cores":1,"loop_trip":16,"tiles_output_dim":true,"tile_rows_per_core":32,"is_matmul":false,"matmul_macs":0,"matmul_rows_per_core":0.0,"matmul_cols_per_core":0.0,"matmul_a_bytes":0,"matmul_b_bytes":0,"hbm_pattern":""}]
SUMMARY op=softmax_row_tiling rows=16384 cols=2048 cores=32 tiles=16 lx=1 io_hbm_bytes=201326592 kernel_us=1338.599 pred_us=1347.358 err_pct=+0.7 bw_gbps=150.4 memset_us=2025.681 other_dev_us=2924.200 total_dev_us=6288.480
-- softmax_noexp_row_tiling [16384,2048] tiles=16 (rpc=32)
  op_it_space_splits={d0: 32, d1: 1}
  op_it_space_splits={d0: 32, d1: 1}
  op_it_space_splits={d0: 32, d1: 1}
  op_it_space_splits={d0: 32, d1: 1}
  op_it_space_splits={d0: 32, d1: 1}
  op_it_space_splits={d0: 32, d1: 1}
  op_it_space_splits={d0: 32, d1: 1}
  op_it_space_splits={d0: 32, d1: 1}
  op_it_space_splits={d0: 32, d1: 1}
  op_it_space_splits={d0: 32, d1: 1}
  op_it_space_splits={d0: 32, d1: 1}
  op_it_space_splits={d0: 32, d1: 1}
  op_it_space_splits={d0: 32, d1: 1}
  op_it_space_splits={d0: 32, d1: 1}
  op_it_space_splits={d0: 32, d1: 1}
  op_it_space_splits={d0: 32, d1: 1}
  op_it_space_splits={d0: 32, d1: 1}
  op_it_space_splits={d0: 32, d1: 1}
  op_it_space_splits={d0: 32, d1: 1}
  op_it_space_splits={d0: 32, d1: 1}
  op_it_space_splits={d0: 32, d1: 1}
  op_it_space_splits={d0: 32, d1: 1}
  op_it_space_splits={d0: 32, d1: 1}
  op_it_space_splits={d0: 32, d1: 1}
  op_it_space_splits={d0: 32, d1: 1}
  op_it_space_splits={d0: 32, d1: 1}
  op_it_space_splits={d0: 32, d1: 1}
  op_it_space_splits={d0: 32, d1: 1}
  op_it_space_splits={d0: 32, d1: 1}
  op_it_space_splits={d0: 32, d1: 1}
IO -- device-layout I/O (cost model, stick-padded) --
IO   op amax [reduction]
IO     output op0                    torch [1024, 1] -> device [1, 1024, 64] in LX = 65536 elems x 2B = 131072 B  (hbm counted: 0 B)
IO     input  arg0_1                 torch [16384, 2048] -> device [32, 16384, 64] in HBM = 33554432 elems x 2B = 67108864 B  (hbm counted: 67108864 B)
IO   op sub
IO     output op1                    torch [1024, 2048] -> device [32, 1024, 64] in LX = 2097152 elems x 2B = 4194304 B  (hbm counted: 0 B)
IO     input  arg0_1                 torch [16384, 2048] -> device [32, 16384, 64] in HBM = 33554432 elems x 2B = 67108864 B  (hbm counted: 67108864 B)
IO     input  buf0                   torch [1024, 1] -> device [1, 1024, 64] in LX = 65536 elems x 2B = 131072 B  (hbm counted: 0 B) broadcast (loaded once)
IO   op mul
IO     output op2                    torch [1024, 2048] -> device [32, 1024, 64] in LX = 2097152 elems x 2B = 4194304 B  (hbm counted: 0 B)
IO     input  buf1                   torch [1024, 2048] -> device [32, 1024, 64] in LX = 2097152 elems x 2B = 4194304 B  (hbm counted: 0 B)
IO     input  buf5                   device [1, 64] in HBM = 64 elems x 2B = 128 B  (hbm counted: 128 B) broadcast (loaded once)
IO   op sum_1 [reduction]
IO     output op3                    torch [1024, 1] -> device [1, 1024, 64] in LX = 65536 elems x 2B = 131072 B  (hbm counted: 0 B)
IO     input  buf2                   torch [1024, 2048] -> device [32, 1024, 64] in LX = 2097152 elems x 2B = 4194304 B  (hbm counted: 0 B)
IO   op div
IO     output op4                    torch [16384, 2048] -> device [16384, 2048] in HBM = 33554432 elems x 2B = 67108864 B  (hbm counted: 67108864 B)
IO     input  buf2                   torch [1024, 2048] -> device [32, 1024, 64] in LX = 2097152 elems x 2B = 4194304 B  (hbm counted: 0 B)
IO     input  buf3                   torch [1024, 1] -> device [1, 1024, 64] in LX = 65536 elems x 2B = 131072 B  (hbm counted: 0 B) broadcast (loaded once)
IO   => HBM I/O total = 201326720 B  (lx 21495808 B, ~free)
MODEL -- estimate (turnaround): T = [(R+W)/BW_PEAK + a*min(R,W)] / eff_underfill --
MODEL   R=67108992 B (read)   W=67108864 B (write)   loop_trip L=16
MODEL   base = (R+W)/150 = 894.79 us
MODEL   turn = a*min(R,W) = 0.00574*67108864 = 385.20 us
MODEL   eff_underfill = min(0.95,(32.0/13)**0.68) = 0.950 -> (base+turn)/eff = 1347.36 us
MODEL   => T_model = 1347.36 us
MODEL FEATS [{"name":"amax","is_reduction":true,"out_elems":65536,"cores":32,"dtype_bytes":2,"args":[{"name":"op0","role":"output","mem":"lx","elems":65536,"broadcast":false,"dims":[1,1024,64],"logical":[1024,1],"loop_factor":1},{"name":"arg0_1","role":"input","mem":"hbm","elems":33554432,"broadcast":false,"dims":[32,16384,64],"logical":[16384,2048],"loop_factor":1}],"reduction_cores":1,"loop_trip":16,"tiles_output_dim":true,"tile_rows_per_core":32.0,"is_matmul":false,"matmul_macs":0,"matmul_rows_per_core":0.0,"matmul_cols_per_core":0.0,"matmul_a_bytes":0,"matmul_b_bytes":0,"hbm_pattern":""},{"name":"sub","is_reduction":false,"out_elems":2097152,"cores":32,"dtype_bytes":2,"args":[{"name":"op1","role":"output","mem":"lx","elems":2097152,"broadcast":false,"dims":[32,1024,64],"logical":[1024,2048],"loop_factor":1},{"name":"arg0_1","role":"input","mem":"hbm","elems":33554432,"broadcast":false,"dims":[32,16384,64],"logical":[16384,2048],"loop_factor":1},{"name":"buf0","role":"input","mem":"lx","elems":65536,"broadcast":true,"dims":[1,1024,64],"logical":[1024,1],"loop_factor":1}],"reduction_cores":1,"loop_trip":16,"tiles_output_dim":true,"tile_rows_per_core":32.0,"is_matmul":false,"matmul_macs":0,"matmul_rows_per_core":0.0,"matmul_cols_per_core":0.0,"matmul_a_bytes":0,"matmul_b_bytes":0,"hbm_pattern":""},{"name":"mul","is_reduction":false,"out_elems":2097152,"cores":32,"dtype_bytes":2,"args":[{"name":"op2","role":"output","mem":"lx","elems":2097152,"broadcast":false,"dims":[32,1024,64],"logical":[1024,2048],"loop_factor":1},{"name":"buf1","role":"input","mem":"lx","elems":2097152,"broadcast":false,"dims":[32,1024,64],"logical":[1024,2048],"loop_factor":1},{"name":"buf5","role":"input","mem":"hbm","elems":64,"broadcast":true,"dims":[1,64],"logical":[],"loop_factor":1}],"reduction_cores":1,"loop_trip":16,"tiles_output_dim":true,"tile_rows_per_core":32.0,"is_matmul":false,"matmul_macs":0,"matmul_rows_per_core":0.0,"matmul_cols_per_core":0.0,"matmul_a_bytes":0,"matmul_b_bytes":0,"hbm_pattern":""},{"name":"sum_1","is_reduction":true,"out_elems":65536,"cores":32,"dtype_bytes":2,"args":[{"name":"op3","role":"output","mem":"lx","elems":65536,"broadcast":false,"dims":[1,1024,64],"logical":[1024,1],"loop_factor":1},{"name":"buf2","role":"input","mem":"lx","elems":2097152,"broadcast":false,"dims":[32,1024,64],"logical":[1024,2048],"loop_factor":1}],"reduction_cores":1,"loop_trip":16,"tiles_output_dim":true,"tile_rows_per_core":32.0,"is_matmul":false,"matmul_macs":0,"matmul_rows_per_core":0.0,"matmul_cols_per_core":0.0,"matmul_a_bytes":0,"matmul_b_bytes":0,"hbm_pattern":""},{"name":"div","is_reduction":false,"out_elems":33554432,"cores":32,"dtype_bytes":2,"args":[{"name":"op4","role":"output","mem":"hbm","elems":33554432,"broadcast":false,"dims":[16384,2048],"logical":[16384,2048],"loop_factor":1},{"name":"buf2","role":"input","mem":"lx","elems":2097152,"broadcast":false,"dims":[32,1024,64],"logical":[1024,2048],"loop_factor":1},{"name":"buf3","role":"input","mem":"lx","elems":65536,"broadcast":true,"dims":[1,1024,64],"logical":[1024,1],"loop_factor":1}],"reduction_cores":1,"loop_trip":16,"tiles_output_dim":true,"tile_rows_per_core":32,"is_matmul":false,"matmul_macs":0,"matmul_rows_per_core":0.0,"matmul_cols_per_core":0.0,"matmul_a_bytes":0,"matmul_b_bytes":0,"hbm_pattern":""}]
SUMMARY op=softmax_noexp_row_tiling rows=16384 cols=2048 cores=32 tiles=16 lx=1 io_hbm_bytes=201326720 kernel_us=1283.996 pred_us=1347.359 err_pct=+4.9 bw_gbps=156.8 memset_us=1214.825 other_dev_us=5982.961 total_dev_us=8481.782
-- softmax_row_tiling [16384,4096] tiles=16 (rpc=32)
  op_it_space_splits={d0: 32, d1: 1}
  op_it_space_splits={d0: 32, d1: 1}
  op_it_space_splits={d0: 32, d1: 1}
  op_it_space_splits={d0: 32, d1: 1}
  op_it_space_splits={d0: 32, d1: 1}
  op_it_space_splits={d0: 32, d1: 1}
  op_it_space_splits={d0: 32, d1: 1}
  op_it_space_splits={d0: 32, d1: 1}
  op_it_space_splits={d0: 32, d1: 1}
  op_it_space_splits={d0: 32, d1: 1}
  op_it_space_splits={d0: 32, d1: 1}
  op_it_space_splits={d0: 32, d1: 1}
  op_it_space_splits={d0: 32, d1: 1}
  op_it_space_splits={d0: 32, d1: 1}
  op_it_space_splits={d0: 32, d1: 1}
  op_it_space_splits={d0: 32, d1: 1}
  op_it_space_splits={d0: 32, d1: 1}
  op_it_space_splits={d0: 32, d1: 1}
  op_it_space_splits={d0: 32, d1: 1}
  op_it_space_splits={d0: 32, d1: 1}
  op_it_space_splits={d0: 32, d1: 1}
  op_it_space_splits={d0: 32, d1: 1}
  op_it_space_splits={d0: 32, d1: 1}
  op_it_space_splits={d0: 32, d1: 1}
  op_it_space_splits={d0: 32, d1: 1}
  op_it_space_splits={d0: 32, d1: 1}
  op_it_space_splits={d0: 32, d1: 1}
  op_it_space_splits={d0: 32, d1: 1}
  op_it_space_splits={d0: 32, d1: 1}
  op_it_space_splits={d0: 32, d1: 1}
IO -- device-layout I/O (cost model, stick-padded) --
IO   op amax [reduction]
IO     output op0                    torch [1024, 1] -> device [1, 1024, 64] in LX = 65536 elems x 2B = 131072 B  (hbm counted: 0 B)
IO     input  arg0_1                 torch [16384, 4096] -> device [64, 16384, 64] in HBM = 67108864 elems x 2B = 134217728 B  (hbm counted: 134217728 B)
IO   op sub
IO     output op1                    torch [1024, 4096] -> device [64, 1024, 64] in LX = 4194304 elems x 2B = 8388608 B  (hbm counted: 0 B)
IO     input  arg0_1                 torch [16384, 4096] -> device [64, 16384, 64] in HBM = 67108864 elems x 2B = 134217728 B  (hbm counted: 134217728 B)
IO     input  buf0                   torch [1024, 1] -> device [1, 1024, 64] in LX = 65536 elems x 2B = 131072 B  (hbm counted: 0 B) broadcast (loaded once)
IO   op exp
IO     output op2                    torch [1024, 4096] -> device [64, 1024, 64] in LX = 4194304 elems x 2B = 8388608 B  (hbm counted: 0 B)
IO     input  buf1                   torch [1024, 4096] -> device [64, 1024, 64] in LX = 4194304 elems x 2B = 8388608 B  (hbm counted: 0 B)
IO   op sum_1 [reduction]
IO     output op3                    torch [1024, 1] -> device [1, 1024, 64] in LX = 65536 elems x 2B = 131072 B  (hbm counted: 0 B)
IO     input  buf2                   torch [1024, 4096] -> device [64, 1024, 64] in LX = 4194304 elems x 2B = 8388608 B  (hbm counted: 0 B)
IO   op div
IO     output op4                    torch [16384, 4096] -> device [16384, 4096] in HBM = 67108864 elems x 2B = 134217728 B  (hbm counted: 134217728 B)
IO     input  buf2                   torch [1024, 4096] -> device [64, 1024, 64] in LX = 4194304 elems x 2B = 8388608 B  (hbm counted: 0 B)
IO     input  buf3                   torch [1024, 1] -> device [1, 1024, 64] in LX = 65536 elems x 2B = 131072 B  (hbm counted: 0 B) broadcast (loaded once)
IO   => HBM I/O total = 402653184 B  (lx 42467328 B, ~free)
MODEL -- estimate (turnaround): T = [(R+W)/BW_PEAK + a*min(R,W)] / eff_underfill --
MODEL   R=134217728 B (read)   W=134217728 B (write)   loop_trip L=16
MODEL   base = (R+W)/150 = 1789.57 us
MODEL   turn = a*min(R,W) = 0.00574*134217728 = 770.41 us
MODEL   eff_underfill = min(0.95,(32.0/13)**0.68) = 0.950 -> (base+turn)/eff = 2694.72 us
MODEL   => T_model = 2694.72 us
MODEL FEATS [{"name":"amax","is_reduction":true,"out_elems":65536,"cores":32,"dtype_bytes":2,"args":[{"name":"op0","role":"output","mem":"lx","elems":65536,"broadcast":false,"dims":[1,1024,64],"logical":[1024,1],"loop_factor":1},{"name":"arg0_1","role":"input","mem":"hbm","elems":67108864,"broadcast":false,"dims":[64,16384,64],"logical":[16384,4096],"loop_factor":1}],"reduction_cores":1,"loop_trip":16,"tiles_output_dim":true,"tile_rows_per_core":32.0,"is_matmul":false,"matmul_macs":0,"matmul_rows_per_core":0.0,"matmul_cols_per_core":0.0,"matmul_a_bytes":0,"matmul_b_bytes":0,"hbm_pattern":""},{"name":"sub","is_reduction":false,"out_elems":4194304,"cores":32,"dtype_bytes":2,"args":[{"name":"op1","role":"output","mem":"lx","elems":4194304,"broadcast":false,"dims":[64,1024,64],"logical":[1024,4096],"loop_factor":1},{"name":"arg0_1","role":"input","mem":"hbm","elems":67108864,"broadcast":false,"dims":[64,16384,64],"logical":[16384,4096],"loop_factor":1},{"name":"buf0","role":"input","mem":"lx","elems":65536,"broadcast":true,"dims":[1,1024,64],"logical":[1024,1],"loop_factor":1}],"reduction_cores":1,"loop_trip":16,"tiles_output_dim":true,"tile_rows_per_core":32.0,"is_matmul":false,"matmul_macs":0,"matmul_rows_per_core":0.0,"matmul_cols_per_core":0.0,"matmul_a_bytes":0,"matmul_b_bytes":0,"hbm_pattern":""},{"name":"exp","is_reduction":false,"out_elems":4194304,"cores":32,"dtype_bytes":2,"args":[{"name":"op2","role":"output","mem":"lx","elems":4194304,"broadcast":false,"dims":[64,1024,64],"logical":[1024,4096],"loop_factor":1},{"name":"buf1","role":"input","mem":"lx","elems":4194304,"broadcast":false,"dims":[64,1024,64],"logical":[1024,4096],"loop_factor":1}],"reduction_cores":1,"loop_trip":16,"tiles_output_dim":true,"tile_rows_per_core":32.0,"is_matmul":false,"matmul_macs":0,"matmul_rows_per_core":0.0,"matmul_cols_per_core":0.0,"matmul_a_bytes":0,"matmul_b_bytes":0,"hbm_pattern":""},{"name":"sum_1","is_reduction":true,"out_elems":65536,"cores":32,"dtype_bytes":2,"args":[{"name":"op3","role":"output","mem":"lx","elems":65536,"broadcast":false,"dims":[1,1024,64],"logical":[1024,1],"loop_factor":1},{"name":"buf2","role":"input","mem":"lx","elems":4194304,"broadcast":false,"dims":[64,1024,64],"logical":[1024,4096],"loop_factor":1}],"reduction_cores":1,"loop_trip":16,"tiles_output_dim":true,"tile_rows_per_core":32.0,"is_matmul":false,"matmul_macs":0,"matmul_rows_per_core":0.0,"matmul_cols_per_core":0.0,"matmul_a_bytes":0,"matmul_b_bytes":0,"hbm_pattern":""},{"name":"div","is_reduction":false,"out_elems":67108864,"cores":32,"dtype_bytes":2,"args":[{"name":"op4","role":"output","mem":"hbm","elems":67108864,"broadcast":false,"dims":[16384,4096],"logical":[16384,4096],"loop_factor":1},{"name":"buf2","role":"input","mem":"lx","elems":4194304,"broadcast":false,"dims":[64,1024,64],"logical":[1024,4096],"loop_factor":1},{"name":"buf3","role":"input","mem":"lx","elems":65536,"broadcast":true,"dims":[1,1024,64],"logical":[1024,1],"loop_factor":1}],"reduction_cores":1,"loop_trip":16,"tiles_output_dim":true,"tile_rows_per_core":32,"is_matmul":false,"matmul_macs":0,"matmul_rows_per_core":0.0,"matmul_cols_per_core":0.0,"matmul_a_bytes":0,"matmul_b_bytes":0,"hbm_pattern":""}]
SUMMARY op=softmax_row_tiling rows=16384 cols=4096 cores=32 tiles=16 lx=1 io_hbm_bytes=402653184 kernel_us=2638.337 pred_us=2694.715 err_pct=+2.1 bw_gbps=152.6 memset_us=2666.431 other_dev_us=13783.722 total_dev_us=19088.490
-- softmax_noexp_row_tiling [16384,4096] tiles=16 (rpc=32)
  op_it_space_splits={d0: 32, d1: 1}
  op_it_space_splits={d0: 32, d1: 1}
  op_it_space_splits={d0: 32, d1: 1}
  op_it_space_splits={d0: 32, d1: 1}
  op_it_space_splits={d0: 32, d1: 1}
  op_it_space_splits={d0: 32, d1: 1}
  op_it_space_splits={d0: 32, d1: 1}
  op_it_space_splits={d0: 32, d1: 1}
  op_it_space_splits={d0: 32, d1: 1}
  op_it_space_splits={d0: 32, d1: 1}
  op_it_space_splits={d0: 32, d1: 1}
  op_it_space_splits={d0: 32, d1: 1}
  op_it_space_splits={d0: 32, d1: 1}
  op_it_space_splits={d0: 32, d1: 1}
  op_it_space_splits={d0: 32, d1: 1}
  op_it_space_splits={d0: 32, d1: 1}
  op_it_space_splits={d0: 32, d1: 1}
  op_it_space_splits={d0: 32, d1: 1}
  op_it_space_splits={d0: 32, d1: 1}
  op_it_space_splits={d0: 32, d1: 1}
  op_it_space_splits={d0: 32, d1: 1}
  op_it_space_splits={d0: 32, d1: 1}
  op_it_space_splits={d0: 32, d1: 1}
  op_it_space_splits={d0: 32, d1: 1}
  op_it_space_splits={d0: 32, d1: 1}
  op_it_space_splits={d0: 32, d1: 1}
  op_it_space_splits={d0: 32, d1: 1}
  op_it_space_splits={d0: 32, d1: 1}
  op_it_space_splits={d0: 32, d1: 1}
  op_it_space_splits={d0: 32, d1: 1}
IO -- device-layout I/O (cost model, stick-padded) --
IO   op amax [reduction]
IO     output op0                    torch [1024, 1] -> device [1, 1024, 64] in LX = 65536 elems x 2B = 131072 B  (hbm counted: 0 B)
IO     input  arg0_1                 torch [16384, 4096] -> device [64, 16384, 64] in HBM = 67108864 elems x 2B = 134217728 B  (hbm counted: 134217728 B)
IO   op sub
IO     output op1                    torch [1024, 4096] -> device [64, 1024, 64] in LX = 4194304 elems x 2B = 8388608 B  (hbm counted: 0 B)
IO     input  arg0_1                 torch [16384, 4096] -> device [64, 16384, 64] in HBM = 67108864 elems x 2B = 134217728 B  (hbm counted: 134217728 B)
IO     input  buf0                   torch [1024, 1] -> device [1, 1024, 64] in LX = 65536 elems x 2B = 131072 B  (hbm counted: 0 B) broadcast (loaded once)
IO   op mul
IO     output op2                    torch [1024, 4096] -> device [64, 1024, 64] in LX = 4194304 elems x 2B = 8388608 B  (hbm counted: 0 B)
IO     input  buf1                   torch [1024, 4096] -> device [64, 1024, 64] in LX = 4194304 elems x 2B = 8388608 B  (hbm counted: 0 B)
IO     input  buf5                   device [1, 64] in HBM = 64 elems x 2B = 128 B  (hbm counted: 128 B) broadcast (loaded once)
IO   op sum_1 [reduction]
IO     output op3                    torch [1024, 1] -> device [1, 1024, 64] in LX = 65536 elems x 2B = 131072 B  (hbm counted: 0 B)
IO     input  buf2                   torch [1024, 4096] -> device [64, 1024, 64] in LX = 4194304 elems x 2B = 8388608 B  (hbm counted: 0 B)
IO   op div
IO     output op4                    torch [16384, 4096] -> device [16384, 4096] in HBM = 67108864 elems x 2B = 134217728 B  (hbm counted: 134217728 B)
IO     input  buf2                   torch [1024, 4096] -> device [64, 1024, 64] in LX = 4194304 elems x 2B = 8388608 B  (hbm counted: 0 B)
IO     input  buf3                   torch [1024, 1] -> device [1, 1024, 64] in LX = 65536 elems x 2B = 131072 B  (hbm counted: 0 B) broadcast (loaded once)
IO   => HBM I/O total = 402653312 B  (lx 42467328 B, ~free)
MODEL -- estimate (turnaround): T = [(R+W)/BW_PEAK + a*min(R,W)] / eff_underfill --
MODEL   R=134217856 B (read)   W=134217728 B (write)   loop_trip L=16
MODEL   base = (R+W)/150 = 1789.57 us
MODEL   turn = a*min(R,W) = 0.00574*134217728 = 770.41 us
MODEL   eff_underfill = min(0.95,(32.0/13)**0.68) = 0.950 -> (base+turn)/eff = 2694.72 us
MODEL   => T_model = 2694.72 us
MODEL FEATS [{"name":"amax","is_reduction":true,"out_elems":65536,"cores":32,"dtype_bytes":2,"args":[{"name":"op0","role":"output","mem":"lx","elems":65536,"broadcast":false,"dims":[1,1024,64],"logical":[1024,1],"loop_factor":1},{"name":"arg0_1","role":"input","mem":"hbm","elems":67108864,"broadcast":false,"dims":[64,16384,64],"logical":[16384,4096],"loop_factor":1}],"reduction_cores":1,"loop_trip":16,"tiles_output_dim":true,"tile_rows_per_core":32.0,"is_matmul":false,"matmul_macs":0,"matmul_rows_per_core":0.0,"matmul_cols_per_core":0.0,"matmul_a_bytes":0,"matmul_b_bytes":0,"hbm_pattern":""},{"name":"sub","is_reduction":false,"out_elems":4194304,"cores":32,"dtype_bytes":2,"args":[{"name":"op1","role":"output","mem":"lx","elems":4194304,"broadcast":false,"dims":[64,1024,64],"logical":[1024,4096],"loop_factor":1},{"name":"arg0_1","role":"input","mem":"hbm","elems":67108864,"broadcast":false,"dims":[64,16384,64],"logical":[16384,4096],"loop_factor":1},{"name":"buf0","role":"input","mem":"lx","elems":65536,"broadcast":true,"dims":[1,1024,64],"logical":[1024,1],"loop_factor":1}],"reduction_cores":1,"loop_trip":16,"tiles_output_dim":true,"tile_rows_per_core":32.0,"is_matmul":false,"matmul_macs":0,"matmul_rows_per_core":0.0,"matmul_cols_per_core":0.0,"matmul_a_bytes":0,"matmul_b_bytes":0,"hbm_pattern":""},{"name":"mul","is_reduction":false,"out_elems":4194304,"cores":32,"dtype_bytes":2,"args":[{"name":"op2","role":"output","mem":"lx","elems":4194304,"broadcast":false,"dims":[64,1024,64],"logical":[1024,4096],"loop_factor":1},{"name":"buf1","role":"input","mem":"lx","elems":4194304,"broadcast":false,"dims":[64,1024,64],"logical":[1024,4096],"loop_factor":1},{"name":"buf5","role":"input","mem":"hbm","elems":64,"broadcast":true,"dims":[1,64],"logical":[],"loop_factor":1}],"reduction_cores":1,"loop_trip":16,"tiles_output_dim":true,"tile_rows_per_core":32.0,"is_matmul":false,"matmul_macs":0,"matmul_rows_per_core":0.0,"matmul_cols_per_core":0.0,"matmul_a_bytes":0,"matmul_b_bytes":0,"hbm_pattern":""},{"name":"sum_1","is_reduction":true,"out_elems":65536,"cores":32,"dtype_bytes":2,"args":[{"name":"op3","role":"output","mem":"lx","elems":65536,"broadcast":false,"dims":[1,1024,64],"logical":[1024,1],"loop_factor":1},{"name":"buf2","role":"input","mem":"lx","elems":4194304,"broadcast":false,"dims":[64,1024,64],"logical":[1024,4096],"loop_factor":1}],"reduction_cores":1,"loop_trip":16,"tiles_output_dim":true,"tile_rows_per_core":32.0,"is_matmul":false,"matmul_macs":0,"matmul_rows_per_core":0.0,"matmul_cols_per_core":0.0,"matmul_a_bytes":0,"matmul_b_bytes":0,"hbm_pattern":""},{"name":"div","is_reduction":false,"out_elems":67108864,"cores":32,"dtype_bytes":2,"args":[{"name":"op4","role":"output","mem":"hbm","elems":67108864,"broadcast":false,"dims":[16384,4096],"logical":[16384,4096],"loop_factor":1},{"name":"buf2","role":"input","mem":"lx","elems":4194304,"broadcast":false,"dims":[64,1024,64],"logical":[1024,4096],"loop_factor":1},{"name":"buf3","role":"input","mem":"lx","elems":65536,"broadcast":true,"dims":[1,1024,64],"logical":[1024,1],"loop_factor":1}],"reduction_cores":1,"loop_trip":16,"tiles_output_dim":true,"tile_rows_per_core":32,"is_matmul":false,"matmul_macs":0,"matmul_rows_per_core":0.0,"matmul_cols_per_core":0.0,"matmul_a_bytes":0,"matmul_b_bytes":0,"hbm_pattern":""}]
SUMMARY op=softmax_noexp_row_tiling rows=16384 cols=4096 cores=32 tiles=16 lx=1 io_hbm_bytes=402653312 kernel_us=2544.515 pred_us=2694.716 err_pct=+5.9 bw_gbps=158.2 memset_us=2424.674 other_dev_us=16010.232 total_dev_us=20979.421
## RF neg/copy untiled at floor shapes (raw-BW ceiling ref, confounded)
-- neg [8192,2048] (untiled ref)
  op_it_space_splits={d0: 32, d1: 1}
IO -- device-layout I/O (cost model, stick-padded) --
IO   op neg
IO     output op0                    torch [8192, 2048] -> device [32, 8192, 64] in HBM = 16777216 elems x 2B = 33554432 B  (hbm counted: 33554432 B)
IO     input  arg0_1                 torch [8192, 2048] -> device [32, 8192, 64] in HBM = 16777216 elems x 2B = 33554432 B  (hbm counted: 33554432 B)
IO   => HBM I/O total = 67108864 B  (lx 0 B, ~free)
MODEL -- estimate (turnaround): T = (R+W)/BW_PEAK + a*min(R,W) --
MODEL   R=33554432 B (read)   W=33554432 B (write)   loop_trip L=1
MODEL   base = (R+W)/150 = 447.39 us
MODEL   turn = a*min(R,W) = 0.00574*33554432 = 192.60 us
MODEL   => T_model = 639.99 us
MODEL FEATS [{"name":"neg","is_reduction":false,"out_elems":16777216,"cores":32,"dtype_bytes":2,"args":[{"name":"op0","role":"output","mem":"hbm","elems":16777216,"broadcast":false,"dims":[32,8192,64],"logical":[8192,2048],"loop_factor":1},{"name":"arg0_1","role":"input","mem":"hbm","elems":16777216,"broadcast":false,"dims":[32,8192,64],"logical":[8192,2048],"loop_factor":1}],"reduction_cores":1,"loop_trip":1,"tiles_output_dim":false,"tile_rows_per_core":0.0,"is_matmul":false,"matmul_macs":0,"matmul_rows_per_core":0.0,"matmul_cols_per_core":0.0,"matmul_a_bytes":0,"matmul_b_bytes":0,"hbm_pattern":""}]
SUMMARY op=neg rows=8192 cols=2048 cores=32 tiles=0 lx=0 io_hbm_bytes=67108864 kernel_us=647.889 pred_us=639.995 err_pct=-1.2 bw_gbps=103.6 memset_us=419.627 other_dev_us=2296.541 total_dev_us=3364.057
-- copy [8192,2048] (untiled ref)
  op_it_space_splits={d0: 32, d1: 1}
IO -- device-layout I/O (cost model, stick-padded) --
IO   op add
IO     output op0                    torch [8192, 2048] -> device [32, 8192, 64] in HBM = 16777216 elems x 2B = 33554432 B  (hbm counted: 33554432 B)
IO     input  arg0_1                 torch [8192, 2048] -> device [32, 8192, 64] in HBM = 16777216 elems x 2B = 33554432 B  (hbm counted: 33554432 B)
IO     input  buf1                   device [1, 64] in HBM = 64 elems x 2B = 128 B  (hbm counted: 128 B) broadcast (loaded once)
IO   => HBM I/O total = 67108992 B  (lx 0 B, ~free)
MODEL -- estimate (turnaround): T = (R+W)/BW_PEAK + a*min(R,W) --
MODEL   R=33554560 B (read)   W=33554432 B (write)   loop_trip L=1
MODEL   base = (R+W)/150 = 447.39 us
MODEL   turn = a*min(R,W) = 0.00574*33554432 = 192.60 us
MODEL   => T_model = 640.00 us
MODEL FEATS [{"name":"add","is_reduction":false,"out_elems":16777216,"cores":32,"dtype_bytes":2,"args":[{"name":"op0","role":"output","mem":"hbm","elems":16777216,"broadcast":false,"dims":[32,8192,64],"logical":[8192,2048],"loop_factor":1},{"name":"arg0_1","role":"input","mem":"hbm","elems":16777216,"broadcast":false,"dims":[32,8192,64],"logical":[8192,2048],"loop_factor":1},{"name":"buf1","role":"input","mem":"hbm","elems":64,"broadcast":true,"dims":[1,64],"logical":[],"loop_factor":1}],"reduction_cores":1,"loop_trip":1,"tiles_output_dim":false,"tile_rows_per_core":0.0,"is_matmul":false,"matmul_macs":0,"matmul_rows_per_core":0.0,"matmul_cols_per_core":0.0,"matmul_a_bytes":0,"matmul_b_bytes":0,"hbm_pattern":""}]
SUMMARY op=copy rows=8192 cols=2048 cores=32 tiles=0 lx=0 io_hbm_bytes=67108992 kernel_us=604.254 pred_us=639.996 err_pct=+5.9 bw_gbps=111.1 memset_us=422.431 other_dev_us=2186.954 total_dev_us=3213.639
-- neg [16384,2048] (untiled ref)
  op_it_space_splits={d0: 32, d1: 1}
IO -- device-layout I/O (cost model, stick-padded) --
IO   op neg
IO     output op0                    torch [16384, 2048] -> device [32, 16384, 64] in HBM = 33554432 elems x 2B = 67108864 B  (hbm counted: 67108864 B)
IO     input  arg0_1                 torch [16384, 2048] -> device [32, 16384, 64] in HBM = 33554432 elems x 2B = 67108864 B  (hbm counted: 67108864 B)
IO   => HBM I/O total = 134217728 B  (lx 0 B, ~free)
MODEL -- estimate (turnaround): T = (R+W)/BW_PEAK + a*min(R,W) --
MODEL   R=67108864 B (read)   W=67108864 B (write)   loop_trip L=1
MODEL   base = (R+W)/150 = 894.78 us
MODEL   turn = a*min(R,W) = 0.00574*67108864 = 385.20 us
MODEL   => T_model = 1279.99 us
MODEL FEATS [{"name":"neg","is_reduction":false,"out_elems":33554432,"cores":32,"dtype_bytes":2,"args":[{"name":"op0","role":"output","mem":"hbm","elems":33554432,"broadcast":false,"dims":[32,16384,64],"logical":[16384,2048],"loop_factor":1},{"name":"arg0_1","role":"input","mem":"hbm","elems":33554432,"broadcast":false,"dims":[32,16384,64],"logical":[16384,2048],"loop_factor":1}],"reduction_cores":1,"loop_trip":1,"tiles_output_dim":false,"tile_rows_per_core":0.0,"is_matmul":false,"matmul_macs":0,"matmul_rows_per_core":0.0,"matmul_cols_per_core":0.0,"matmul_a_bytes":0,"matmul_b_bytes":0,"hbm_pattern":""}]
SUMMARY op=neg rows=16384 cols=2048 cores=32 tiles=0 lx=0 io_hbm_bytes=134217728 kernel_us=1319.216 pred_us=1279.990 err_pct=-3.0 bw_gbps=101.7 memset_us=1099.405 other_dev_us=6081.259 total_dev_us=8499.880
-- copy [16384,2048] (untiled ref)
  op_it_space_splits={d0: 32, d1: 1}
IO -- device-layout I/O (cost model, stick-padded) --
IO   op add
IO     output op0                    torch [16384, 2048] -> device [32, 16384, 64] in HBM = 33554432 elems x 2B = 67108864 B  (hbm counted: 67108864 B)
IO     input  arg0_1                 torch [16384, 2048] -> device [32, 16384, 64] in HBM = 33554432 elems x 2B = 67108864 B  (hbm counted: 67108864 B)
IO     input  buf1                   device [1, 64] in HBM = 64 elems x 2B = 128 B  (hbm counted: 128 B) broadcast (loaded once)
IO   => HBM I/O total = 134217856 B  (lx 0 B, ~free)
MODEL -- estimate (turnaround): T = (R+W)/BW_PEAK + a*min(R,W) --
MODEL   R=67108992 B (read)   W=67108864 B (write)   loop_trip L=1
MODEL   base = (R+W)/150 = 894.79 us
MODEL   turn = a*min(R,W) = 0.00574*67108864 = 385.20 us
MODEL   => T_model = 1279.99 us
MODEL FEATS [{"name":"add","is_reduction":false,"out_elems":33554432,"cores":32,"dtype_bytes":2,"args":[{"name":"op0","role":"output","mem":"hbm","elems":33554432,"broadcast":false,"dims":[32,16384,64],"logical":[16384,2048],"loop_factor":1},{"name":"arg0_1","role":"input","mem":"hbm","elems":33554432,"broadcast":false,"dims":[32,16384,64],"logical":[16384,2048],"loop_factor":1},{"name":"buf1","role":"input","mem":"hbm","elems":64,"broadcast":true,"dims":[1,64],"logical":[],"loop_factor":1}],"reduction_cores":1,"loop_trip":1,"tiles_output_dim":false,"tile_rows_per_core":0.0,"is_matmul":false,"matmul_macs":0,"matmul_rows_per_core":0.0,"matmul_cols_per_core":0.0,"matmul_a_bytes":0,"matmul_b_bytes":0,"hbm_pattern":""}]
SUMMARY op=copy rows=16384 cols=2048 cores=32 tiles=0 lx=0 io_hbm_bytes=134217856 kernel_us=1230.758 pred_us=1279.991 err_pct=+4.0 bw_gbps=109.1 memset_us=1105.216 other_dev_us=5921.636 total_dev_us=8257.610
-- neg [16384,4096] (untiled ref)
  op_it_space_splits={d0: 32, d1: 1}
IO -- device-layout I/O (cost model, stick-padded) --
IO   op neg
IO     output op0                    torch [16384, 4096] -> device [64, 16384, 64] in HBM = 67108864 elems x 2B = 134217728 B  (hbm counted: 134217728 B)
IO     input  arg0_1                 torch [16384, 4096] -> device [64, 16384, 64] in HBM = 67108864 elems x 2B = 134217728 B  (hbm counted: 134217728 B)
IO   => HBM I/O total = 268435456 B  (lx 0 B, ~free)
MODEL -- estimate (turnaround): T = (R+W)/BW_PEAK + a*min(R,W) --
MODEL   R=134217728 B (read)   W=134217728 B (write)   loop_trip L=1
MODEL   base = (R+W)/150 = 1789.57 us
MODEL   turn = a*min(R,W) = 0.00574*134217728 = 770.41 us
MODEL   => T_model = 2559.98 us
MODEL FEATS [{"name":"neg","is_reduction":false,"out_elems":67108864,"cores":32,"dtype_bytes":2,"args":[{"name":"op0","role":"output","mem":"hbm","elems":67108864,"broadcast":false,"dims":[64,16384,64],"logical":[16384,4096],"loop_factor":1},{"name":"arg0_1","role":"input","mem":"hbm","elems":67108864,"broadcast":false,"dims":[64,16384,64],"logical":[16384,4096],"loop_factor":1}],"reduction_cores":1,"loop_trip":1,"tiles_output_dim":false,"tile_rows_per_core":0.0,"is_matmul":false,"matmul_macs":0,"matmul_rows_per_core":0.0,"matmul_cols_per_core":0.0,"matmul_a_bytes":0,"matmul_b_bytes":0,"hbm_pattern":""}]
SUMMARY op=neg rows=16384 cols=4096 cores=32 tiles=0 lx=0 io_hbm_bytes=268435456 kernel_us=2628.307 pred_us=2559.979 err_pct=-2.6 bw_gbps=102.1 memset_us=2252.162 other_dev_us=17863.143 total_dev_us=22743.612
-- copy [16384,4096] (untiled ref)
  op_it_space_splits={d0: 32, d1: 1}
IO -- device-layout I/O (cost model, stick-padded) --
IO   op add
IO     output op0                    torch [16384, 4096] -> device [64, 16384, 64] in HBM = 67108864 elems x 2B = 134217728 B  (hbm counted: 134217728 B)
IO     input  arg0_1                 torch [16384, 4096] -> device [64, 16384, 64] in HBM = 67108864 elems x 2B = 134217728 B  (hbm counted: 134217728 B)
IO     input  buf1                   device [1, 64] in HBM = 64 elems x 2B = 128 B  (hbm counted: 128 B) broadcast (loaded once)
IO   => HBM I/O total = 268435584 B  (lx 0 B, ~free)
MODEL -- estimate (turnaround): T = (R+W)/BW_PEAK + a*min(R,W) --
MODEL   R=134217856 B (read)   W=134217728 B (write)   loop_trip L=1
MODEL   base = (R+W)/150 = 1789.57 us
MODEL   turn = a*min(R,W) = 0.00574*134217728 = 770.41 us
MODEL   => T_model = 2559.98 us
MODEL FEATS [{"name":"add","is_reduction":false,"out_elems":67108864,"cores":32,"dtype_bytes":2,"args":[{"name":"op0","role":"output","mem":"hbm","elems":67108864,"broadcast":false,"dims":[64,16384,64],"logical":[16384,4096],"loop_factor":1},{"name":"arg0_1","role":"input","mem":"hbm","elems":67108864,"broadcast":false,"dims":[64,16384,64],"logical":[16384,4096],"loop_factor":1},{"name":"buf1","role":"input","mem":"hbm","elems":64,"broadcast":true,"dims":[1,64],"logical":[],"loop_factor":1}],"reduction_cores":1,"loop_trip":1,"tiles_output_dim":false,"tile_rows_per_core":0.0,"is_matmul":false,"matmul_macs":0,"matmul_rows_per_core":0.0,"matmul_cols_per_core":0.0,"matmul_a_bytes":0,"matmul_b_bytes":0,"hbm_pattern":""}]
SUMMARY op=copy rows=16384 cols=4096 cores=32 tiles=0 lx=0 io_hbm_bytes=268435584 kernel_us=2472.966 pred_us=2559.980 err_pct=+3.5 bw_gbps=108.5 memset_us=2336.409 other_dev_us=16454.557 total_dev_us=21263.932
==== DONE -> forward /dev/null ====
