id,log_file,model_sha,log_date,is_current,section,op,M,K,N,rows,cols,tiles,lx,rows_per_core,cores,macs,kernel_us,pred_us,err_pct,bw_gbps,memset_us,other_dev_us,total_dev_us,io_hbm_bytes,failed,split_forced,split_actual,compute_us,base_us,turn_us,eff_underfill,pt_eff,loop_us,T_model_us
broadcast_20260710_002131.log:18,broadcast_20260710_002131.log,cac08c0,20260710_002131,False,"BR broadcast rate: {copy,bcast,bcastcol,mulbcast} x COLS{1024..16384} @ ROWS=2048",copy,,,,2048,1024,0,0,,32,,70.364,80.0,13.7,119.2,133.755,398.876,602.995,8388736,False,,,,55.92,24.08,,,,80.0
broadcast_20260710_002131.log:33,broadcast_20260710_002131.log,cac08c0,20260710_002131,False,"BR broadcast rate: {copy,bcast,bcastcol,mulbcast} x COLS{1024..16384} @ ROWS=2048",bcast,,,,2048,1024,0,0,,32,,64.788,80.013,23.5,129.5,108.636,377.079,550.503,8390656,False,,,,55.94,24.08,,,,80.01
broadcast_20260710_002131.log:48,broadcast_20260710_002131.log,cac08c0,20260710_002131,False,"BR broadcast rate: {copy,bcast,bcastcol,mulbcast} x COLS{1024..16384} @ ROWS=2048",bcastcol,,,,2048,1024,0,0,,32,,69.561,81.747,17.5,124.4,116.853,276.229,462.643,8650752,False,,,,57.67,24.08,,,,81.75
broadcast_20260710_002131.log:63,broadcast_20260710_002131.log,cac08c0,20260710_002131,False,"BR broadcast rate: {copy,bcast,bcastcol,mulbcast} x COLS{1024..16384} @ ROWS=2048",mulbcast,,,,2048,1024,0,0,,32,,63.381,80.013,26.2,132.4,113.491,392.041,568.913,8390656,False,,,,55.94,24.08,,,,80.01
broadcast_20260710_002131.log:78,broadcast_20260710_002131.log,cac08c0,20260710_002131,False,"BR broadcast rate: {copy,bcast,bcastcol,mulbcast} x COLS{1024..16384} @ ROWS=2048",copy,,,,2048,2048,0,0,,32,,141.157,160.0,13.3,118.9,174.993,592.46,908.61,16777344,False,,,,111.85,48.15,,,,160.0
broadcast_20260710_002131.log:93,broadcast_20260710_002131.log,cac08c0,20260710_002131,False,"BR broadcast rate: {copy,bcast,bcastcol,mulbcast} x COLS{1024..16384} @ ROWS=2048",bcast,,,,2048,2048,0,0,,32,,136.336,160.026,17.4,123.1,164.858,582.767,883.961,16781312,False,,,,111.88,48.15,,,,160.03
broadcast_20260710_002131.log:108,broadcast_20260710_002131.log,cac08c0,20260710_002131,False,"BR broadcast rate: {copy,bcast,bcastcol,mulbcast} x COLS{1024..16384} @ ROWS=2048",bcastcol,,,,2048,2048,0,0,,32,,141.14,161.746,14.6,120.7,160.473,580.992,882.605,17039360,False,,,,113.6,48.15,,,,161.75
broadcast_20260710_002131.log:123,broadcast_20260710_002131.log,cac08c0,20260710_002131,False,"BR broadcast rate: {copy,bcast,bcastcol,mulbcast} x COLS{1024..16384} @ ROWS=2048",mulbcast,,,,2048,2048,0,0,,32,,136.859,160.026,16.9,122.6,174.848,464.209,775.916,16781312,False,,,,111.88,48.15,,,,160.03
broadcast_20260710_002131.log:138,broadcast_20260710_002131.log,cac08c0,20260710_002131,False,"BR broadcast rate: {copy,bcast,bcastcol,mulbcast} x COLS{1024..16384} @ ROWS=2048",copy,,,,2048,4096,0,0,,32,,286.222,319.998,11.8,117.2,215.33,1065.644,1567.196,33554560,False,,,,223.7,96.3,,,,320.0
broadcast_20260710_002131.log:153,broadcast_20260710_002131.log,cac08c0,20260710_002131,False,"BR broadcast rate: {copy,bcast,bcastcol,mulbcast} x COLS{1024..16384} @ ROWS=2048",bcast,,,,2048,4096,0,0,,32,,278.535,320.052,14.9,120.5,275.004,819.595,1373.134,33562624,False,,,,223.75,96.3,,,,320.05
broadcast_20260710_002131.log:168,broadcast_20260710_002131.log,cac08c0,20260710_002131,False,"BR broadcast rate: {copy,bcast,bcastcol,mulbcast} x COLS{1024..16384} @ ROWS=2048",bcastcol,,,,2048,4096,0,0,,32,,280.917,321.745,14.5,120.4,297.4,914.334,1492.651,33816576,False,,,,225.44,96.3,,,,321.75
broadcast_20260710_002131.log:183,broadcast_20260710_002131.log,cac08c0,20260710_002131,False,"BR broadcast rate: {copy,bcast,bcastcol,mulbcast} x COLS{1024..16384} @ ROWS=2048",mulbcast,,,,2048,4096,0,0,,32,,277.697,320.052,15.3,120.9,271.383,973.363,1522.443,33562624,False,,,,223.75,96.3,,,,320.05
broadcast_20260710_002131.log:198,broadcast_20260710_002131.log,cac08c0,20260710_002131,False,"BR broadcast rate: {copy,bcast,bcastcol,mulbcast} x COLS{1024..16384} @ ROWS=2048",copy,,,,2048,8192,0,0,,32,,558.021,639.996,14.7,120.3,439.752,2130.802,3128.575,67108992,False,,,,447.39,192.6,,,,640.0
broadcast_20260710_002131.log:213,broadcast_20260710_002131.log,cac08c0,20260710_002131,False,"BR broadcast rate: {copy,bcast,bcastcol,mulbcast} x COLS{1024..16384} @ ROWS=2048",bcast,,,,2048,8192,0,0,,32,,570.835,640.104,12.1,117.6,430.119,2225.787,3226.741,67125248,False,,,,447.5,192.6,,,,640.1
broadcast_20260710_002131.log:228,broadcast_20260710_002131.log,cac08c0,20260710_002131,False,"BR broadcast rate: {copy,bcast,bcastcol,mulbcast} x COLS{1024..16384} @ ROWS=2048",bcastcol,,,,2048,8192,0,0,,32,,567.846,641.742,13.0,118.6,436.412,2101.451,3105.709,67371008,False,,,,449.14,192.6,,,,641.74
broadcast_20260710_002131.log:243,broadcast_20260710_002131.log,cac08c0,20260710_002131,False,"BR broadcast rate: {copy,bcast,bcastcol,mulbcast} x COLS{1024..16384} @ ROWS=2048",mulbcast,,,,2048,8192,0,0,,32,,568.279,640.104,12.6,118.1,437.129,2208.826,3214.234,67125248,False,,,,447.5,192.6,,,,640.1
broadcast_20260710_002131.log:258,broadcast_20260710_002131.log,cac08c0,20260710_002131,False,"BR broadcast rate: {copy,bcast,bcastcol,mulbcast} x COLS{1024..16384} @ ROWS=2048",copy,,,,2048,16384,0,0,,32,,1136.414,1279.991,12.6,118.1,1075.573,6118.393,8330.38,134217856,False,,,,894.79,385.2,,,,1279.99
broadcast_20260710_002131.log:273,broadcast_20260710_002131.log,cac08c0,20260710_002131,False,"BR broadcast rate: {copy,bcast,bcastcol,mulbcast} x COLS{1024..16384} @ ROWS=2048",bcast,,,,2048,16384,0,0,,32,,1147.721,1280.208,11.5,117.0,1031.771,6271.291,8450.783,134250496,False,,,,895.0,385.2,,,,1280.21
broadcast_20260710_002131.log:288,broadcast_20260710_002131.log,cac08c0,20260710_002131,False,"BR broadcast rate: {copy,bcast,bcastcol,mulbcast} x COLS{1024..16384} @ ROWS=2048",bcastcol,,,,2048,16384,0,0,,32,,1143.24,1281.737,12.1,117.6,1094.002,5900.614,8137.856,134479872,False,,,,896.53,385.2,,,,1281.74
broadcast_20260710_002131.log:303,broadcast_20260710_002131.log,cac08c0,20260710_002131,False,"BR broadcast rate: {copy,bcast,bcastcol,mulbcast} x COLS{1024..16384} @ ROWS=2048",mulbcast,,,,2048,16384,0,0,,32,,1166.673,1280.208,9.7,115.1,1064.867,6097.407,8328.947,134250496,False,,,,895.0,385.2,,,,1280.21
broadcast_20260710_002131.log:319,broadcast_20260710_002131.log,cac08c0,20260710_002131,False,"WS write spill grid: ROWS{512,2048,8192} x COLS{1024,4096,16384}",write,,,,512,1024,0,0,,32,,8.502,7.829,-7.9,131.3,58.707,177.628,244.837,1116160,False,,,,7.44,0.39,,,,7.83
broadcast_20260710_002131.log:334,broadcast_20260710_002131.log,cac08c0,20260710_002131,False,"WS write spill grid: ROWS{512,2048,8192} x COLS{1024,4096,16384}",write,,,,512,4096,0,0,,32,,29.873,28.877,-3.3,142.9,113.761,384.242,527.876,4268032,False,,,,28.45,0.42,,,,28.88
broadcast_20260710_002131.log:349,broadcast_20260710_002131.log,cac08c0,20260710_002131,False,"WS write spill grid: ROWS{512,2048,8192} x COLS{1024,4096,16384}",write,,,,512,16384,0,0,,32,,162.98,113.068,-30.6,103.5,277.75,973.728,1414.458,16875520,False,,,,112.5,0.56,,,,113.07
broadcast_20260710_002131.log:364,broadcast_20260710_002131.log,cac08c0,20260710_002131,False,"WS write spill grid: ROWS{512,2048,8192} x COLS{1024,4096,16384}",write,,,,2048,1024,0,0,,32,,31.074,31.24,0.5,143.5,109.029,337.291,477.394,4458496,False,,,,29.72,1.52,,,,31.24
broadcast_20260710_002131.log:379,broadcast_20260710_002131.log,cac08c0,20260710_002131,False,"WS write spill grid: ROWS{512,2048,8192} x COLS{1024,4096,16384}",write,,,,2048,4096,0,0,,32,,150.72,115.202,-23.6,113.1,254.14,971.899,1376.759,17047552,False,,,,113.65,1.55,,,,115.2
broadcast_20260710_002131.log:394,broadcast_20260710_002131.log,cac08c0,20260710_002131,False,"WS write spill grid: ROWS{512,2048,8192} x COLS{1024,4096,16384}",write,,,,2048,16384,0,0,,32,,1190.121,451.051,-62.1,56.6,1098.067,5870.915,8159.103,67403776,False,,,,449.36,1.69,,,,451.05
broadcast_20260710_002131.log:409,broadcast_20260710_002131.log,cac08c0,20260710_002131,False,"WS write spill grid: ROWS{512,2048,8192} x COLS{1024,4096,16384}",write,,,,8192,1024,0,0,,32,,137.914,124.883,-9.4,129.3,255.185,991.338,1384.437,17827840,False,,,,118.85,6.03,,,,124.88
broadcast_20260710_002131.log:424,broadcast_20260710_002131.log,cac08c0,20260710_002131,False,"WS write spill grid: ROWS{512,2048,8192} x COLS{1024,4096,16384}",write,,,,8192,4096,0,0,,32,,700.368,460.503,-34.2,97.3,1099.465,6000.02,7799.853,68165632,False,,,,454.44,6.07,,,,460.5
broadcast_20260710_002131.log:439,broadcast_20260710_002131.log,cac08c0,20260710_002131,False,"WS write spill grid: ROWS{512,2048,8192} x COLS{1024,4096,16384}",write,,,,8192,16384,0,0,,32,,6653.136,1802.986,-72.9,40.5,5212.361,32764.796,44630.293,269516800,False,,,,1796.78,6.21,,,,1802.99
broadcast_smallcols_20260710_220159.log:18,broadcast_smallcols_20260710_220159.log,f7bfa10,20260710_220159,True,"SC1 broadcast small-COLS: {copy,bcast,bcastcol,mulbcast} x COLS{256..4096} @ ROWS=2048",copy,,,,2048,256,0,0,,32,,16.216,17.774,9.6,129.3,57.087,179.424,252.727,2097280,False,,,,13.98,6.02,,,,17.77
broadcast_smallcols_20260710_220159.log:33,broadcast_smallcols_20260710_220159.log,f7bfa10,20260710_220159,True,"SC1 broadcast small-COLS: {copy,bcast,bcastcol,mulbcast} x COLS{256..4096} @ ROWS=2048",bcast,,,,2048,256,0,0,,32,,16.434,17.777,8.2,127.6,42.262,169.174,227.87,2097664,False,,,,13.98,6.02,,,,17.78
broadcast_smallcols_20260710_220159.log:48,broadcast_smallcols_20260710_220159.log,f7bfa10,20260710_220159,True,"SC1 broadcast small-COLS: {copy,bcast,bcastcol,mulbcast} x COLS{256..4096} @ ROWS=2048",bcastcol,,,,2048,256,0,0,,32,,18.727,19.994,6.8,126.0,42.552,178.842,240.121,2359296,False,,,,15.73,6.02,,,,19.99
broadcast_smallcols_20260710_220159.log:63,broadcast_smallcols_20260710_220159.log,f7bfa10,20260710_220159,True,"SC1 broadcast small-COLS: {copy,bcast,bcastcol,mulbcast} x COLS{256..4096} @ ROWS=2048",mulbcast,,,,2048,256,0,0,,32,,15.956,17.777,11.4,131.5,50.65,186.216,252.822,2097664,False,,,,13.98,6.02,,,,17.78
broadcast_smallcols_20260710_220159.log:78,broadcast_smallcols_20260710_220159.log,f7bfa10,20260710_220159,True,"SC1 broadcast small-COLS: {copy,bcast,bcastcol,mulbcast} x COLS{256..4096} @ ROWS=2048",copy,,,,2048,512,0,0,,32,,32.908,35.546,8.0,127.5,68.99,271.473,373.371,4194432,False,,,,27.96,12.04,,,,35.55
broadcast_smallcols_20260710_220159.log:93,broadcast_smallcols_20260710_220159.log,f7bfa10,20260710_220159,True,"SC1 broadcast small-COLS: {copy,bcast,bcastcol,mulbcast} x COLS{256..4096} @ ROWS=2048",bcast,,,,2048,512,0,0,,32,,32.201,35.554,10.4,130.3,82.987,302.277,417.465,4195328,False,,,,27.97,12.04,,,,35.55
broadcast_smallcols_20260710_220159.log:108,broadcast_smallcols_20260710_220159.log,f7bfa10,20260710_220159,True,"SC1 broadcast small-COLS: {copy,bcast,bcastcol,mulbcast} x COLS{256..4096} @ ROWS=2048",bcastcol,,,,2048,512,0,0,,32,,37.743,37.767,0.1,118.1,94.249,315.074,447.066,4456448,False,,,,29.71,12.04,,,,37.77
broadcast_smallcols_20260710_220159.log:123,broadcast_smallcols_20260710_220159.log,f7bfa10,20260710_220159,True,"SC1 broadcast small-COLS: {copy,bcast,bcastcol,mulbcast} x COLS{256..4096} @ ROWS=2048",mulbcast,,,,2048,512,0,0,,32,,32.601,35.554,9.1,128.7,94.276,314.247,441.124,4195328,False,,,,27.97,12.04,,,,35.55
broadcast_smallcols_20260710_220159.log:138,broadcast_smallcols_20260710_220159.log,f7bfa10,20260710_220159,True,"SC1 broadcast small-COLS: {copy,bcast,bcastcol,mulbcast} x COLS{256..4096} @ ROWS=2048",copy,,,,2048,1024,0,0,,32,,68.016,71.091,4.5,123.3,101.117,416.792,585.925,8388736,False,,,,55.92,24.08,,,,71.09
broadcast_smallcols_20260710_220159.log:153,broadcast_smallcols_20260710_220159.log,f7bfa10,20260710_220159,True,"SC1 broadcast small-COLS: {copy,bcast,bcastcol,mulbcast} x COLS{256..4096} @ ROWS=2048",bcast,,,,2048,1024,0,0,,32,,64.122,71.107,10.9,130.9,123.554,392.75,580.426,8390656,False,,,,55.94,24.08,,,,71.11
broadcast_smallcols_20260710_220159.log:168,broadcast_smallcols_20260710_220159.log,f7bfa10,20260710_220159,True,"SC1 broadcast small-COLS: {copy,bcast,bcastcol,mulbcast} x COLS{256..4096} @ ROWS=2048",bcastcol,,,,2048,1024,0,0,,32,,69.515,73.311,5.5,124.4,94.68,382.351,546.546,8650752,False,,,,57.67,24.08,,,,73.31
broadcast_smallcols_20260710_220159.log:183,broadcast_smallcols_20260710_220159.log,f7bfa10,20260710_220159,True,"SC1 broadcast small-COLS: {copy,bcast,bcastcol,mulbcast} x COLS{256..4096} @ ROWS=2048",mulbcast,,,,2048,1024,0,0,,32,,64.105,71.107,10.9,130.9,124.257,996.964,1185.326,8390656,False,,,,55.94,24.08,,,,71.11
broadcast_smallcols_20260710_220159.log:198,broadcast_smallcols_20260710_220159.log,f7bfa10,20260710_220159,True,"SC1 broadcast small-COLS: {copy,bcast,bcastcol,mulbcast} x COLS{256..4096} @ ROWS=2048",copy,,,,2048,2048,0,0,,32,,137.501,142.181,3.4,122.0,153.365,613.12,903.986,16777344,False,,,,111.85,48.15,,,,142.18
broadcast_smallcols_20260710_220159.log:213,broadcast_smallcols_20260710_220159.log,f7bfa10,20260710_220159,True,"SC1 broadcast small-COLS: {copy,bcast,bcastcol,mulbcast} x COLS{256..4096} @ ROWS=2048",bcast,,,,2048,2048,0,0,,32,,135.551,142.215,4.9,123.8,174.763,440.713,751.027,16781312,False,,,,111.88,48.15,,,,142.21
broadcast_smallcols_20260710_220159.log:228,broadcast_smallcols_20260710_220159.log,f7bfa10,20260710_220159,True,"SC1 broadcast small-COLS: {copy,bcast,bcastcol,mulbcast} x COLS{256..4096} @ ROWS=2048",bcastcol,,,,2048,2048,0,0,,32,,140.941,144.401,2.5,120.9,138.509,606.783,886.233,17039360,False,,,,113.6,48.15,,,,144.4
broadcast_smallcols_20260710_220159.log:243,broadcast_smallcols_20260710_220159.log,f7bfa10,20260710_220159,True,"SC1 broadcast small-COLS: {copy,bcast,bcastcol,mulbcast} x COLS{256..4096} @ ROWS=2048",mulbcast,,,,2048,2048,0,0,,32,,133.687,142.215,6.4,125.5,169.085,573.195,875.967,16781312,False,,,,111.88,48.15,,,,142.21
broadcast_smallcols_20260710_220159.log:258,broadcast_smallcols_20260710_220159.log,f7bfa10,20260710_220159,True,"SC1 broadcast small-COLS: {copy,bcast,bcastcol,mulbcast} x COLS{256..4096} @ ROWS=2048",copy,,,,2048,4096,0,0,,32,,275.653,284.361,3.2,121.7,244.414,1027.088,1547.155,33554560,False,,,,223.7,96.3,,,,284.36
broadcast_smallcols_20260710_220159.log:273,broadcast_smallcols_20260710_220159.log,f7bfa10,20260710_220159,True,"SC1 broadcast small-COLS: {copy,bcast,bcastcol,mulbcast} x COLS{256..4096} @ ROWS=2048",bcast,,,,2048,4096,0,0,,32,,273.793,284.429,3.9,122.6,296.279,941.059,1511.131,33562624,False,,,,223.75,96.3,,,,284.43
broadcast_smallcols_20260710_220159.log:288,broadcast_smallcols_20260710_220159.log,f7bfa10,20260710_220159,True,"SC1 broadcast small-COLS: {copy,bcast,bcastcol,mulbcast} x COLS{256..4096} @ ROWS=2048",bcastcol,,,,2048,4096,0,0,,32,,280.827,286.581,2.0,120.4,238.049,921.427,1440.303,33816576,False,,,,225.44,96.3,,,,286.58
broadcast_smallcols_20260710_220159.log:303,broadcast_smallcols_20260710_220159.log,f7bfa10,20260710_220159,True,"SC1 broadcast small-COLS: {copy,bcast,bcastcol,mulbcast} x COLS{256..4096} @ ROWS=2048",mulbcast,,,,2048,4096,0,0,,32,,276.117,284.429,3.0,121.6,251.507,984.156,1511.78,33562624,False,,,,223.75,96.3,,,,284.43
broadcast_smallcols_20260710_220159.log:319,broadcast_smallcols_20260710_220159.log,f7bfa10,20260710_220159,True,"SC2 ROWS control: {bcast,mulbcast} x ROWS{512,2048,8192} @ COLS=512",bcast,,,,512,512,0,0,,32,,7.943,8.895,12.0,132.1,33.521,63.874,105.338,1049600,False,,,,7.0,3.01,,,,8.89
broadcast_smallcols_20260710_220159.log:334,broadcast_smallcols_20260710_220159.log,f7bfa10,20260710_220159,True,"SC2 ROWS control: {bcast,mulbcast} x ROWS{512,2048,8192} @ COLS=512",mulbcast,,,,512,512,0,0,,32,,8.374,8.895,6.2,125.3,34.417,31.182,73.973,1049600,False,,,,7.0,3.01,,,,8.89
broadcast_smallcols_20260710_220159.log:349,broadcast_smallcols_20260710_220159.log,f7bfa10,20260710_220159,True,"SC2 ROWS control: {bcast,mulbcast} x ROWS{512,2048,8192} @ COLS=512",bcast,,,,2048,512,0,0,,32,,32.618,35.554,9.0,128.6,65.209,266.761,364.588,4195328,False,,,,27.97,12.04,,,,35.55
broadcast_smallcols_20260710_220159.log:364,broadcast_smallcols_20260710_220159.log,f7bfa10,20260710_220159,True,"SC2 ROWS control: {bcast,mulbcast} x ROWS{512,2048,8192} @ COLS=512",mulbcast,,,,2048,512,0,0,,32,,32.198,35.554,10.4,130.3,82.435,314.631,429.264,4195328,False,,,,27.97,12.04,,,,35.55
broadcast_smallcols_20260710_220159.log:379,broadcast_smallcols_20260710_220159.log,f7bfa10,20260710_220159,True,"SC2 ROWS control: {bcast,mulbcast} x ROWS{512,2048,8192} @ COLS=512",bcast,,,,8192,512,0,0,,32,,140.974,142.188,0.9,119.0,166.807,599.219,907.0,16778240,False,,,,111.85,48.15,,,,142.19
broadcast_smallcols_20260710_220159.log:394,broadcast_smallcols_20260710_220159.log,f7bfa10,20260710_220159,True,"SC2 ROWS control: {bcast,mulbcast} x ROWS{512,2048,8192} @ COLS=512",mulbcast,,,,8192,512,0,0,,32,,142.041,142.188,0.1,118.1,164.078,473.671,779.79,16778240,False,,,,111.85,48.15,,,,142.19
coarse_terms_20260707_213342.log:34,coarse_terms_20260707_213342.log,c2bb9ce,20260707_213342,False,"SM softmax_row_tiling: TILES{1..32} x COLS{4096,2048} (LX-reuse knee)",softmax_row_tiling,,,,16384,4096,1,1,,32,,9914.601,10889.934,9.8,108.3,2407.261,15237.722,27559.584,1073741824,False,,,,7158.28,2311.23,,,,10889.93
coarse_terms_20260707_213342.log:90,coarse_terms_20260707_213342.log,c2bb9ce,20260707_213342,False,"SM softmax_row_tiling: TILES{1..32} x COLS{4096,2048} (LX-reuse knee)",softmax_row_tiling,,,,16384,4096,2,1,,32,,9766.148,6462.136,-33.8,75.6,2421.402,17750.144,29937.694,738197504,False,,,,4921.32,1540.82,,,,6462.14
coarse_terms_20260707_213342.log:146,coarse_terms_20260707_213342.log,c2bb9ce,20260707_213342,False,"SM softmax_row_tiling: TILES{1..32} x COLS{4096,2048} (LX-reuse knee)",softmax_row_tiling,,,,16384,4096,4,1,,32,,3129.816,3454.764,10.4,128.7,2373.957,16975.329,22479.102,402653184,False,,,,2684.35,770.41,,,,3454.76
coarse_terms_20260707_213342.log:202,coarse_terms_20260707_213342.log,c2bb9ce,20260707_213342,False,"SM softmax_row_tiling: TILES{1..32} x COLS{4096,2048} (LX-reuse knee)",softmax_row_tiling,,,,16384,4096,8,1,,32,,2862.892,3454.764,20.7,140.6,2427.889,14756.581,20047.362,402653184,False,,,,2684.35,770.41,,,,3454.76
coarse_terms_20260707_213342.log:258,coarse_terms_20260707_213342.log,c2bb9ce,20260707_213342,False,"SM softmax_row_tiling: TILES{1..32} x COLS{4096,2048} (LX-reuse knee)",softmax_row_tiling,,,,16384,4096,16,1,,32,,2638.626,3454.764,30.9,152.6,2553.167,14681.319,19873.112,402653184,False,,,,2684.35,770.41,,,,3454.76
coarse_terms_20260707_213342.log:314,coarse_terms_20260707_213342.log,c2bb9ce,20260707_213342,False,"SM softmax_row_tiling: TILES{1..32} x COLS{4096,2048} (LX-reuse knee)",softmax_row_tiling,,,,16384,4096,32,1,,32,,2661.496,3454.764,29.8,151.3,2467.334,14978.357,20107.187,402653184,False,,,,2684.35,770.41,,,,3454.76
coarse_terms_20260707_213342.log:345,coarse_terms_20260707_213342.log,c2bb9ce,20260707_213342,False,"SM softmax_row_tiling: TILES{1..32} x COLS{4096,2048} (LX-reuse knee)",softmax_row_tiling,,,,16384,2048,1,1,,32,,4959.452,5444.967,9.8,108.3,1081.569,6368.563,12409.584,536870912,False,,,,3579.14,1155.61,,,,5444.97
coarse_terms_20260707_213342.log:401,coarse_terms_20260707_213342.log,c2bb9ce,20260707_213342,False,"SM softmax_row_tiling: TILES{1..32} x COLS{4096,2048} (LX-reuse knee)",softmax_row_tiling,,,,16384,2048,2,1,,32,,1655.65,1727.382,4.3,121.6,1117.64,6396.499,9169.789,201326592,False,,,,1342.18,385.2,,,,1727.38
coarse_terms_20260707_213342.log:457,coarse_terms_20260707_213342.log,c2bb9ce,20260707_213342,False,"SM softmax_row_tiling: TILES{1..32} x COLS{4096,2048} (LX-reuse knee)",softmax_row_tiling,,,,16384,2048,4,1,,32,,1535.349,1727.382,12.5,131.1,1153.113,5806.611,8495.073,201326592,False,,,,1342.18,385.2,,,,1727.38
coarse_terms_20260707_213342.log:513,coarse_terms_20260707_213342.log,c2bb9ce,20260707_213342,False,"SM softmax_row_tiling: TILES{1..32} x COLS{4096,2048} (LX-reuse knee)",softmax_row_tiling,,,,16384,2048,8,1,,32,,1462.221,1727.382,18.1,137.7,1126.85,5902.021,8491.092,201326592,False,,,,1342.18,385.2,,,,1727.38
coarse_terms_20260707_213342.log:569,coarse_terms_20260707_213342.log,c2bb9ce,20260707_213342,False,"SM softmax_row_tiling: TILES{1..32} x COLS{4096,2048} (LX-reuse knee)",softmax_row_tiling,,,,16384,2048,16,1,,32,,1339.274,1727.382,29.0,150.3,1162.483,6200.927,8702.684,201326592,False,,,,1342.18,385.2,,,,1727.38
coarse_terms_20260707_213342.log:625,coarse_terms_20260707_213342.log,c2bb9ce,20260707_213342,False,"SM softmax_row_tiling: TILES{1..32} x COLS{4096,2048} (LX-reuse knee)",softmax_row_tiling,,,,16384,2048,32,1,,32,,1382.496,1727.382,24.9,145.6,1176.706,5987.906,8547.108,201326592,False,,,,1342.18,385.2,,,,1727.38
coarse_terms_20260707_213342.log:984,coarse_terms_20260707_213342.log,c2bb9ce,20260707_213342,False,"MR matmul_row_tiling: TILES{1..16} [4096,2048]x2048 + [2048,2048]x2048",matmul_row_tiling,,,,4096,2048,1,1,,32,,833.641,696.187,-16.5,50.3,213.447,1005.929,2053.017,41943040,False,,,470.94,283.53,96.3,,1.0,,696.19
coarse_terms_20260707_213342.log:1004,coarse_terms_20260707_213342.log,c2bb9ce,20260707_213342,False,"MR matmul_row_tiling: TILES{1..16} [4096,2048]x2048 + [2048,2048]x2048",matmul_row_tiling,,,,4096,2048,2,1,,32,,784.397,682.762,-13.0,53.5,322.395,710.933,1817.725,41943040,False,,,470.94,283.53,96.3,,1.0,,682.76
coarse_terms_20260707_213342.log:1024,coarse_terms_20260707_213342.log,c2bb9ce,20260707_213342,False,"MR matmul_row_tiling: TILES{1..16} [4096,2048]x2048 + [2048,2048]x2048",matmul_row_tiling,,,,4096,2048,4,1,,32,,677.319,682.762,0.8,61.9,329.574,799.517,1806.41,41943040,False,,,470.94,283.53,96.3,,1.0,,682.76
coarse_terms_20260707_213342.log:1044,coarse_terms_20260707_213342.log,c2bb9ce,20260707_213342,False,"MR matmul_row_tiling: TILES{1..16} [4096,2048]x2048 + [2048,2048]x2048",matmul_row_tiling,,,,4096,2048,8,1,,32,,866.099,682.762,-21.2,48.4,260.428,887.12,2013.647,41943040,False,,,470.94,283.53,96.3,,1.0,,682.76
coarse_terms_20260707_213342.log:1064,coarse_terms_20260707_213342.log,c2bb9ce,20260707_213342,False,"MR matmul_row_tiling: TILES{1..16} [4096,2048]x2048 + [2048,2048]x2048",matmul_row_tiling,,,,4096,2048,16,1,,32,,1312.206,812.063,-38.1,32.0,497.015,812.824,2622.045,41943040,False,,,600.24,283.53,96.3,,0.785,,812.06
coarse_terms_20260707_213342.log:1079,coarse_terms_20260707_213342.log,c2bb9ce,20260707_213342,False,"MR matmul_row_tiling: TILES{1..16} [4096,2048]x2048 + [2048,2048]x2048",matmul_row_tiling,,,,2048,2048,1,1,,32,,386.48,360.576,-6.7,65.1,188.154,594.061,1168.695,25165824,False,,,235.47,171.1,48.15,,1.0,,360.58
coarse_terms_20260707_213342.log:1099,coarse_terms_20260707_213342.log,c2bb9ce,20260707_213342,False,"MR matmul_row_tiling: TILES{1..16} [4096,2048]x2048 + [2048,2048]x2048",matmul_row_tiling,,,,2048,2048,2,1,,32,,337.256,360.576,6.9,74.6,192.51,381.9,911.666,25165824,False,,,235.47,171.1,48.15,,1.0,,360.58
coarse_terms_20260707_213342.log:1119,coarse_terms_20260707_213342.log,c2bb9ce,20260707_213342,False,"MR matmul_row_tiling: TILES{1..16} [4096,2048]x2048 + [2048,2048]x2048",matmul_row_tiling,,,,2048,2048,4,1,,32,,431.418,360.576,-16.4,58.3,231.548,468.321,1131.287,25165824,False,,,235.47,171.1,48.15,,1.0,,360.58
coarse_terms_20260707_213342.log:1139,coarse_terms_20260707_213342.log,c2bb9ce,20260707_213342,False,"MR matmul_row_tiling: TILES{1..16} [4096,2048]x2048 + [2048,2048]x2048",matmul_row_tiling,,,,2048,2048,8,1,,32,,656.871,425.226,-35.3,38.3,236.219,464.307,1357.397,25165824,False,,,300.12,171.1,48.15,,0.785,,425.23
coarse_tiling_matmul_row_tiling.log:131,coarse_tiling_matmul_row_tiling.log,,,False,,matmul_row_tiling,,,,2048,2048,4,1,,32,,437.342,394.01,-9.9,57.5,161.142,432.52,1031.004,25165824,False,,,174.76,171.1,48.15,,1.0,,394.01
compute_isolate_20260701_203949.log:23,compute_isolate_20260701_203949.log,86d3afe,20260701_203949,False,"CM1 pt_eff'(M-tile): m4 n4 k1, N=K=2048, vary M (M-tile=M/4)",mmwd,256,2048,2048,256,2048,0,1,,16,1073741824,85.785,122.425,42.7,122.2,100.264,370.644,556.693,10485760,False,4x4x1,4x4x1,43.69,72.72,6.02,,1.0,,122.43
compute_isolate_20260701_203949.log:43,compute_isolate_20260701_203949.log,86d3afe,20260701_203949,False,"CM1 pt_eff'(M-tile): m4 n4 k1, N=K=2048, vary M (M-tile=M/4)",mmwd,512,2048,2048,512,2048,0,1,,16,2147483648,152.726,186.189,21.9,82.4,94.453,295.29,542.469,12582912,False,4x4x1,4x4x1,87.38,86.77,12.04,,1.0,,186.19
compute_isolate_20260701_203949.log:63,compute_isolate_20260701_203949.log,86d3afe,20260701_203949,False,"CM1 pt_eff'(M-tile): m4 n4 k1, N=K=2048, vary M (M-tile=M/4)",mmwd,768,2048,2048,768,2048,0,1,,16,3221225472,227.07,249.953,10.1,64.6,102.073,232.435,561.578,14680064,False,4x4x1,4x4x1,131.07,100.82,18.06,,1.0,,249.95
compute_isolate_20260701_203949.log:83,compute_isolate_20260701_203949.log,86d3afe,20260701_203949,False,"CM1 pt_eff'(M-tile): m4 n4 k1, N=K=2048, vary M (M-tile=M/4)",mmwd,1024,2048,2048,1024,2048,0,1,,16,4294967296,296.602,313.717,5.8,56.6,136.42,527.045,960.067,16777216,False,4x4x1,4x4x1,174.76,114.88,24.08,,1.0,,313.72
compute_isolate_20260701_203949.log:103,compute_isolate_20260701_203949.log,86d3afe,20260701_203949,False,"CM1 pt_eff'(M-tile): m4 n4 k1, N=K=2048, vary M (M-tile=M/4)",mmwd,1536,2048,2048,1536,2048,0,1,,16,6442450944,453.103,441.245,-2.6,46.3,183.175,685.126,1321.404,20971520,False,4x4x1,4x4x1,262.14,142.99,36.11,,1.0,,441.24
compute_isolate_20260701_203949.log:123,compute_isolate_20260701_203949.log,86d3afe,20260701_203949,False,"CM1 pt_eff'(M-tile): m4 n4 k1, N=K=2048, vary M (M-tile=M/4)",mmwd,2048,2048,2048,2048,2048,0,1,,16,8589934592,588.652,568.772,-3.4,42.8,232.002,364.101,1184.755,25165824,False,4x4x1,4x4x1,349.53,171.1,48.15,,1.0,,568.77
compute_isolate_20260701_203949.log:143,compute_isolate_20260701_203949.log,86d3afe,20260701_203949,False,"CM1 pt_eff'(M-tile): m4 n4 k1, N=K=2048, vary M (M-tile=M/4)",mmwd,3072,2048,2048,3072,2048,0,1,,16,12884901888,881.82,823.828,-6.6,38.1,303.323,758.336,1943.479,33554432,False,4x4x1,4x4x1,524.29,227.31,72.23,,1.0,,823.83
compute_isolate_20260701_203949.log:163,compute_isolate_20260701_203949.log,86d3afe,20260701_203949,False,"CM1 pt_eff'(M-tile): m4 n4 k1, N=K=2048, vary M (M-tile=M/4)",mmwd,4096,2048,2048,4096,2048,0,1,,16,17179869184,1174.829,1078.883,-8.2,35.7,250.642,960.013,2385.484,41943040,False,4x4x1,4x4x1,699.05,283.53,96.3,,1.0,,1078.88
compute_isolate_20260701_203949.log:183,compute_isolate_20260701_203949.log,86d3afe,20260701_203949,False,"CM1 pt_eff'(M-tile): m4 n4 k1, N=K=2048, vary M (M-tile=M/4)",mmwd,6144,2048,2048,6144,2048,0,1,,16,25769803776,1772.599,1588.994,-10.4,33.1,375.95,1552.689,3701.238,58720256,False,4x4x1,4x4x1,1048.58,395.97,144.45,,1.0,,1588.99
compute_isolate_20260701_203949.log:203,compute_isolate_20260701_203949.log,86d3afe,20260701_203949,False,"CM1 pt_eff'(M-tile): m4 n4 k1, N=K=2048, vary M (M-tile=M/4)",mmwd,8192,2048,2048,8192,2048,0,1,,16,34359738368,2360.854,2099.104,-11.1,32.0,414.735,2393.059,5168.648,75497472,False,4x4x1,4x4x1,1398.1,508.4,192.6,,1.0,,2099.1
compute_isolate_20260701_203949.log:224,compute_isolate_20260701_203949.log,86d3afe,20260701_203949,False,"CM2 confirm M/m: M=4096 N=K=2048 n4, m in {2,4,8}",mmwd,4096,2048,2048,4096,2048,0,1,,8,17179869184,2191.707,1777.934,-18.9,19.1,239.236,807.295,3238.238,41943040,False,2x4x1,2x4x1,1398.1,283.53,96.3,,1.0,,1777.93
compute_isolate_20260701_203949.log:244,compute_isolate_20260701_203949.log,86d3afe,20260701_203949,False,"CM2 confirm M/m: M=4096 N=K=2048 n4, m in {2,4,8}",mmwd,4096,2048,2048,4096,2048,0,1,,16,17179869184,1176.016,1078.883,-8.3,35.7,305.873,873.718,2355.607,41943040,False,4x4x1,4x4x1,699.05,283.53,96.3,,1.0,,1078.88
compute_isolate_20260701_203949.log:264,compute_isolate_20260701_203949.log,86d3afe,20260701_203949,False,"CM2 confirm M/m: M=4096 N=K=2048 n4, m in {2,4,8}",mmwd,4096,2048,2048,4096,2048,0,1,,32,17179869184,839.781,729.358,-13.1,49.9,326.313,1005.216,2171.31,41943040,False,8x4x1,8x4x1,349.53,283.53,96.3,,1.0,,729.36
db_sweep.log:23,db_sweep.log,2012d4f,,False,"HB1 pointwise: {neg,copy,gelu,exp,mul,add,add3,add4} x COLS",neg,,,,2048,1024,0,0,,32,,78.466,79.999,2.0,106.9,82.549,325.574,486.589,8388608,False,,,,55.92,24.08,,,,80.0
db_sweep.log:38,db_sweep.log,2012d4f,,False,"HB1 pointwise: {neg,copy,gelu,exp,mul,add,add3,add4} x COLS",copy,,,,2048,1024,0,0,,32,,67.467,80.0,18.6,124.3,83.569,408.328,559.364,8388736,False,,,,55.92,24.08,,,,80.0
db_sweep.log:52,db_sweep.log,2012d4f,,False,"HB1 pointwise: {neg,copy,gelu,exp,mul,add,add3,add4} x COLS",gelu,,,,2048,1024,0,0,,32,,78.499,79.999,1.9,106.9,87.784,392.654,558.937,8388608,False,,,,55.92,24.08,,,,80.0
db_sweep.log:66,db_sweep.log,2012d4f,,False,"HB1 pointwise: {neg,copy,gelu,exp,mul,add,add3,add4} x COLS",exp,,,,2048,1024,0,0,,32,,77.63,79.999,3.1,108.1,79.489,400.68,557.799,8388608,False,,,,55.92,24.08,,,,80.0
db_sweep.log:81,db_sweep.log,2012d4f,,False,"HB1 pointwise: {neg,copy,gelu,exp,mul,add,add3,add4} x COLS",mul,,,,2048,1024,0,0,,32,,107.39,107.961,0.5,117.2,111.23,383.193,601.813,12582912,False,,,,83.89,24.08,,,,107.96
db_sweep.log:96,db_sweep.log,2012d4f,,False,"HB1 pointwise: {neg,copy,gelu,exp,mul,add,add3,add4} x COLS",add,,,,2048,1024,0,0,,32,,108.16,107.961,-0.2,116.3,79.837,387.956,575.953,12582912,False,,,,83.89,24.08,,,,107.96
db_sweep.log:116,db_sweep.log,2012d4f,,False,"HB1 pointwise: {neg,copy,gelu,exp,mul,add,add3,add4} x COLS",add3,,,,2048,1024,0,0,,32,,228.261,232.117,1.7,110.3,102.735,404.281,735.277,25165824,False,,,,167.77,48.15,,,,232.12
db_sweep.log:141,db_sweep.log,2012d4f,,False,"HB1 pointwise: {neg,copy,gelu,exp,mul,add,add3,add4} x COLS",add4,,,,2048,1024,0,0,,32,,373.791,372.467,-0.4,101.0,85.348,365.81,824.949,37748736,False,,,,251.66,72.23,,,,372.47
db_sweep.log:155,db_sweep.log,2012d4f,,False,"HB1 pointwise: {neg,copy,gelu,exp,mul,add,add3,add4} x COLS",neg,,,,2048,4096,0,0,,32,,322.526,319.997,-0.8,104.0,232.463,982.482,1537.471,33554432,False,,,,223.7,96.3,,,,320.0
db_sweep.log:170,db_sweep.log,2012d4f,,False,"HB1 pointwise: {neg,copy,gelu,exp,mul,add,add3,add4} x COLS",copy,,,,2048,4096,0,0,,32,,283.714,319.998,12.8,118.3,250.265,980.472,1514.451,33554560,False,,,,223.7,96.3,,,,320.0
db_sweep.log:184,db_sweep.log,2012d4f,,False,"HB1 pointwise: {neg,copy,gelu,exp,mul,add,add3,add4} x COLS",gelu,,,,2048,4096,0,0,,32,,321.061,319.997,-0.3,104.5,241.13,930.988,1493.179,33554432,False,,,,223.7,96.3,,,,320.0
db_sweep.log:198,db_sweep.log,2012d4f,,False,"HB1 pointwise: {neg,copy,gelu,exp,mul,add,add3,add4} x COLS",exp,,,,2048,4096,0,0,,32,,319.663,319.997,0.1,105.0,269.268,982.628,1571.559,33554432,False,,,,223.7,96.3,,,,320.0
db_sweep.log:213,db_sweep.log,2012d4f,,False,"HB1 pointwise: {neg,copy,gelu,exp,mul,add,add3,add4} x COLS",mul,,,,2048,4096,0,0,,32,,439.25,431.846,-1.7,114.6,225.52,1028.219,1692.989,50331648,False,,,,335.54,96.3,,,,431.85
db_sweep.log:228,db_sweep.log,2012d4f,,False,"HB1 pointwise: {neg,copy,gelu,exp,mul,add,add3,add4} x COLS",add,,,,2048,4096,0,0,,32,,435.685,431.846,-0.9,115.5,237.422,1003.466,1676.573,50331648,False,,,,335.54,96.3,,,,431.85
db_sweep.log:248,db_sweep.log,2012d4f,,False,"HB1 pointwise: {neg,copy,gelu,exp,mul,add,add3,add4} x COLS",add3,,,,2048,4096,0,0,,32,,932.578,928.468,-0.4,107.9,247.525,1011.19,2191.293,100663296,False,,,,671.09,192.6,,,,928.47
db_sweep.log:273,db_sweep.log,2012d4f,,False,"HB1 pointwise: {neg,copy,gelu,exp,mul,add,add3,add4} x COLS",add4,,,,2048,4096,0,0,,32,,1520.709,1489.867,-2.0,99.3,278.901,973.757,2773.367,150994944,False,,,,1006.63,288.9,,,,1489.87
db_sweep.log:287,db_sweep.log,2012d4f,,False,"HB1 pointwise: {neg,copy,gelu,exp,mul,add,add3,add4} x COLS",neg,,,,2048,16384,0,0,,32,,1311.539,1279.99,-2.4,102.3,1048.798,6190.557,8550.894,134217728,False,,,,894.78,385.2,,,,1279.99
db_sweep.log:302,db_sweep.log,2012d4f,,False,"HB1 pointwise: {neg,copy,gelu,exp,mul,add,add3,add4} x COLS",copy,,,,2048,16384,0,0,,32,,1131.777,1279.991,13.1,118.6,1017.482,6484.243,8633.502,134217856,False,,,,894.79,385.2,,,,1279.99
db_sweep.log:316,db_sweep.log,2012d4f,,False,"HB1 pointwise: {neg,copy,gelu,exp,mul,add,add3,add4} x COLS",gelu,,,,2048,16384,0,0,,32,,1314.509,1279.99,-2.6,102.1,1037.631,6422.986,8775.126,134217728,False,,,,894.78,385.2,,,,1279.99
db_sweep.log:330,db_sweep.log,2012d4f,,False,"HB1 pointwise: {neg,copy,gelu,exp,mul,add,add3,add4} x COLS",exp,,,,2048,16384,0,0,,32,,1310.391,1279.99,-2.3,102.4,1029.999,6343.313,8683.703,134217728,False,,,,894.78,385.2,,,,1279.99
db_sweep.log:345,db_sweep.log,2012d4f,,False,"HB1 pointwise: {neg,copy,gelu,exp,mul,add,add3,add4} x COLS",mul,,,,2048,16384,0,0,,32,,1767.149,1727.382,-2.3,113.9,1064.179,5936.206,8767.534,201326592,False,,,,1342.18,385.2,,,,1727.38
db_sweep.log:360,db_sweep.log,2012d4f,,False,"HB1 pointwise: {neg,copy,gelu,exp,mul,add,add3,add4} x COLS",add,,,,2048,16384,0,0,,32,,1768.069,1727.382,-2.3,113.9,1119.604,5391.367,8279.04,201326592,False,,,,1342.18,385.2,,,,1727.38
db_sweep.log:380,db_sweep.log,2012d4f,,False,"HB1 pointwise: {neg,copy,gelu,exp,mul,add,add3,add4} x COLS",add3,,,,2048,16384,0,0,,32,,3739.156,3713.872,-0.7,107.7,1033.431,6009.37,10781.957,402653184,False,,,,2684.35,770.41,,,,3713.87
db_sweep.log:405,db_sweep.log,2012d4f,,False,"HB1 pointwise: {neg,copy,gelu,exp,mul,add,add3,add4} x COLS",add4,,,,2048,16384,0,0,,32,,6145.452,5959.468,-3.0,98.3,1034.583,6284.76,13464.795,603979776,False,,,,4026.53,1155.61,,,,5959.47
db_sweep.log:420,db_sweep.log,2012d4f,,False,"HB2 reduction: {sumrow,sumcol,amax,mean,sumall,read} x COLS",sumrow,,,,2048,2048,0,0,,32,,58.769,59.176,0.7,147.2,23.361,23.055,105.185,8650752,False,,,,57.67,1.5,,,,59.18
db_sweep.log:434,db_sweep.log,2012d4f,,False,"HB2 reduction: {sumrow,sumcol,amax,mean,sumall,read} x COLS",sumcol,,,,2048,2048,0,0,,32,,70.578,74.272,5.2,118.9,17.823,18.249,106.65,8392704,False,,,,55.95,0.02,,,,74.27
db_sweep.log:448,db_sweep.log,2012d4f,,False,"HB2 reduction: {sumrow,sumcol,amax,mean,sumall,read} x COLS",amax,,,,2048,2048,0,0,,32,,57.567,59.176,2.8,150.3,26.698,23.08,107.345,8650752,False,,,,57.67,1.5,,,,59.18
db_sweep.log:462,db_sweep.log,2012d4f,,False,"HB2 reduction: {sumrow,sumcol,amax,mean,sumall,read} x COLS",mean,,,,2048,2048,0,0,,32,,58.843,59.176,0.6,147.0,20.925,26.059,105.827,8650752,False,,,,57.67,1.5,,,,59.18
db_sweep.log:476,db_sweep.log,2012d4f,,False,"HB2 reduction: {sumrow,sumcol,amax,mean,sumall,read} x COLS",sumall,,,,2048,2048,0,0,,32,,54.211,55.926,3.2,154.7,16.569,14.629,85.409,8388736,False,,,,55.92,0.0,,,,55.93
db_sweep.log:490,db_sweep.log,2012d4f,,False,"HB2 reduction: {sumrow,sumcol,amax,mean,sumall,read} x COLS",read,,,,2048,2048,0,0,,32,,57.567,59.176,2.8,150.3,28.732,23.351,109.65,8650752,False,,,,57.67,1.5,,,,59.18
db_sweep.log:504,db_sweep.log,2012d4f,,False,"HB2 reduction: {sumrow,sumcol,amax,mean,sumall,read} x COLS",sumrow,,,,2048,8192,0,0,,32,,220.464,226.949,2.9,153.4,21.875,20.985,263.324,33816576,False,,,,225.44,1.5,,,,226.95
db_sweep.log:518,db_sweep.log,2012d4f,,False,"HB2 reduction: {sumrow,sumcol,amax,mean,sumall,read} x COLS",sumcol,,,,2048,8192,0,0,,32,,292.913,297.087,1.4,114.6,19.334,15.761,328.008,33570816,False,,,,223.81,0.09,,,,297.09
db_sweep.log:532,db_sweep.log,2012d4f,,False,"HB2 reduction: {sumrow,sumcol,amax,mean,sumall,read} x COLS",amax,,,,2048,8192,0,0,,32,,219.65,226.949,3.3,154.0,27.412,23.999,271.061,33816576,False,,,,225.44,1.5,,,,226.95
db_sweep.log:546,db_sweep.log,2012d4f,,False,"HB2 reduction: {sumrow,sumcol,amax,mean,sumall,read} x COLS",mean,,,,2048,8192,0,0,,32,,218.877,226.949,3.7,154.5,31.625,25.368,275.87,33816576,False,,,,225.44,1.5,,,,226.95
db_sweep.log:560,db_sweep.log,2012d4f,,False,"HB2 reduction: {sumrow,sumcol,amax,mean,sumall,read} x COLS",sumall,,,,2048,8192,0,0,,32,,212.186,223.698,5.4,158.1,18.491,17.03,247.707,33554560,False,,,,223.7,0.0,,,,223.7
db_sweep.log:574,db_sweep.log,2012d4f,,False,"HB2 reduction: {sumrow,sumcol,amax,mean,sumall,read} x COLS",read,,,,2048,8192,0,0,,32,,222.874,226.949,1.8,151.7,31.941,23.146,277.961,33816576,False,,,,225.44,1.5,,,,226.95
db_sweep.log:590,db_sweep.log,2012d4f,,False,"HB3 broadcast: {bcast,mulbcast,bcastcol,write} x ROWS @ C=16384",bcast,,,,64,16384,0,0,,32,,34.466,40.218,16.7,122.6,54.877,247.91,337.253,4227072,False,,,,28.18,12.04,,,,40.22
db_sweep.log:605,db_sweep.log,2012d4f,,False,"HB3 broadcast: {bcast,mulbcast,bcastcol,write} x ROWS @ C=16384",mulbcast,,,,64,16384,0,0,,32,,31.55,40.218,27.5,134.0,61.963,327.016,420.529,4227072,False,,,,28.18,12.04,,,,40.22
db_sweep.log:620,db_sweep.log,2012d4f,,False,"HB3 broadcast: {bcast,mulbcast,bcastcol,write} x ROWS @ C=16384",bcastcol,,,,64,16384,0,0,,32,,33.642,40.054,19.1,124.9,122.102,259.666,415.41,4202496,False,,,,28.02,12.04,,,,40.05
db_sweep.log:635,db_sweep.log,2012d4f,,False,"HB3 broadcast: {bcast,mulbcast,bcastcol,write} x ROWS @ C=16384",write,,,,64,16384,0,0,,32,,15.371,14.489,-5.7,139.1,70.308,334.939,420.618,2138112,False,,,,14.25,0.24,,,,14.49
db_sweep.log:650,db_sweep.log,2012d4f,,False,"HB3 broadcast: {bcast,mulbcast,bcastcol,write} x ROWS @ C=16384",bcast,,,,256,16384,0,0,,32,,180.631,160.217,-11.3,93.1,160.29,494.231,835.152,16809984,False,,,,112.07,48.15,,,,160.22
db_sweep.log:665,db_sweep.log,2012d4f,,False,"HB3 broadcast: {bcast,mulbcast,bcastcol,write} x ROWS @ C=16384",mulbcast,,,,256,16384,0,0,,32,,177.793,160.217,-9.9,94.5,144.194,593.767,915.754,16809984,False,,,,112.07,48.15,,,,160.22
db_sweep.log:680,db_sweep.log,2012d4f,,False,"HB3 broadcast: {bcast,mulbcast,bcastcol,write} x ROWS @ C=16384",bcastcol,,,,256,16384,0,0,,32,,146.567,160.217,9.3,114.7,144.016,588.784,879.367,16809984,False,,,,112.07,48.15,,,,160.22
db_sweep.log:695,db_sweep.log,2012d4f,,False,"HB3 broadcast: {bcast,mulbcast,bcastcol,write} x ROWS @ C=16384",write,,,,256,16384,0,0,,32,,70.663,56.737,-19.7,119.6,146.121,512.953,729.737,8454144,False,,,,56.36,0.38,,,,56.74
db_sweep.log:710,db_sweep.log,2012d4f,,False,"HB3 broadcast: {bcast,mulbcast,bcastcol,write} x ROWS @ C=16384",bcast,,,,2048,16384,0,0,,32,,1151.327,1280.208,11.2,116.6,1044.181,6051.179,8246.687,134250496,False,,,,895.0,385.2,,,,1280.21
db_sweep.log:725,db_sweep.log,2012d4f,,False,"HB3 broadcast: {bcast,mulbcast,bcastcol,write} x ROWS @ C=16384",mulbcast,,,,2048,16384,0,0,,32,,1159.194,1280.208,10.4,115.8,1040.362,5969.335,8168.891,134250496,False,,,,895.0,385.2,,,,1280.21
db_sweep.log:740,db_sweep.log,2012d4f,,False,"HB3 broadcast: {bcast,mulbcast,bcastcol,write} x ROWS @ C=16384",bcastcol,,,,2048,16384,0,0,,32,,1138.565,1281.737,12.6,118.1,1056.817,5759.28,7954.662,134479872,False,,,,896.53,385.2,,,,1281.74
db_sweep.log:755,db_sweep.log,2012d4f,,False,"HB3 broadcast: {bcast,mulbcast,bcastcol,write} x ROWS @ C=16384",write,,,,2048,16384,0,0,,32,,1299.569,451.051,-65.3,51.9,1084.299,5409.254,7793.122,67403776,False,,,,449.36,1.69,,,,451.05
db_sweep.log:777,db_sweep.log,2012d4f,,False,"T1 op variety (neg vs transport) at [2048,2048] and [4096,4096]",neg,,,,2048,2048,0,0,,32,,159.516,159.999,0.3,105.2,170.74,506.684,836.94,16777216,False,,,,111.85,48.15,,,,160.0
db_sweep.log:791,db_sweep.log,2012d4f,,False,"T1 op variety (neg vs transport) at [2048,2048] and [4096,4096]",transpose,,,,2048,2048,0,0,,32,,145.289,144.631,-0.5,115.5,150.682,505.725,801.696,16777216,False,,,,111.85,48.15,,,,144.63
db_sweep.log:805,db_sweep.log,2012d4f,,False,"T1 op variety (neg vs transport) at [2048,2048] and [4096,4096]",transpose_outer,,,,2048,2048,0,0,,32,,1340.03,1279.99,-4.5,100.2,1038.768,6087.831,8466.629,134217728,False,,,,894.78,385.2,,,,1279.99
db_sweep.log:819,db_sweep.log,2012d4f,,False,"T1 op variety (neg vs transport) at [2048,2048] and [4096,4096]",cat0,,,,2048,2048,0,0,,32,,396.623,419.43,5.8,63.5,237.833,998.865,1633.321,25165824,False,,,,167.77,48.15,,,,419.43
db_sweep.log:833,db_sweep.log,2012d4f,,False,"T1 op variety (neg vs transport) at [2048,2048] and [4096,4096]",cat1,,,,2048,2048,0,0,,32,,231.044,215.923,-6.5,108.9,221.211,970.555,1422.81,25165824,False,,,,167.77,48.15,,,,215.92
db_sweep.log:847,db_sweep.log,2012d4f,,False,"T1 op variety (neg vs transport) at [2048,2048] and [4096,4096]",neg,,,,4096,4096,0,0,,32,,639.934,639.995,0.0,104.9,406.239,2250.828,3297.001,67108864,False,,,,447.39,192.6,,,,639.99
db_sweep.log:861,db_sweep.log,2012d4f,,False,"T1 op variety (neg vs transport) at [2048,2048] and [4096,4096]",transpose,,,,4096,4096,0,0,,32,,575.581,578.525,0.5,116.6,427.016,2255.206,3257.803,67108864,False,,,,447.39,192.6,,,,578.52
db_sweep.log:875,db_sweep.log,2012d4f,,False,"T1 op variety (neg vs transport) at [2048,2048] and [4096,4096]",transpose_outer,,,,4096,4096,0,0,,32,,6010.764,5119.959,-14.8,89.3,4788.218,40903.771,51702.753,536870912,False,,,,3579.14,1540.82,,,,5119.96
db_sweep.log:889,db_sweep.log,2012d4f,,False,"T1 op variety (neg vs transport) at [2048,2048] and [4096,4096]",cat0,,,,4096,4096,0,0,,32,,1709.373,1677.722,-1.9,58.9,1023.579,6386.009,9118.961,100663296,False,,,,671.09,192.6,,,,1677.72
db_sweep.log:903,db_sweep.log,2012d4f,,False,"T1 op variety (neg vs transport) at [2048,2048] and [4096,4096]",cat1,,,,4096,4096,0,0,,32,,935.038,863.691,-7.6,107.7,1173.603,5453.512,7562.153,100663296,False,,,,671.09,192.6,,,,863.69
db_sweep.log:918,db_sweep.log,2012d4f,,False,"T2 transpose vs neg, aspect-ratio sweep (bytes ~ const)",neg,,,,2048,2048,0,0,,32,,160.662,159.999,-0.4,104.4,149.804,527.489,837.955,16777216,False,,,,111.85,48.15,,,,160.0
db_sweep.log:932,db_sweep.log,2012d4f,,False,"T2 transpose vs neg, aspect-ratio sweep (bytes ~ const)",transpose,,,,2048,2048,0,0,,32,,145.478,144.631,-0.6,115.3,145.023,504.537,795.038,16777216,False,,,,111.85,48.15,,,,144.63
db_sweep.log:946,db_sweep.log,2012d4f,,False,"T2 transpose vs neg, aspect-ratio sweep (bytes ~ const)",neg,,,,4096,1024,0,0,,32,,160.758,159.999,-0.5,104.4,156.166,538.886,855.81,16777216,False,,,,111.85,48.15,,,,160.0
db_sweep.log:960,db_sweep.log,2012d4f,,False,"T2 transpose vs neg, aspect-ratio sweep (bytes ~ const)",transpose,,,,4096,1024,0,0,,32,,142.667,144.631,1.4,117.6,191.365,561.819,895.851,16777216,False,,,,111.85,48.15,,,,144.63
db_sweep.log:974,db_sweep.log,2012d4f,,False,"T2 transpose vs neg, aspect-ratio sweep (bytes ~ const)",neg,,,,1024,4096,0,0,,32,,151.156,159.999,5.9,111.0,144.963,623.458,919.577,16777216,False,,,,111.85,48.15,,,,160.0
db_sweep.log:988,db_sweep.log,2012d4f,,False,"T2 transpose vs neg, aspect-ratio sweep (bytes ~ const)",transpose,,,,1024,4096,0,0,,32,,144.904,144.631,-0.2,115.8,130.449,610.804,886.157,16777216,False,,,,111.85,48.15,,,,144.63
db_sweep.log:1002,db_sweep.log,2012d4f,,False,"T2 transpose vs neg, aspect-ratio sweep (bytes ~ const)",neg,,,,8192,512,0,0,,32,,160.121,159.999,-0.1,104.8,119.323,654.662,934.106,16777216,False,,,,111.85,48.15,,,,160.0
db_sweep.log:1016,db_sweep.log,2012d4f,,False,"T2 transpose vs neg, aspect-ratio sweep (bytes ~ const)",transpose,,,,8192,512,0,0,,32,,143.68,144.631,0.7,116.8,146.128,476.191,765.999,16777216,False,,,,111.85,48.15,,,,144.63
db_sweep.log:1030,db_sweep.log,2012d4f,,False,"T2 transpose vs neg, aspect-ratio sweep (bytes ~ const)",neg,,,,512,8192,0,0,,32,,158.37,159.999,1.0,105.9,144.459,598.52,901.349,16777216,False,,,,111.85,48.15,,,,160.0
db_sweep.log:1044,db_sweep.log,2012d4f,,False,"T2 transpose vs neg, aspect-ratio sweep (bytes ~ const)",transpose,,,,512,8192,0,0,,32,,145.989,144.631,-0.9,114.9,140.499,584.254,870.742,16777216,False,,,,111.85,48.15,,,,144.63
db_sweep.log:1095,db_sweep.log,2012d4f,,False,M1 HBM compute-free (write-dom thin-K + read-dom thin-M),mmwd,2048,16,2048,2048,16,0,1,,32,67108864,64.722,66.156,2.2,148.9,283.284,398.292,746.298,9633920,False,4x8x1,4x8x1,1.84,61.68,3.39,,1.0,,66.16
db_sweep.log:1137,db_sweep.log,2012d4f,,False,M1 HBM compute-free (write-dom thin-K + read-dom thin-M),mmwd,2048,32,2048,2048,32,0,1,,32,134217728,69.556,68.501,-1.5,141.3,243.215,462.105,774.876,9830528,False,4x8x1,4x8x1,3.68,62.56,3.76,,1.0,,68.5
db_sweep.log:1158,db_sweep.log,2012d4f,,False,M1 HBM compute-free (write-dom thin-K + read-dom thin-M),mmwd,2048,64,2048,2048,64,0,1,,32,268435456,56.559,64.811,14.6,157.6,208.099,610.186,874.844,8912896,False,4x8x1,4x8x1,7.36,57.44,3.01,,1.0,,64.81
db_sweep.log:1201,db_sweep.log,2012d4f,,False,M1 HBM compute-free (write-dom thin-K + read-dom thin-M),mmwd,4096,32,2048,4096,32,0,1,,32,268435456,131.779,129.81,-1.5,140.2,351.623,682.529,1165.931,18481280,False,4x8x1,4x8x1,7.36,118.16,5.27,,1.0,,129.81
db_sweep.log:1243,db_sweep.log,2012d4f,,False,M1 HBM compute-free (write-dom thin-K + read-dom thin-M),mmwd,4096,32,4096,4096,32,0,1,,32,536870912,257.894,250.926,-2.7,141.3,443.371,2360.512,3061.777,36438144,False,4x8x1,4x8x1,14.72,232.66,7.52,,1.0,,250.93
db_sweep.log:1265,db_sweep.log,2012d4f,,False,M1 HBM compute-free (write-dom thin-K + read-dom thin-M),mmwd,32,4096,4096,32,4096,0,1,,32,536870912,264.921,249.794,-5.7,128.6,67.444,148.439,480.804,34078720,False,1x32x1,1x32x1,18.76,238.16,1.5,,0.785,,249.79
db_sweep.log:1286,db_sweep.log,2012d4f,,False,M1 HBM compute-free (write-dom thin-K + read-dom thin-M),mmwd,64,4096,4096,64,4096,0,1,,32,1073741824,276.38,260.577,-5.7,125.2,77.155,217.362,570.897,34603008,False,1x32x1,1x32x1,29.43,241.67,3.01,,1.0,,260.58
db_sweep.log:1308,db_sweep.log,2012d4f,,False,M1 HBM compute-free (write-dom thin-K + read-dom thin-M),mmwd,64,4096,2048,64,4096,0,1,,32,536870912,127.873,132.122,3.3,137.4,72.676,176.157,376.706,17563648,False,1x32x1,1x32x1,14.72,122.67,1.5,,1.0,,132.12
db_sweep.log:1337,db_sweep.log,2012d4f,,False,MC1 mac_peak compute-dominant: cores 4 (2x2) + 8 (2x4),mmwd,2048,2048,2048,2048,2048,0,1,,4,8589934592,2013.517,2085.266,3.6,12.5,219.21,456.339,2689.066,25165824,False,,2x2x1,1883.76,171.1,48.15,,1.0,,2085.27
db_sweep.log:1358,db_sweep.log,2012d4f,,False,MC1 mac_peak compute-dominant: cores 4 (2x2) + 8 (2x4),mmwd,2048,4096,2048,2048,4096,0,1,,4,17179869184,4021.217,4115.494,2.3,10.4,241.793,712.374,4975.384,41943040,False,,2x2x1,3767.52,288.42,48.15,,1.0,,4115.49
db_sweep.log:1379,db_sweep.log,2012d4f,,False,MC1 mac_peak compute-dominant: cores 4 (2x2) + 8 (2x4),mmwd,1024,4096,1024,1024,4096,0,1,,4,4294967296,1006.343,1032.418,2.6,18.8,129.543,538.534,1674.42,18874368,False,,2x2x1,941.88,130.77,12.04,,1.0,,1032.42
db_sweep.log:1400,db_sweep.log,2012d4f,,False,MC1 mac_peak compute-dominant: cores 4 (2x2) + 8 (2x4),mmwd,2048,2048,2048,2048,2048,0,1,,8,8589934592,1095.946,1108.543,1.1,23.0,230.851,371.476,1698.273,25165824,False,,2x4x1,941.88,171.1,48.15,,1.0,,1108.54
db_sweep.log:1421,db_sweep.log,2012d4f,,False,MC1 mac_peak compute-dominant: cores 4 (2x2) + 8 (2x4),mmwd,2048,4096,2048,2048,4096,0,1,,8,17179869184,2125.002,2162.046,1.7,19.7,199.284,315.042,2639.328,41943040,False,,2x4x1,1883.76,288.42,48.15,,1.0,,2162.05
db_sweep.log:1443,db_sweep.log,2012d4f,,False,"MC2 cores-scaling M=N=2048 K=4096: {4,8,16,32}=2x2/2x4/4x4/4x8",mmwd,2048,4096,2048,2048,4096,0,1,,4,17179869184,4024.166,4115.494,2.3,10.4,200.681,318.708,4543.555,41943040,False,,2x2x1,3767.52,288.42,48.15,,1.0,,4115.49
db_sweep.log:1464,db_sweep.log,2012d4f,,False,"MC2 cores-scaling M=N=2048 K=4096: {4,8,16,32}=2x2/2x4/4x4/4x8",mmwd,2048,4096,2048,2048,4096,0,1,,8,17179869184,2125.655,2162.046,1.7,19.7,208.067,570.208,2903.93,41943040,False,,2x4x1,1883.76,288.42,48.15,,1.0,,2162.05
db_sweep.log:1485,db_sweep.log,2012d4f,,False,"MC2 cores-scaling M=N=2048 K=4096: {4,8,16,32}=2x2/2x4/4x4/4x8",mmwd,2048,4096,2048,2048,4096,0,1,,16,17179869184,1093.362,1150.478,5.2,38.4,250.241,388.951,1732.554,41943040,False,,4x4x1,941.88,288.42,48.15,,1.0,,1150.48
db_sweep.log:1506,db_sweep.log,2012d4f,,False,"MC2 cores-scaling M=N=2048 K=4096: {4,8,16,32}=2x2/2x4/4x4/4x8",mmwd,2048,4096,2048,2048,4096,0,1,,32,17179869184,667.147,666.113,-0.2,62.9,254.992,292.253,1214.392,41943040,False,,4x8x1,470.94,288.42,48.15,,1.0,,666.11
db_sweep.log:1528,db_sweep.log,2012d4f,,False,"MC3 peak across shapes cores=4 (2x2), MNK~1.7e10: big M / N / K",mmwd,4096,2048,2048,4096,2048,0,1,,4,17179869184,4027.047,4121.885,2.4,10.4,315.213,864.241,5206.501,41943040,False,,2x2x1,3767.52,283.53,96.3,,1.0,,4121.88
db_sweep.log:1549,db_sweep.log,2012d4f,,False,"MC3 peak across shapes cores=4 (2x2), MNK~1.7e10: big M / N / K",mmwd,2048,2048,4096,2048,2048,0,1,,4,17179869184,4026.846,4121.885,2.4,10.4,239.829,968.792,5235.467,41943040,False,,2x2x1,3767.52,283.53,96.3,,1.0,,4121.88
db_sweep.log:1570,db_sweep.log,2012d4f,,False,"MC3 peak across shapes cores=4 (2x2), MNK~1.7e10: big M / N / K",mmwd,2048,4096,2048,2048,4096,0,1,,4,17179869184,4022.113,4115.494,2.3,10.4,244.592,487.722,4754.427,41943040,False,,2x2x1,3767.52,288.42,48.15,,1.0,,4115.49
db_sweep.log:1599,db_sweep.log,2012d4f,,False,"SP1 M=4096 N=K=2048 cores=32: m in {1,2,4,8,16,32}",mmwd,4096,2048,2048,4096,2048,0,1,,32,17179869184,1381.755,833.589,-39.7,30.4,242.63,1100.929,2725.314,41943040,False,,1x32x1,470.94,283.53,96.3,,1.0,,833.59
db_sweep.log:1620,db_sweep.log,2012d4f,,False,"SP1 M=4096 N=K=2048 cores=32: m in {1,2,4,8,16,32}",mmwd,4096,2048,2048,4096,2048,0,1,,32,17179869184,811.069,833.589,2.8,51.7,315.481,933.318,2059.868,41943040,False,,2x16x1,470.94,283.53,96.3,,1.0,,833.59
db_sweep.log:1641,db_sweep.log,2012d4f,,False,"SP1 M=4096 N=K=2048 cores=32: m in {1,2,4,8,16,32}",mmwd,4096,2048,2048,4096,2048,0,1,,32,17179869184,806.101,788.057,-2.2,52.0,310.742,1086.572,2203.415,41943040,False,,4x8x1,470.94,283.53,96.3,,1.0,,788.06
db_sweep.log:1662,db_sweep.log,2012d4f,,False,"SP1 M=4096 N=K=2048 cores=32: m in {1,2,4,8,16,32}",mmwd,4096,2048,2048,4096,2048,0,1,,32,17179869184,831.503,696.187,-16.3,50.4,318.707,859.32,2009.53,41943040,False,,8x4x1,470.94,283.53,96.3,,1.0,,696.19
db_sweep.log:1683,db_sweep.log,2012d4f,,False,"SP1 M=4096 N=K=2048 cores=32: m in {1,2,4,8,16,32}",mmwd,4096,2048,2048,4096,2048,0,1,,32,17179869184,1222.836,717.607,-41.3,34.3,336.881,853.897,2413.614,41943040,False,,16x2x1,470.94,283.53,96.3,,1.0,,717.61
db_sweep.log:1704,db_sweep.log,2012d4f,,False,"SP1 M=4096 N=K=2048 cores=32: m in {1,2,4,8,16,32}",mmwd,4096,2048,2048,4096,2048,0,1,,32,17179869184,1202.727,733.864,-39.0,34.9,316.651,719.717,2239.095,41943040,False,,32x1x1,470.94,283.53,96.3,,1.0,,733.86
db_sweep.log:1726,db_sweep.log,2012d4f,,False,"SP2 M=8192 N=K=2048 cores=32: m in {2,4,8,16}",mmwd,8192,2048,2048,8192,2048,0,1,,32,34359738368,1632.578,1608.516,-1.5,46.2,454.57,2319.505,4406.653,75497472,False,,2x16x1,941.88,508.4,192.6,,1.0,,1608.52
db_sweep.log:1747,db_sweep.log,2012d4f,,False,"SP2 M=8192 N=K=2048 cores=32: m in {2,4,8,16}",mmwd,8192,2048,2048,8192,2048,0,1,,32,34359738368,1594.154,1608.516,0.9,47.4,468.215,2308.387,4370.756,75497472,False,,4x8x1,941.88,508.4,192.6,,1.0,,1608.52
db_sweep.log:1768,db_sweep.log,2012d4f,,False,"SP2 M=8192 N=K=2048 cores=32: m in {2,4,8,16}",mmwd,8192,2048,2048,8192,2048,0,1,,32,34359738368,1614.688,1529.883,-5.3,46.8,424.382,2454.243,4493.313,75497472,False,,8x4x1,941.88,508.4,192.6,,1.0,,1529.88
db_sweep.log:1789,db_sweep.log,2012d4f,,False,"SP2 M=8192 N=K=2048 cores=32: m in {2,4,8,16}",mmwd,8192,2048,2048,8192,2048,0,1,,32,34359738368,2632.759,1388.829,-47.2,28.7,453.781,2398.732,5485.272,75497472,False,,16x2x1,941.88,508.4,192.6,,1.0,,1388.83
db_sweep.log:1811,db_sweep.log,2012d4f,,False,"SP3 M=2048 N=K=2048 cores=32: m in {2,4,8}",mmwd,2048,2048,2048,2048,2048,0,1,,32,8589934592,399.386,423.359,6.0,63.0,222.554,454.036,1075.976,25165824,False,,2x16x1,235.47,171.1,48.15,,1.0,,423.36
db_sweep.log:1832,db_sweep.log,2012d4f,,False,"SP3 M=2048 N=K=2048 cores=32: m in {2,4,8}",mmwd,2048,2048,2048,2048,2048,0,1,,32,8589934592,384.422,360.576,-6.2,65.5,241.876,296.012,922.31,25165824,False,,4x8x1,235.47,171.1,48.15,,1.0,,360.58
db_sweep.log:1853,db_sweep.log,2012d4f,,False,"SP3 M=2048 N=K=2048 cores=32: m in {2,4,8}",mmwd,2048,2048,2048,2048,2048,0,1,,32,8589934592,383.371,360.576,-5.9,65.6,215.347,462.267,1060.985,25165824,False,,8x4x1,235.47,171.1,48.15,,1.0,,360.58
db_sweep.log:1882,db_sweep.log,2012d4f,,False,"DC1 M=2048 K=2048 split 4x8: N in {512,1024,2048,4096} (N/n 64..512)",mmwd,2048,2048,512,2048,2048,0,1,,32,2147483648,107.36,143.027,33.2,117.2,137.782,250.618,495.76,12582912,False,,4x8x1,58.87,86.77,12.04,,1.0,,143.03
db_sweep.log:1903,db_sweep.log,2012d4f,,False,"DC1 M=2048 K=2048 split 4x8: N in {512,1024,2048,4096} (N/n 64..512)",mmwd,2048,2048,1024,2048,2048,0,1,,32,4294967296,167.635,214.962,28.2,100.1,145.261,458.552,771.448,16777216,False,,4x8x1,117.73,114.88,24.08,,1.0,,214.96
db_sweep.log:1924,db_sweep.log,2012d4f,,False,"DC1 M=2048 K=2048 split 4x8: N in {512,1024,2048,4096} (N/n 64..512)",mmwd,2048,2048,2048,2048,2048,0,1,,32,8589934592,384.888,360.576,-6.3,65.4,252.244,656.993,1294.125,25165824,False,,4x8x1,235.47,171.1,48.15,,1.0,,360.58
db_sweep.log:1945,db_sweep.log,2012d4f,,False,"DC1 M=2048 K=2048 split 4x8: N in {512,1024,2048,4096} (N/n 64..512)",mmwd,2048,2048,4096,2048,2048,0,1,,32,17179869184,764.037,696.187,-8.9,54.9,327.564,890.273,1981.874,41943040,False,,4x8x1,470.94,283.53,96.3,,1.0,,696.19
db_sweep.log:1967,db_sweep.log,2012d4f,,False,"DC2 N=2048 K=2048 split 4x8: M in {512,1024,2048,4096,8192} (M/m 128..2048)",mmwd,512,2048,2048,512,2048,0,1,,32,2147483648,86.174,130.596,51.5,146.0,142.306,445.514,673.994,12582912,False,,4x8x1,58.87,86.77,12.04,,1.0,,130.6
db_sweep.log:1988,db_sweep.log,2012d4f,,False,"DC2 N=2048 K=2048 split 4x8: M in {512,1024,2048,4096,8192} (M/m 128..2048)",mmwd,1024,2048,2048,1024,2048,0,1,,32,4294967296,182.044,202.531,11.3,92.2,133.726,545.815,861.585,16777216,False,,4x8x1,117.73,114.88,24.08,,1.0,,202.53
db_sweep.log:2009,db_sweep.log,2012d4f,,False,"DC2 N=2048 K=2048 split 4x8: M in {512,1024,2048,4096,8192} (M/m 128..2048)",mmwd,2048,2048,2048,2048,2048,0,1,,32,8589934592,390.103,360.576,-7.6,64.5,240.906,576.769,1207.778,25165824,False,,4x8x1,235.47,171.1,48.15,,1.0,,360.58
db_sweep.log:2030,db_sweep.log,2012d4f,,False,"DC2 N=2048 K=2048 split 4x8: M in {512,1024,2048,4096,8192} (M/m 128..2048)",mmwd,4096,2048,2048,4096,2048,0,1,,32,17179869184,810.297,788.057,-2.7,51.8,301.562,812.716,1924.575,41943040,False,,4x8x1,470.94,283.53,96.3,,1.0,,788.06
db_sweep.log:2051,db_sweep.log,2012d4f,,False,"DC2 N=2048 K=2048 split 4x8: M in {512,1024,2048,4096,8192} (M/m 128..2048)",mmwd,8192,2048,2048,8192,2048,0,1,,32,34359738368,1594.268,1608.516,0.9,47.4,423.73,2456.237,4474.235,75497472,False,,4x8x1,941.88,508.4,192.6,,1.0,,1608.52
db_sweep.log:2081,db_sweep.log,2012d4f,,False,"PS1 M=N=2048 K=2048: m2n2 k{1,2,4,8} + m2n4 k{1,2,4}",mmwd,2048,2048,2048,2048,2048,0,1,,4,8589934592,2014.879,2085.266,3.5,12.5,192.83,462.246,2669.955,25165824,False,,2x2x1,1883.76,171.1,48.15,,1.0,,2085.27
db_sweep.log:2102,db_sweep.log,2012d4f,,False,"PS1 M=N=2048 K=2048: m2n2 k{1,2,4,8} + m2n4 k{1,2,4}",mmwd,2048,2048,2048,2048,2048,0,1,,8,8589934592,2068.197,1143.388,-44.7,12.2,230.351,375.959,2674.507,25165824,False,,2x2x2,941.88,171.1,48.15,,1.0,,1143.39
db_sweep.log:2123,db_sweep.log,2012d4f,,False,"PS1 M=N=2048 K=2048: m2n2 k{1,2,4,8} + m2n4 k{1,2,4}",mmwd,2048,2048,2048,2048,2048,0,1,,16,8589934592,1046.578,672.448,-35.7,24.0,225.37,446.562,1718.51,25165824,False,,2x2x4,470.94,171.1,48.15,,1.0,,672.45
db_sweep.log:2144,db_sweep.log,2012d4f,,False,"PS1 M=N=2048 K=2048: m2n2 k{1,2,4,8} + m2n4 k{1,2,4}",mmwd,2048,2048,2048,2048,2048,0,1,,32,8589934592,782.046,500.318,-36.0,32.2,202.674,304.116,1288.836,25165824,False,,2x2x8,235.47,171.1,48.15,,1.0,,500.32
db_sweep.log:2166,db_sweep.log,2012d4f,,False,"PS1 M=N=2048 K=2048: m2n2 k{1,2,4,8} + m2n4 k{1,2,4}",mmwd,2048,2048,2048,2048,2048,0,1,,8,8589934592,1093.823,1108.543,1.3,23.0,205.466,712.911,2012.2,25165824,False,,2x4x1,941.88,171.1,48.15,,1.0,,1108.54
db_sweep.log:2187,db_sweep.log,2012d4f,,False,"PS1 M=N=2048 K=2048: m2n2 k{1,2,4,8} + m2n4 k{1,2,4}",mmwd,2048,2048,2048,2048,2048,0,1,,16,8589934592,1096.213,637.603,-41.8,23.0,240.882,467.319,1804.414,25165824,False,,2x4x2,470.94,171.1,48.15,,1.0,,637.6
db_sweep.log:2208,db_sweep.log,2012d4f,,False,"PS1 M=N=2048 K=2048: m2n2 k{1,2,4,8} + m2n4 k{1,2,4}",mmwd,2048,2048,2048,2048,2048,0,1,,32,8589934592,676.47,435.79,-35.6,37.2,184.294,678.96,1539.724,25165824,False,,2x4x4,235.47,171.1,48.15,,1.0,,435.79
db_sweep.log:2231,db_sweep.log,2012d4f,,False,"PS2 (m,n)=(2,2) K=2048, k{1,2,4}: M=N in {1024,4096}",mmwd,1024,2048,1024,1024,2048,0,1,,4,2147483648,506.452,523.089,3.3,20.7,89.15,359.423,955.025,10485760,False,,2x2x1,470.94,72.1,12.04,,1.0,,523.09
db_sweep.log:2252,db_sweep.log,2012d4f,,False,"PS2 (m,n)=(2,2) K=2048, k{1,2,4}: M=N in {1024,4096}",mmwd,1024,2048,1024,1024,2048,0,1,,8,2147483648,521.294,287.619,-44.8,20.1,129.194,408.881,1059.369,10485760,False,,2x2x2,235.47,72.1,12.04,,1.0,,287.62
db_sweep.log:2273,db_sweep.log,2012d4f,,False,"PS2 (m,n)=(2,2) K=2048, k{1,2,4}: M=N in {1024,4096}",mmwd,1024,2048,1024,1024,2048,0,1,,16,2147483648,268.373,169.885,-36.7,39.1,128.918,294.676,691.967,10485760,False,,2x2x4,117.73,72.1,12.04,,1.0,,169.88
db_sweep.log:2295,db_sweep.log,2012d4f,,False,"PS2 (m,n)=(2,2) K=2048, k{1,2,4}: M=N in {1024,4096}",mmwd,4096,2048,4096,4096,2048,0,1,,4,34359738368,8045.121,8097.3,0.6,8.3,446.896,2327.664,10819.681,67108864,False,,2x2x1,7535.03,449.74,192.6,,1.0,,8097.3
db_sweep.log:2316,db_sweep.log,2012d4f,,False,"PS2 (m,n)=(2,2) K=2048, k{1,2,4}: M=N in {1024,4096}",mmwd,4096,2048,4096,4096,2048,0,1,,8,34359738368,8255.036,4329.785,-47.5,8.1,447.773,2333.847,11036.656,67108864,False,,2x2x2,3767.52,449.74,192.6,,1.0,,4329.78
db_sweep.log:2337,db_sweep.log,2012d4f,,False,"PS2 (m,n)=(2,2) K=2048, k{1,2,4}: M=N in {1024,4096}",mmwd,4096,2048,4096,4096,2048,0,1,,16,34359738368,4170.617,2446.027,-41.4,16.1,433.812,2408.409,7012.838,67108864,False,,2x2x4,1883.76,449.74,192.6,,1.0,,2446.03
db_sweep.log:2403,db_sweep.log,2012d4f,,False,CT1 softmax_row_tiling: tile_rows<=4096 (<=33.5MB LX; no hang),softmax_row_tiling,,,,16384,4096,4,1,,32,,3132.846,2694.715,-14.0,128.5,2405.024,16023.51,21561.38,402653184,False,,,,1789.57,770.41,0.95,,,2694.72
db_sweep.log:2461,db_sweep.log,2012d4f,,False,CT1 softmax_row_tiling: tile_rows<=4096 (<=33.5MB LX; no hang),softmax_row_tiling,,,,16384,4096,8,1,,32,,2851.43,2694.715,-5.5,141.2,2472.749,15598.639,20922.818,402653184,False,,,,1789.57,770.41,0.95,,,2694.72
db_sweep.log:2519,db_sweep.log,2012d4f,,False,CT1 softmax_row_tiling: tile_rows<=4096 (<=33.5MB LX; no hang),softmax_row_tiling,,,,16384,4096,16,1,,32,,2653.725,2694.715,1.5,151.7,2558.945,14921.11,20133.78,402653184,False,,,,1789.57,770.41,0.95,,,2694.72
db_sweep.log:2577,db_sweep.log,2012d4f,,False,CT1 softmax_row_tiling: tile_rows<=4096 (<=33.5MB LX; no hang),softmax_row_tiling,,,,16384,2048,4,1,,32,,1549.193,1347.358,-13.0,130.0,1162.991,5867.533,8579.717,201326592,False,,,,894.78,385.2,0.95,,,1347.36
db_sweep.log:2635,db_sweep.log,2012d4f,,False,CT1 softmax_row_tiling: tile_rows<=4096 (<=33.5MB LX; no hang),softmax_row_tiling,,,,16384,2048,8,1,,32,,1442.22,1347.358,-6.6,139.6,1138.528,6077.047,8657.795,201326592,False,,,,894.78,385.2,0.95,,,1347.36
db_sweep.log:2693,db_sweep.log,2012d4f,,False,CT1 softmax_row_tiling: tile_rows<=4096 (<=33.5MB LX; no hang),softmax_row_tiling,,,,16384,2048,16,1,,32,,1343.387,1347.358,0.3,149.9,1090.74,6418.281,8852.408,201326592,False,,,,894.78,385.2,0.95,,,1347.36
db_sweep.log:2751,db_sweep.log,2012d4f,,False,CT1 softmax_row_tiling: tile_rows<=4096 (<=33.5MB LX; no hang),softmax_row_tiling,,,,8192,2048,2,1,,32,,761.551,673.679,-11.5,132.2,537.011,2405.773,3704.335,100663296,False,,,,447.39,192.6,0.95,,,673.68
db_sweep.log:2809,db_sweep.log,2012d4f,,False,CT1 softmax_row_tiling: tile_rows<=4096 (<=33.5MB LX; no hang),softmax_row_tiling,,,,8192,2048,4,1,,32,,731.827,673.679,-7.9,137.6,462.959,2406.332,3601.118,100663296,False,,,,447.39,192.6,0.95,,,673.68
db_sweep.log:2867,db_sweep.log,2012d4f,,False,CT1 softmax_row_tiling: tile_rows<=4096 (<=33.5MB LX; no hang),softmax_row_tiling,,,,8192,2048,8,1,,32,,665.504,673.679,1.2,151.3,479.069,2404.56,3549.133,100663296,False,,,,447.39,192.6,0.95,,,673.68
db_sweep.log:2925,db_sweep.log,2012d4f,,False,CT1 softmax_row_tiling: tile_rows<=4096 (<=33.5MB LX; no hang),softmax_row_tiling,,,,8192,2048,16,1,,32,,681.116,673.679,-1.1,147.8,533.555,2268.345,3483.016,100663296,False,,,,447.39,192.6,0.95,,,673.68
db_sweep.log:2983,db_sweep.log,2012d4f,,False,CT1 softmax_row_tiling: tile_rows<=4096 (<=33.5MB LX; no hang),softmax_row_tiling,,,,4096,4096,2,1,,32,,710.836,673.679,-5.2,141.6,463.025,2372.256,3546.117,100663296,False,,,,447.39,192.6,0.95,,,673.68
db_sweep.log:3041,db_sweep.log,2012d4f,,False,CT1 softmax_row_tiling: tile_rows<=4096 (<=33.5MB LX; no hang),softmax_row_tiling,,,,4096,4096,4,1,,32,,674.604,673.679,-0.1,149.2,423.497,2434.119,3532.22,100663296,False,,,,447.39,192.6,0.95,,,673.68
db_sweep.log:3099,db_sweep.log,2012d4f,,False,CT1 softmax_row_tiling: tile_rows<=4096 (<=33.5MB LX; no hang),softmax_row_tiling,,,,4096,4096,8,1,,32,,690.931,673.679,-2.5,145.7,479.716,2394.655,3565.302,100663296,False,,,,447.39,192.6,0.95,,,673.68
db_sweep.log:3122,db_sweep.log,2012d4f,,False,"CT2 matmul_row_tiling: 3 shapes x TILES {2,4,8}",matmul_row_tiling,,,,2048,2048,2,1,,32,,341.312,371.025,8.7,73.7,224.842,375.631,941.785,25165824,False,,,235.47,171.1,48.15,0.95,1.0,,371.03
db_sweep.log:3144,db_sweep.log,2012d4f,,False,"CT2 matmul_row_tiling: 3 shapes x TILES {2,4,8}",matmul_row_tiling,,,,2048,2048,4,1,,32,,440.466,371.025,-15.8,57.1,253.904,389.784,1084.154,25165824,False,,,235.47,171.1,48.15,0.95,1.0,,371.03
db_sweep.log:3166,db_sweep.log,2012d4f,,False,"CT2 matmul_row_tiling: 3 shapes x TILES {2,4,8}",matmul_row_tiling,,,,2048,2048,8,1,,32,,652.115,431.811,-33.8,38.6,264.526,467.323,1383.964,25165824,False,,,300.12,171.1,48.15,0.95,0.785,,431.81
db_sweep.log:3188,db_sweep.log,2012d4f,,False,"CT2 matmul_row_tiling: 3 shapes x TILES {2,4,8}",matmul_row_tiling,,,,4096,2048,2,1,,32,,776.4,693.91,-10.6,54.0,300.829,745.432,1822.661,41943040,False,,,470.94,283.53,96.3,0.95,1.0,,693.91
db_sweep.log:3210,db_sweep.log,2012d4f,,False,"CT2 matmul_row_tiling: 3 shapes x TILES {2,4,8}",matmul_row_tiling,,,,4096,2048,4,1,,32,,677.474,693.91,2.4,61.9,257.189,963.38,1898.043,41943040,False,,,470.94,283.53,96.3,0.95,1.0,,693.91
db_sweep.log:3232,db_sweep.log,2012d4f,,False,"CT2 matmul_row_tiling: 3 shapes x TILES {2,4,8}",matmul_row_tiling,,,,4096,2048,8,1,,32,,872.086,693.91,-20.4,48.1,355.576,784.891,2012.553,41943040,False,,,470.94,283.53,96.3,0.95,1.0,,693.91
db_sweep.log:3254,db_sweep.log,2012d4f,,False,"CT2 matmul_row_tiling: 3 shapes x TILES {2,4,8}",matmul_row_tiling,,,,2048,2048,2,1,,32,,752.353,700.976,-6.8,55.7,321.002,816.107,1889.462,41943040,False,,,470.94,283.53,96.3,0.95,1.0,,700.98
db_sweep.log:3276,db_sweep.log,2012d4f,,False,"CT2 matmul_row_tiling: 3 shapes x TILES {2,4,8}",matmul_row_tiling,,,,2048,2048,4,1,,32,,724.183,700.976,-3.2,57.9,340.17,862.915,1927.268,41943040,False,,,470.94,283.53,96.3,0.95,1.0,,700.98
db_sweep.log:3298,db_sweep.log,2012d4f,,False,"CT2 matmul_row_tiling: 3 shapes x TILES {2,4,8}",matmul_row_tiling,,,,2048,2048,8,1,,32,,1122.549,700.976,-37.6,37.4,284.023,834.279,2240.851,41943040,False,,,470.94,283.53,96.3,0.95,1.0,,700.98
db_sweep.log:3457,db_sweep.log,2012d4f,,False,"CT3 chain [2048,4096] TILES{1,2,4,8,16} + ctsum LX on/off",ctsum,,,,2048,512,1,0,,32,,17.263,18.568,7.6,121.5,38.639,14.616,70.518,2098176,False,,,,13.99,0.01,,,,18.57
db_sweep.log:3462,db_sweep.log,2012d4f,,False,"CT3 chain [2048,4096] TILES{1,2,4,8,16} + ctsum LX on/off",ctsum,,,,2048,512,2,0,,,,,,,,,,,,True,,,,,,,,,
db_sweep.log:3467,db_sweep.log,2012d4f,,False,"CT3 chain [2048,4096] TILES{1,2,4,8,16} + ctsum LX on/off",ctsum,,,,2048,512,4,0,,,,,,,,,,,,True,,,,,,,,,
db_sweep.log:3472,db_sweep.log,2012d4f,,False,"CT3 chain [2048,4096] TILES{1,2,4,8,16} + ctsum LX on/off",ctsum,,,,2048,512,8,0,,,,,,,,,,,,True,,,,,,,,,
db_sweep.log:3486,db_sweep.log,2012d4f,,False,"CT3 chain [2048,4096] TILES{1,2,4,8,16} + ctsum LX on/off",ctsum,,,,2048,512,1,1,,32,,19.288,18.568,-3.7,108.8,18.923,17.983,56.194,2098176,False,,,,13.99,0.01,,,,18.57
db_sweep.log:3491,db_sweep.log,2012d4f,,False,"CT3 chain [2048,4096] TILES{1,2,4,8,16} + ctsum LX on/off",ctsum,,,,2048,512,2,1,,,,,,,,,,,,True,,,,,,,,,
db_sweep.log:3496,db_sweep.log,2012d4f,,False,"CT3 chain [2048,4096] TILES{1,2,4,8,16} + ctsum LX on/off",ctsum,,,,2048,512,4,1,,,,,,,,,,,,True,,,,,,,,,
db_sweep.log:3501,db_sweep.log,2012d4f,,False,"CT3 chain [2048,4096] TILES{1,2,4,8,16} + ctsum LX on/off",ctsum,,,,2048,512,8,1,,,,,,,,,,,,True,,,,,,,,,
db_sweep.log:3567,db_sweep.log,2012d4f,,False,"GR softmax COLS=2048: ROWS{2048,4096,8192,16384} x TILES{4,8,16,32}",softmax_row_tiling,,,,2048,2048,4,1,,32,,171.661,168.42,-1.9,146.6,156.979,355.05,683.69,25165824,False,,,,111.85,48.15,0.95,,,168.42
db_sweep.log:3625,db_sweep.log,2012d4f,,False,"GR softmax COLS=2048: ROWS{2048,4096,8192,16384} x TILES{4,8,16,32}",softmax_row_tiling,,,,2048,2048,8,1,,32,,204.388,222.585,8.9,123.1,294.787,393.884,893.059,25165824,False,,,,111.85,48.15,0.719,,,222.59
db_sweep.log:3683,db_sweep.log,2012d4f,,False,"GR softmax COLS=2048: ROWS{2048,4096,8192,16384} x TILES{4,8,16,32}",softmax_row_tiling,,,,2048,2048,16,1,,32,,323.464,356.613,10.2,77.8,225.917,777.092,1326.473,25165824,False,,,,111.85,48.15,0.449,,,356.61
db_sweep.log:3741,db_sweep.log,2012d4f,,False,"GR softmax COLS=2048: ROWS{2048,4096,8192,16384} x TILES{4,8,16,32}",softmax_row_tiling,,,,2048,2048,32,1,,32,,525.623,571.344,8.7,47.9,234.287,508.206,1268.116,25165824,False,,,,111.85,48.15,0.28,,,571.34
db_sweep.log:3799,db_sweep.log,2012d4f,,False,"GR softmax COLS=2048: ROWS{2048,4096,8192,16384} x TILES{4,8,16,32}",softmax_row_tiling,,,,4096,2048,4,1,,32,,351.523,336.839,-4.2,143.2,291.545,908.803,1551.871,50331648,False,,,,223.7,96.3,0.95,,,336.84
db_sweep.log:3857,db_sweep.log,2012d4f,,False,"GR softmax COLS=2048: ROWS{2048,4096,8192,16384} x TILES{4,8,16,32}",softmax_row_tiling,,,,4096,2048,8,1,,32,,358.979,336.839,-6.2,140.2,396.402,724.848,1480.229,50331648,False,,,,223.7,96.3,0.95,,,336.84
db_sweep.log:3915,db_sweep.log,2012d4f,,False,"GR softmax COLS=2048: ROWS{2048,4096,8192,16384} x TILES{4,8,16,32}",softmax_row_tiling,,,,4096,2048,16,1,,32,,400.4,445.171,11.2,125.7,592.339,576.735,1569.474,50331648,False,,,,223.7,96.3,0.719,,,445.17
db_sweep.log:3973,db_sweep.log,2012d4f,,False,"GR softmax COLS=2048: ROWS{2048,4096,8192,16384} x TILES{4,8,16,32}",softmax_row_tiling,,,,4096,2048,32,1,,32,,645.673,713.226,10.5,78.0,850.847,568.171,2064.691,50331648,False,,,,223.7,96.3,0.449,,,713.23
db_sweep.log:4031,db_sweep.log,2012d4f,,False,"GR softmax COLS=2048: ROWS{2048,4096,8192,16384} x TILES{4,8,16,32}",softmax_row_tiling,,,,8192,2048,4,1,,32,,727.352,673.679,-7.4,138.4,484.306,2137.752,3349.41,100663296,False,,,,447.39,192.6,0.95,,,673.68
db_sweep.log:4089,db_sweep.log,2012d4f,,False,"GR softmax COLS=2048: ROWS{2048,4096,8192,16384} x TILES{4,8,16,32}",softmax_row_tiling,,,,8192,2048,8,1,,32,,667.782,673.679,0.9,150.7,489.565,2345.687,3503.034,100663296,False,,,,447.39,192.6,0.95,,,673.68
db_sweep.log:4147,db_sweep.log,2012d4f,,False,"GR softmax COLS=2048: ROWS{2048,4096,8192,16384} x TILES{4,8,16,32}",softmax_row_tiling,,,,8192,2048,16,1,,32,,675.964,673.679,-0.3,148.9,551.452,2152.576,3379.992,100663296,False,,,,447.39,192.6,0.95,,,673.68
db_sweep.log:4205,db_sweep.log,2012d4f,,False,"GR softmax COLS=2048: ROWS{2048,4096,8192,16384} x TILES{4,8,16,32}",softmax_row_tiling,,,,8192,2048,32,1,,32,,856.099,890.342,4.0,117.6,536.488,2300.049,3692.636,100663296,False,,,,447.39,192.6,0.719,,,890.34
db_sweep.log:4263,db_sweep.log,2012d4f,,False,"GR softmax COLS=2048: ROWS{2048,4096,8192,16384} x TILES{4,8,16,32}",softmax_row_tiling,,,,16384,2048,4,1,,32,,1544.352,1347.358,-12.8,130.4,1205.952,5250.026,8000.33,201326592,False,,,,894.78,385.2,0.95,,,1347.36
db_sweep.log:4321,db_sweep.log,2012d4f,,False,"GR softmax COLS=2048: ROWS{2048,4096,8192,16384} x TILES{4,8,16,32}",softmax_row_tiling,,,,16384,2048,8,1,,32,,1441.354,1347.358,-6.5,139.7,1132.906,5836.348,8410.608,201326592,False,,,,894.78,385.2,0.95,,,1347.36
db_sweep.log:4379,db_sweep.log,2012d4f,,False,"GR softmax COLS=2048: ROWS{2048,4096,8192,16384} x TILES{4,8,16,32}",softmax_row_tiling,,,,16384,2048,16,1,,32,,1338.911,1347.358,0.6,150.4,1164.998,6097.071,8600.98,201326592,False,,,,894.78,385.2,0.95,,,1347.36
db_sweep.log:4437,db_sweep.log,2012d4f,,False,"GR softmax COLS=2048: ROWS{2048,4096,8192,16384} x TILES{4,8,16,32}",softmax_row_tiling,,,,16384,2048,32,1,,32,,1384.959,1347.358,-2.7,145.4,1173.048,5914.891,8472.898,201326592,False,,,,894.78,385.2,0.95,,,1347.36
db_sweep.log:4496,db_sweep.log,2012d4f,,False,"VAR softmax [8192,2048] tiles=8 x5 (variance)",softmax_row_tiling,,,,8192,2048,8,1,,32,,667.426,673.679,0.9,150.8,516.053,2165.488,3348.967,100663296,False,,,,447.39,192.6,0.95,,,673.68
db_sweep.log:4554,db_sweep.log,2012d4f,,False,"VAR softmax [8192,2048] tiles=8 x5 (variance)",softmax_row_tiling,,,,8192,2048,8,1,,32,,665.551,673.679,1.2,151.2,504.208,2205.407,3375.166,100663296,False,,,,447.39,192.6,0.95,,,673.68
db_sweep.log:4612,db_sweep.log,2012d4f,,False,"VAR softmax [8192,2048] tiles=8 x5 (variance)",softmax_row_tiling,,,,8192,2048,8,1,,32,,666.428,673.679,1.1,151.0,481.473,2374.363,3522.264,100663296,False,,,,447.39,192.6,0.95,,,673.68
db_sweep.log:4670,db_sweep.log,2012d4f,,False,"VAR softmax [8192,2048] tiles=8 x5 (variance)",softmax_row_tiling,,,,8192,2048,8,1,,32,,665.82,673.679,1.2,151.2,445.985,2392.619,3504.424,100663296,False,,,,447.39,192.6,0.95,,,673.68
db_sweep.log:4728,db_sweep.log,2012d4f,,False,"VAR softmax [8192,2048] tiles=8 x5 (variance)",softmax_row_tiling,,,,8192,2048,8,1,,32,,669.005,673.679,0.7,150.5,487.596,2245.533,3402.134,100663296,False,,,,447.39,192.6,0.95,,,673.68
db_sweep.log:4787,db_sweep.log,2012d4f,,False,"SP softmax COLS=4096 tiles=2: ROWS{6144,8192,10240,12288,16384}",softmax_row_tiling,,,,6144,4096,2,1,,32,,1160.356,1010.518,-12.9,130.1,828.041,3953.439,5941.836,150994944,False,,,,671.09,288.9,0.95,,,1010.52
db_sweep.log:4845,db_sweep.log,2012d4f,,False,"SP softmax COLS=4096 tiles=2: ROWS{6144,8192,10240,12288,16384}",softmax_row_tiling,,,,8192,4096,2,1,,32,,1573.523,1347.358,-14.4,127.9,1144.247,6301.718,9019.488,201326592,False,,,,894.78,385.2,0.95,,,1347.36
db_sweep.log:4903,db_sweep.log,2012d4f,,False,"SP softmax COLS=4096 tiles=2: ROWS{6144,8192,10240,12288,16384}",softmax_row_tiling,,,,10240,4096,2,1,,32,,2020.275,1684.197,-16.6,124.6,1543.502,7834.117,11397.894,251658240,False,,,,1118.48,481.51,0.95,,,1684.2
db_sweep.log:4961,db_sweep.log,2012d4f,,False,"SP softmax COLS=4096 tiles=2: ROWS{6144,8192,10240,12288,16384}",softmax_row_tiling,,,,12288,4096,2,1,,32,,2486.532,2021.036,-18.7,121.5,1803.943,10224.742,14515.217,301989888,False,,,,1342.18,577.81,0.95,,,2021.04
db_sweep.log:5019,db_sweep.log,2012d4f,,False,"SP softmax COLS=4096 tiles=2: ROWS{6144,8192,10240,12288,16384}",softmax_row_tiling,,,,16384,4096,2,1,,32,,9742.581,5860.37,-39.8,75.8,2534.293,16372.253,28649.127,738197504,False,,,,4026.53,1540.82,0.95,,,5860.37
db_sweep.log:5059,db_sweep.log,2012d4f,,False,"SM softmax_row_tiling: TILES{1..32} x COLS{4096,2048} (LX-reuse knee)",softmax_row_tiling,,,,16384,4096,1,1,,32,,9926.551,9860.932,-0.7,108.2,2435.595,16070.307,28432.453,1073741824,False,,,,6263.49,2311.23,,,,9860.93
db_sweep.log:5117,db_sweep.log,2012d4f,,False,"SM softmax_row_tiling: TILES{1..32} x COLS{4096,2048} (LX-reuse knee)",softmax_row_tiling,,,,16384,4096,2,1,,32,,9726.688,5860.37,-39.7,75.9,2522.732,15789.458,28038.878,738197504,False,,,,4026.53,1540.82,0.95,,,5860.37
db_sweep.log:5175,db_sweep.log,2012d4f,,False,"SM softmax_row_tiling: TILES{1..32} x COLS{4096,2048} (LX-reuse knee)",softmax_row_tiling,,,,16384,4096,4,1,,32,,3152.624,2694.715,-14.5,127.7,2342.631,16028.723,21523.978,402653184,False,,,,1789.57,770.41,0.95,,,2694.72
db_sweep.log:5233,db_sweep.log,2012d4f,,False,"SM softmax_row_tiling: TILES{1..32} x COLS{4096,2048} (LX-reuse knee)",softmax_row_tiling,,,,16384,4096,8,1,,32,,2881.832,2694.715,-6.5,139.7,2565.039,13389.769,18836.64,402653184,False,,,,1789.57,770.41,0.95,,,2694.72
db_sweep.log:5291,db_sweep.log,2012d4f,,False,"SM softmax_row_tiling: TILES{1..32} x COLS{4096,2048} (LX-reuse knee)",softmax_row_tiling,,,,16384,4096,16,1,,32,,2654.556,2694.715,1.5,151.7,2405.832,17089.599,22149.987,402653184,False,,,,1789.57,770.41,0.95,,,2694.72
db_sweep.log:5349,db_sweep.log,2012d4f,,False,"SM softmax_row_tiling: TILES{1..32} x COLS{4096,2048} (LX-reuse knee)",softmax_row_tiling,,,,16384,4096,32,1,,32,,2683.17,2694.715,0.4,150.1,2417.209,16063.319,21163.698,402653184,False,,,,1789.57,770.41,0.95,,,2694.72
db_sweep.log:5381,db_sweep.log,2012d4f,,False,"SM softmax_row_tiling: TILES{1..32} x COLS{4096,2048} (LX-reuse knee)",softmax_row_tiling,,,,16384,2048,1,1,,32,,4955.954,4930.466,-0.5,108.3,1087.805,6182.973,12226.732,536870912,False,,,,3131.75,1155.61,,,,4930.47
db_sweep.log:5439,db_sweep.log,2012d4f,,False,"SM softmax_row_tiling: TILES{1..32} x COLS{4096,2048} (LX-reuse knee)",softmax_row_tiling,,,,16384,2048,2,1,,32,,1652.863,1347.358,-18.5,121.8,1133.444,6078.689,8864.996,201326592,False,,,,894.78,385.2,0.95,,,1347.36
db_sweep.log:5497,db_sweep.log,2012d4f,,False,"SM softmax_row_tiling: TILES{1..32} x COLS{4096,2048} (LX-reuse knee)",softmax_row_tiling,,,,16384,2048,4,1,,32,,1529.019,1347.358,-11.9,131.7,1134.062,5991.007,8654.088,201326592,False,,,,894.78,385.2,0.95,,,1347.36
db_sweep.log:5555,db_sweep.log,2012d4f,,False,"SM softmax_row_tiling: TILES{1..32} x COLS{4096,2048} (LX-reuse knee)",softmax_row_tiling,,,,16384,2048,8,1,,32,,1449.57,1347.358,-7.1,138.9,1123.52,6099.79,8672.88,201326592,False,,,,894.78,385.2,0.95,,,1347.36
db_sweep.log:5613,db_sweep.log,2012d4f,,False,"SM softmax_row_tiling: TILES{1..32} x COLS{4096,2048} (LX-reuse knee)",softmax_row_tiling,,,,16384,2048,16,1,,32,,1337.536,1347.358,0.7,150.5,1200.756,5859.238,8397.53,201326592,False,,,,894.78,385.2,0.95,,,1347.36
db_sweep.log:5671,db_sweep.log,2012d4f,,False,"SM softmax_row_tiling: TILES{1..32} x COLS{4096,2048} (LX-reuse knee)",softmax_row_tiling,,,,16384,2048,32,1,,32,,1383.464,1347.358,-2.6,145.5,1581.711,2551.94,5517.115,201326592,False,,,,894.78,385.2,0.95,,,1347.36
db_sweep.log:5693,db_sweep.log,2012d4f,,False,"RD ratio {sumrow,read,neg,add} x ROWS{2048,8192} x COLS{1024,2048,4096}",sumrow,,,,2048,1024,0,0,,32,,30.62,31.214,1.9,145.5,29.727,23.441,83.788,4456448,False,,,,29.71,1.5,,,,31.21
db_sweep.log:5707,db_sweep.log,2012d4f,,False,"RD ratio {sumrow,read,neg,add} x ROWS{2048,8192} x COLS{1024,2048,4096}",read,,,,2048,1024,0,0,,32,,30.068,31.214,3.8,148.2,26.564,23.053,79.685,4456448,False,,,,29.71,1.5,,,,31.21
db_sweep.log:5721,db_sweep.log,2012d4f,,False,"RD ratio {sumrow,read,neg,add} x ROWS{2048,8192} x COLS{1024,2048,4096}",neg,,,,2048,1024,0,0,,32,,78.401,79.999,2.0,107.0,109.943,352.977,541.321,8388608,False,,,,55.92,24.08,,,,80.0
db_sweep.log:5736,db_sweep.log,2012d4f,,False,"RD ratio {sumrow,read,neg,add} x ROWS{2048,8192} x COLS{1024,2048,4096}",add,,,,2048,1024,0,0,,32,,106.929,107.961,1.0,117.7,123.638,401.464,632.031,12582912,False,,,,83.89,24.08,,,,107.96
db_sweep.log:5750,db_sweep.log,2012d4f,,False,"RD ratio {sumrow,read,neg,add} x ROWS{2048,8192} x COLS{1024,2048,4096}",sumrow,,,,2048,2048,0,0,,32,,59.025,59.176,0.3,146.6,28.683,23.65,111.358,8650752,False,,,,57.67,1.5,,,,59.18
db_sweep.log:5764,db_sweep.log,2012d4f,,False,"RD ratio {sumrow,read,neg,add} x ROWS{2048,8192} x COLS{1024,2048,4096}",read,,,,2048,2048,0,0,,32,,59.51,59.176,-0.6,145.4,27.643,22.943,110.096,8650752,False,,,,57.67,1.5,,,,59.18
db_sweep.log:5778,db_sweep.log,2012d4f,,False,"RD ratio {sumrow,read,neg,add} x ROWS{2048,8192} x COLS{1024,2048,4096}",neg,,,,2048,2048,0,0,,32,,160.803,159.999,-0.5,104.3,159.948,507.598,828.349,16777216,False,,,,111.85,48.15,,,,160.0
db_sweep.log:5793,db_sweep.log,2012d4f,,False,"RD ratio {sumrow,read,neg,add} x ROWS{2048,8192} x COLS{1024,2048,4096}",add,,,,2048,2048,0,0,,32,,215.033,215.923,0.4,117.0,187.524,579.376,981.933,25165824,False,,,,167.77,48.15,,,,215.92
db_sweep.log:5807,db_sweep.log,2012d4f,,False,"RD ratio {sumrow,read,neg,add} x ROWS{2048,8192} x COLS{1024,2048,4096}",sumrow,,,,2048,4096,0,0,,32,,111.436,115.1,3.3,152.9,23.131,22.657,157.224,17039360,False,,,,113.6,1.5,,,,115.1
db_sweep.log:5821,db_sweep.log,2012d4f,,False,"RD ratio {sumrow,read,neg,add} x ROWS{2048,8192} x COLS{1024,2048,4096}",read,,,,2048,4096,0,0,,32,,112.762,115.1,2.1,151.1,23.563,22.866,159.191,17039360,False,,,,113.6,1.5,,,,115.1
db_sweep.log:5835,db_sweep.log,2012d4f,,False,"RD ratio {sumrow,read,neg,add} x ROWS{2048,8192} x COLS{1024,2048,4096}",neg,,,,2048,4096,0,0,,32,,318.718,319.997,0.4,105.3,238.575,983.088,1540.381,33554432,False,,,,223.7,96.3,,,,320.0
db_sweep.log:5850,db_sweep.log,2012d4f,,False,"RD ratio {sumrow,read,neg,add} x ROWS{2048,8192} x COLS{1024,2048,4096}",add,,,,2048,4096,0,0,,32,,435.898,431.846,-0.9,115.5,239.671,922.365,1597.934,50331648,False,,,,335.54,96.3,,,,431.85
db_sweep.log:5864,db_sweep.log,2012d4f,,False,"RD ratio {sumrow,read,neg,add} x ROWS{2048,8192} x COLS{1024,2048,4096}",sumrow,,,,8192,1024,0,0,,32,,139.821,124.857,-10.7,127.5,42.648,120.46,302.929,17825792,False,,,,118.84,6.02,,,,124.86
db_sweep.log:5878,db_sweep.log,2012d4f,,False,"RD ratio {sumrow,read,neg,add} x ROWS{2048,8192} x COLS{1024,2048,4096}",read,,,,8192,1024,0,0,,32,,144.747,124.857,-13.7,123.2,46.839,179.778,371.364,17825792,False,,,,118.84,6.02,,,,124.86
db_sweep.log:5892,db_sweep.log,2012d4f,,False,"RD ratio {sumrow,read,neg,add} x ROWS{2048,8192} x COLS{1024,2048,4096}",neg,,,,8192,1024,0,0,,32,,319.336,319.997,0.2,105.1,280.357,884.848,1484.541,33554432,False,,,,223.7,96.3,,,,320.0
db_sweep.log:5907,db_sweep.log,2012d4f,,False,"RD ratio {sumrow,read,neg,add} x ROWS{2048,8192} x COLS{1024,2048,4096}",add,,,,8192,1024,0,0,,32,,446.604,431.846,-3.3,112.7,237.423,990.393,1674.42,50331648,False,,,,335.54,96.3,,,,431.85
db_sweep.log:5921,db_sweep.log,2012d4f,,False,"RD ratio {sumrow,read,neg,add} x ROWS{2048,8192} x COLS{1024,2048,4096}",sumrow,,,,8192,2048,0,0,,32,,276.995,236.706,-14.5,124.9,40.196,183.037,500.228,34603008,False,,,,230.69,6.02,,,,236.71
db_sweep.log:5935,db_sweep.log,2012d4f,,False,"RD ratio {sumrow,read,neg,add} x ROWS{2048,8192} x COLS{1024,2048,4096}",read,,,,8192,2048,0,0,,32,,281.821,236.706,-16.0,122.8,42.929,178.928,503.678,34603008,False,,,,230.69,6.02,,,,236.71
db_sweep.log:5949,db_sweep.log,2012d4f,,False,"RD ratio {sumrow,read,neg,add} x ROWS{2048,8192} x COLS{1024,2048,4096}",neg,,,,8192,2048,0,0,,32,,650.96,639.995,-1.7,103.1,445.178,2292.864,3389.002,67108864,False,,,,447.39,192.6,,,,639.99
db_sweep.log:5964,db_sweep.log,2012d4f,,False,"RD ratio {sumrow,read,neg,add} x ROWS{2048,8192} x COLS{1024,2048,4096}",add,,,,8192,2048,0,0,,32,,913.505,863.691,-5.5,110.2,404.158,2339.171,3656.834,100663296,False,,,,671.09,192.6,,,,863.69
db_sweep.log:5978,db_sweep.log,2012d4f,,False,"RD ratio {sumrow,read,neg,add} x ROWS{2048,8192} x COLS{1024,2048,4096}",sumrow,,,,8192,4096,0,0,,32,,559.691,460.402,-17.7,121.8,61.148,167.857,788.696,68157440,False,,,,454.38,6.02,,,,460.4
db_sweep.log:5992,db_sweep.log,2012d4f,,False,"RD ratio {sumrow,read,neg,add} x ROWS{2048,8192} x COLS{1024,2048,4096}",read,,,,8192,4096,0,0,,32,,545.072,460.402,-15.5,125.0,41.587,178.846,765.505,68157440,False,,,,454.38,6.02,,,,460.4
db_sweep.log:6006,db_sweep.log,2012d4f,,False,"RD ratio {sumrow,read,neg,add} x ROWS{2048,8192} x COLS{1024,2048,4096}",neg,,,,8192,4096,0,0,,32,,1298.854,1279.99,-1.5,103.3,1086.83,6108.108,8493.792,134217728,False,,,,894.78,385.2,,,,1279.99
db_sweep.log:6021,db_sweep.log,2012d4f,,False,"RD ratio {sumrow,read,neg,add} x ROWS{2048,8192} x COLS{1024,2048,4096}",add,,,,8192,4096,0,0,,32,,1832.6,1727.382,-5.7,109.9,1013.351,6577.501,9423.452,201326592,False,,,,1342.18,385.2,,,,1727.38
db_sweep.log:6037,db_sweep.log,2012d4f,,False,"WR write-only anchor: write x ROWS{2048,8192} x COLS{1024,2048}",write,,,,2048,1024,0,0,,32,,32.009,31.24,-2.4,139.3,133.805,391.906,557.72,4458496,False,,,,29.72,1.52,,,,31.24
db_sweep.log:6052,db_sweep.log,2012d4f,,False,"WR write-only anchor: write x ROWS{2048,8192} x COLS{1024,2048}",write,,,,2048,2048,0,0,,32,,59.586,59.227,-0.6,145.2,138.405,481.16,679.151,8654848,False,,,,57.7,1.53,,,,59.23
db_sweep.log:6067,db_sweep.log,2012d4f,,False,"WR write-only anchor: write x ROWS{2048,8192} x COLS{1024,2048}",write,,,,8192,1024,0,0,,32,,133.44,124.883,-6.4,133.6,242.217,992.42,1368.077,17827840,False,,,,118.85,6.03,,,,124.88
db_sweep.log:6082,db_sweep.log,2012d4f,,False,"WR write-only anchor: write x ROWS{2048,8192} x COLS{1024,2048}",write,,,,8192,2048,0,0,,32,,254.958,236.756,-7.1,135.7,398.345,2226.039,2879.342,34607104,False,,,,230.71,6.04,,,,236.76
db_sweep.log:6111,db_sweep.log,2012d4f,,False,"GD peak (compute-dom) M=N=2048 K=4096 cores{4,8,16,32}",mmwd,2048,4096,2048,2048,4096,0,1,,4,17179869184,4020.98,4115.494,2.4,10.4,237.762,614.819,4873.561,41943040,False,,2x2x1,3767.52,288.42,48.15,,1.0,,4115.49
db_sweep.log:6132,db_sweep.log,2012d4f,,False,"GD peak (compute-dom) M=N=2048 K=4096 cores{4,8,16,32}",mmwd,2048,4096,2048,2048,4096,0,1,,8,17179869184,2123.692,2162.046,1.8,19.8,194.773,386.961,2705.426,41943040,False,,2x4x1,1883.76,288.42,48.15,,1.0,,2162.05
db_sweep.log:6153,db_sweep.log,2012d4f,,False,"GD peak (compute-dom) M=N=2048 K=4096 cores{4,8,16,32}",mmwd,2048,4096,2048,2048,4096,0,1,,16,17179869184,1094.525,1150.478,5.1,38.3,226.1,639.999,1960.624,41943040,False,,4x4x1,941.88,288.42,48.15,,1.0,,1150.48
db_sweep.log:6174,db_sweep.log,2012d4f,,False,"GD peak (compute-dom) M=N=2048 K=4096 cores{4,8,16,32}",mmwd,2048,4096,2048,2048,4096,0,1,,32,17179869184,667.995,666.113,-0.3,62.8,206.515,494.717,1369.227,41943040,False,,4x8x1,470.94,288.42,48.15,,1.0,,666.11
db_sweep.log:6196,db_sweep.log,2012d4f,,False,"GH gamma (HBM-dom, spill-free) M=N=512 & 768, K=64, cores{8,16,32}",mmwd,512,64,512,512,64,0,1,,8,16777216,8.446,6.023,-28.7,77.6,73.509,151.232,233.187,655360,False,,2x4x1,1.84,4.28,0.75,,1.0,,6.02
db_sweep.log:6217,db_sweep.log,2012d4f,,False,"GH gamma (HBM-dom, spill-free) M=N=512 & 768, K=64, cores{8,16,32}",mmwd,512,64,512,512,64,0,1,,16,16777216,7.462,5.526,-25.9,87.8,71.734,85.45,164.646,655360,False,,4x4x1,0.92,4.28,0.75,,1.0,,5.53
db_sweep.log:6238,db_sweep.log,2012d4f,,False,"GH gamma (HBM-dom, spill-free) M=N=512 & 768, K=64, cores{8,16,32}",mmwd,512,64,512,512,64,0,1,,32,16777216,5.254,5.278,0.5,124.7,82.666,257.978,345.898,655360,False,,4x8x1,0.46,4.28,0.75,,1.0,,5.28
db_sweep.log:6259,db_sweep.log,2012d4f,,False,"GH gamma (HBM-dom, spill-free) M=N=512 & 768, K=64, cores{8,16,32}",mmwd,768,64,768,768,64,0,1,,8,37748736,14.089,12.3,-12.7,97.7,76.898,413.496,504.483,1376256,False,,2x4x1,4.14,8.94,1.13,,1.0,,12.3
db_sweep.log:6280,db_sweep.log,2012d4f,,False,"GH gamma (HBM-dom, spill-free) M=N=512 & 768, K=64, cores{8,16,32}",mmwd,768,64,768,768,64,0,1,,16,37748736,17.299,11.183,-35.4,79.6,77.595,100.722,195.616,1376256,False,,4x4x1,2.07,8.94,1.13,,1.0,,11.18
db_sweep.log:6282,db_sweep.log,2012d4f,,False,"GH gamma (HBM-dom, spill-free) M=N=512 & 768, K=64, cores{8,16,32}",mmwd,768,64,768,768,64,0,1,,,37748736,,,,,,,,,True,,,,,,,,,
db_sweep.log:6304,db_sweep.log,2012d4f,,False,"BW BW_r/BW_w rank-2 grid: cores=32 (4x8x1), K>=64, tile in [64,448]",mmwd,1792,64,3584,1792,64,0,1,,32,411041792,104.529,97.187,-7.0,129.5,250.802,1261.804,1617.135,13533184,False,,4x8x1,11.27,87.15,3.95,,1.0,,97.19
db_sweep.log:6325,db_sweep.log,2012d4f,,False,"BW BW_r/BW_w rank-2 grid: cores=32 (4x8x1), K>=64, tile in [64,448]",mmwd,1024,128,2048,1024,128,0,1,,32,268435456,31.455,40.874,29.9,158.3,172.523,264.695,468.673,4980736,False,,4x8x1,7.36,32.39,4.51,,1.0,,40.87
db_sweep.log:6346,db_sweep.log,2012d4f,,False,"BW BW_r/BW_w rank-2 grid: cores=32 (4x8x1), K>=64, tile in [64,448]",mmwd,512,512,1024,512,512,0,1,,32,268435456,20.346,27.713,36.2,128.8,126.712,229.383,376.441,2621440,False,,4x8x1,7.36,17.72,6.02,,1.0,,27.71
db_sweep.log:6367,db_sweep.log,2012d4f,,False,"BW BW_r/BW_w rank-2 grid: cores=32 (4x8x1), K>=64, tile in [64,448]",mmwd,1792,2048,512,1792,2048,0,1,,32,1879048192,125.179,116.105,-7.2,90.0,97.951,282.84,505.97,11272192,False,,4x8x1,51.51,77.76,10.53,,1.0,,116.1
db_sweep.log:6388,db_sweep.log,2012d4f,,False,"BW BW_r/BW_w rank-2 grid: cores=32 (4x8x1), K>=64, tile in [64,448]",mmwd,256,2048,512,256,2048,0,1,,32,268435456,26.012,29.157,12.1,131.0,66.744,148.468,241.224,3407872,False,,4x8x1,7.36,23.68,1.5,,1.0,,29.16
db_sweep.log:6417,db_sweep.log,2012d4f,,False,"NP M=2048 K=2048 4x8x1, N{4096..4608 step 64} (per-core tile 512..576)",mmwd,2048,2048,4096,2048,2048,0,1,,32,17179869184,770.332,696.187,-9.6,54.4,333.642,883.219,1987.193,41943040,False,,4x8x1,470.94,283.53,96.3,,1.0,,696.19
db_sweep.log:6419,db_sweep.log,2012d4f,,False,"NP M=2048 K=2048 4x8x1, N{4096..4608 step 64} (per-core tile 512..576)",mmwd,2048,2048,4160,2048,2048,0,1,,,17448304640,,,,,,,,,True,,,,,,,,,
db_sweep.log:6421,db_sweep.log,2012d4f,,False,"NP M=2048 K=2048 4x8x1, N{4096..4608 step 64} (per-core tile 512..576)",mmwd,2048,2048,4224,2048,2048,0,1,,,17716740096,,,,,,,,,True,,,,,,,,,
db_sweep.log:6423,db_sweep.log,2012d4f,,False,"NP M=2048 K=2048 4x8x1, N{4096..4608 step 64} (per-core tile 512..576)",mmwd,2048,2048,4288,2048,2048,0,1,,,17985175552,,,,,,,,,True,,,,,,,,,
db_sweep.log:6425,db_sweep.log,2012d4f,,False,"NP M=2048 K=2048 4x8x1, N{4096..4608 step 64} (per-core tile 512..576)",mmwd,2048,2048,4352,2048,2048,0,1,,,18253611008,,,,,,,,,True,,,,,,,,,
db_sweep.log:6427,db_sweep.log,2012d4f,,False,"NP M=2048 K=2048 4x8x1, N{4096..4608 step 64} (per-core tile 512..576)",mmwd,2048,2048,4416,2048,2048,0,1,,,18522046464,,,,,,,,,True,,,,,,,,,
db_sweep.log:6429,db_sweep.log,2012d4f,,False,"NP M=2048 K=2048 4x8x1, N{4096..4608 step 64} (per-core tile 512..576)",mmwd,2048,2048,4480,2048,2048,0,1,,,18790481920,,,,,,,,,True,,,,,,,,,
db_sweep.log:6431,db_sweep.log,2012d4f,,False,"NP M=2048 K=2048 4x8x1, N{4096..4608 step 64} (per-core tile 512..576)",mmwd,2048,2048,4544,2048,2048,0,1,,,19058917376,,,,,,,,,True,,,,,,,,,
db_sweep.log:6452,db_sweep.log,2012d4f,,False,"NP M=2048 K=2048 4x8x1, N{4096..4608 step 64} (per-core tile 512..576)",mmwd,2048,2048,4608,2048,2048,0,1,,32,19327352832,944.074,791.734,-16.1,48.9,342.347,1152.497,2438.918,46137344,False,,4x8x1,529.81,311.64,108.34,,1.0,,791.73
db_sweep.log:6518,db_sweep.log,2012d4f,,False,"FL softmax vs softmax_noexp @ rpc~32: [8192,2048]t8 [16384,2048]t16 [16384,4096]t16",softmax_row_tiling,,,,8192,2048,8,1,,32,,666.372,673.679,1.1,151.1,523.651,2260.237,3450.26,100663296,False,,,,447.39,192.6,0.95,,,673.68
db_sweep.log:6577,db_sweep.log,2012d4f,,False,"FL softmax vs softmax_noexp @ rpc~32: [8192,2048]t8 [16384,2048]t16 [16384,4096]t16",softmax_noexp_row_tiling,,,,8192,2048,8,1,,32,,640.998,673.68,5.1,157.0,504.883,2378.362,3524.243,100663424,False,,,,447.39,192.6,0.95,,,673.68
db_sweep.log:6635,db_sweep.log,2012d4f,,False,"FL softmax vs softmax_noexp @ rpc~32: [8192,2048]t8 [16384,2048]t16 [16384,4096]t16",softmax_row_tiling,,,,16384,2048,16,1,,32,,1338.599,1347.358,0.7,150.4,2025.681,2924.2,6288.48,201326592,False,,,,894.78,385.2,0.95,,,1347.36
db_sweep.log:6694,db_sweep.log,2012d4f,,False,"FL softmax vs softmax_noexp @ rpc~32: [8192,2048]t8 [16384,2048]t16 [16384,4096]t16",softmax_noexp_row_tiling,,,,16384,2048,16,1,,32,,1283.996,1347.359,4.9,156.8,1214.825,5982.961,8481.782,201326720,False,,,,894.79,385.2,0.95,,,1347.36
db_sweep.log:6752,db_sweep.log,2012d4f,,False,"FL softmax vs softmax_noexp @ rpc~32: [8192,2048]t8 [16384,2048]t16 [16384,4096]t16",softmax_row_tiling,,,,16384,4096,16,1,,32,,2638.337,2694.715,2.1,152.6,2666.431,13783.722,19088.49,402653184,False,,,,1789.57,770.41,0.95,,,2694.72
db_sweep.log:6811,db_sweep.log,2012d4f,,False,"FL softmax vs softmax_noexp @ rpc~32: [8192,2048]t8 [16384,2048]t16 [16384,4096]t16",softmax_noexp_row_tiling,,,,16384,4096,16,1,,32,,2544.515,2694.716,5.9,158.2,2424.674,16010.232,20979.421,402653312,False,,,,1789.57,770.41,0.95,,,2694.72
db_sweep.log:6826,db_sweep.log,2012d4f,,False,"RF neg/copy untiled at floor shapes (raw-BW ceiling ref, confounded)",neg,,,,8192,2048,0,0,,32,,647.889,639.995,-1.2,103.6,419.627,2296.541,3364.057,67108864,False,,,,447.39,192.6,,,,639.99
db_sweep.log:6841,db_sweep.log,2012d4f,,False,"RF neg/copy untiled at floor shapes (raw-BW ceiling ref, confounded)",copy,,,,8192,2048,0,0,,32,,604.254,639.996,5.9,111.1,422.431,2186.954,3213.639,67108992,False,,,,447.39,192.6,,,,640.0
db_sweep.log:6855,db_sweep.log,2012d4f,,False,"RF neg/copy untiled at floor shapes (raw-BW ceiling ref, confounded)",neg,,,,16384,2048,0,0,,32,,1319.216,1279.99,-3.0,101.7,1099.405,6081.259,8499.88,134217728,False,,,,894.78,385.2,,,,1279.99
db_sweep.log:6870,db_sweep.log,2012d4f,,False,"RF neg/copy untiled at floor shapes (raw-BW ceiling ref, confounded)",copy,,,,16384,2048,0,0,,32,,1230.758,1279.991,4.0,109.1,1105.216,5921.636,8257.61,134217856,False,,,,894.79,385.2,,,,1279.99
db_sweep.log:6884,db_sweep.log,2012d4f,,False,"RF neg/copy untiled at floor shapes (raw-BW ceiling ref, confounded)",neg,,,,16384,4096,0,0,,32,,2628.307,2559.979,-2.6,102.1,2252.162,17863.143,22743.612,268435456,False,,,,1789.57,770.41,,,,2559.98
db_sweep.log:6899,db_sweep.log,2012d4f,,False,"RF neg/copy untiled at floor shapes (raw-BW ceiling ref, confounded)",copy,,,,16384,4096,0,0,,32,,2472.966,2559.98,3.5,108.5,2336.409,16454.557,21263.932,268435584,False,,,,1789.57,770.41,,,,2559.98
grand_sweep_20260619_061756.log:15,grand_sweep_20260619_061756.log,3966ebf,20260619_061756,False,"P1a broadcast one-time-load (FIG1; cores=32, vary ROWS, C=16384)",bcast,,,,64,16384,0,1,,32,,31.268,40.218,28.6,135.2,56.66,304.319,392.247,4227072,False,,,,28.18,12.04,,,,40.22
grand_sweep_20260619_061756.log:27,grand_sweep_20260619_061756.log,3966ebf,20260619_061756,False,"P1a broadcast one-time-load (FIG1; cores=32, vary ROWS, C=16384)",bcastcol,,,,64,16384,0,1,,32,,33.02,40.054,21.3,127.3,35.678,288.208,356.906,4202496,False,,,,28.02,12.04,,,,40.05
grand_sweep_20260619_061756.log:39,grand_sweep_20260619_061756.log,3966ebf,20260619_061756,False,"P1a broadcast one-time-load (FIG1; cores=32, vary ROWS, C=16384)",add,,,,64,16384,0,1,,32,,51.316,53.981,5.2,122.6,54.938,248.666,354.92,6291456,False,,,,41.94,12.04,,,,53.98
grand_sweep_20260619_061756.log:51,grand_sweep_20260619_061756.log,3966ebf,20260619_061756,False,"P1a broadcast one-time-load (FIG1; cores=32, vary ROWS, C=16384)",bcast,,,,128,16384,0,1,,32,,66.349,80.218,20.9,126.9,62.33,377.441,506.12,8421376,False,,,,56.14,24.08,,,,80.22
grand_sweep_20260619_061756.log:63,grand_sweep_20260619_061756.log,3966ebf,20260619_061756,False,"P1a broadcast one-time-load (FIG1; cores=32, vary ROWS, C=16384)",bcastcol,,,,128,16384,0,1,,32,,79.32,80.109,1.0,106.0,78.439,370.815,528.574,8404992,False,,,,56.03,24.08,,,,80.11
grand_sweep_20260619_061756.log:75,grand_sweep_20260619_061756.log,3966ebf,20260619_061756,False,"P1a broadcast one-time-load (FIG1; cores=32, vary ROWS, C=16384)",add,,,,128,16384,0,1,,32,,106.532,107.961,1.3,118.1,80.339,332.608,519.479,12582912,False,,,,83.89,24.08,,,,107.96
grand_sweep_20260619_061756.log:87,grand_sweep_20260619_061756.log,3966ebf,20260619_061756,False,"P1a broadcast one-time-load (FIG1; cores=32, vary ROWS, C=16384)",bcast,,,,256,16384,0,1,,32,,188.082,160.217,-14.8,89.4,130.582,459.431,778.095,16809984,False,,,,112.07,48.15,,,,160.22
grand_sweep_20260619_061756.log:99,grand_sweep_20260619_061756.log,3966ebf,20260619_061756,False,"P1a broadcast one-time-load (FIG1; cores=32, vary ROWS, C=16384)",bcastcol,,,,256,16384,0,1,,32,,148.768,160.217,7.7,113.0,137.673,461.104,747.545,16809984,False,,,,112.07,48.15,,,,160.22
grand_sweep_20260619_061756.log:111,grand_sweep_20260619_061756.log,3966ebf,20260619_061756,False,"P1a broadcast one-time-load (FIG1; cores=32, vary ROWS, C=16384)",add,,,,256,16384,0,1,,32,,271.704,215.923,-20.5,92.6,133.439,472.626,877.769,25165824,False,,,,167.77,48.15,,,,215.92
grand_sweep_20260619_061756.log:123,grand_sweep_20260619_061756.log,3966ebf,20260619_061756,False,"P1b BW size-sweep (FIG2 anchor; neg, rows=2048)",neg,,,,2048,1024,0,1,,-,,78.164,79.999,2.3,107.3,78.756,358.221,515.141,8388608,False,,,,55.92,24.08,,,,80.0
grand_sweep_20260619_061756.log:134,grand_sweep_20260619_061756.log,3966ebf,20260619_061756,False,"P1b BW size-sweep (FIG2 anchor; neg, rows=2048)",neg,,,,2048,2048,0,1,,-,,158.084,159.999,1.2,106.1,129.347,492.855,780.286,16777216,False,,,,111.85,48.15,,,,160.0
grand_sweep_20260619_061756.log:145,grand_sweep_20260619_061756.log,3966ebf,20260619_061756,False,"P1b BW size-sweep (FIG2 anchor; neg, rows=2048)",neg,,,,2048,4096,0,1,,-,,319.658,319.997,0.1,105.0,240.446,884.648,1444.752,33554432,False,,,,223.7,96.3,,,,320.0
grand_sweep_20260619_061756.log:156,grand_sweep_20260619_061756.log,3966ebf,20260619_061756,False,"P1b BW size-sweep (FIG2 anchor; neg, rows=2048)",neg,,,,2048,8192,0,1,,-,,647.659,639.995,-1.2,103.6,416.902,2147.197,3211.758,67108864,False,,,,447.39,192.6,,,,639.99
grand_sweep_20260619_061756.log:168,grand_sweep_20260619_061756.log,3966ebf,20260619_061756,False,P1c read/write V-shape (FIG2; turnaround),read,,,,2048,4096,0,1,,-,,110.931,115.1,3.8,153.6,22.283,16.099,149.313,17039360,False,,,,113.6,1.5,,,,115.1
grand_sweep_20260619_061756.log:179,grand_sweep_20260619_061756.log,3966ebf,20260619_061756,False,P1c read/write V-shape (FIG2; turnaround),neg,,,,2048,4096,0,1,,-,,317.64,319.997,0.7,105.6,253.841,837.527,1409.008,33554432,False,,,,223.7,96.3,,,,320.0
grand_sweep_20260619_061756.log:191,grand_sweep_20260619_061756.log,3966ebf,20260619_061756,False,P1c read/write V-shape (FIG2; turnaround),mul,,,,2048,4096,0,1,,-,,436.902,431.846,-1.2,115.2,257.578,847.288,1541.768,50331648,False,,,,335.54,96.3,,,,431.85
grand_sweep_20260619_061756.log:207,grand_sweep_20260619_061756.log,3966ebf,20260619_061756,False,P1c read/write V-shape (FIG2; turnaround),add3,,,,2048,4096,0,1,,-,,587.457,543.694,-7.4,114.2,255.6,841.752,1684.809,67108864,False,,,,447.39,96.3,,,,543.69
grand_sweep_20260619_061756.log:227,grand_sweep_20260619_061756.log,3966ebf,20260619_061756,False,P1c read/write V-shape (FIG2; turnaround),add4,,,,2048,4096,0,1,,-,,686.612,655.542,-4.5,122.2,299.286,773.561,1759.459,83886080,False,,,,559.24,96.3,,,,655.54
grand_sweep_20260619_061756.log:239,grand_sweep_20260619_061756.log,3966ebf,20260619_061756,False,P1c read/write V-shape (FIG2; turnaround),write,,,,2048,4096,0,1,,-,,152.865,115.202,-24.6,111.5,253.467,837.401,1243.733,17047552,False,,,,113.65,1.55,,,,115.2
grand_sweep_20260619_061756.log:250,grand_sweep_20260619_061756.log,3966ebf,20260619_061756,False,P1c read/write V-shape (FIG2; turnaround),read,,,,2048,8192,0,1,,-,,218.556,226.949,3.8,154.7,20.918,14.99,254.464,33816576,False,,,,225.44,1.5,,,,226.95
grand_sweep_20260619_061756.log:261,grand_sweep_20260619_061756.log,3966ebf,20260619_061756,False,P1c read/write V-shape (FIG2; turnaround),neg,,,,2048,8192,0,1,,-,,648.75,639.995,-1.3,103.4,419.654,2148.685,3217.089,67108864,False,,,,447.39,192.6,,,,639.99
grand_sweep_20260619_061756.log:273,grand_sweep_20260619_061756.log,3966ebf,20260619_061756,False,P1c read/write V-shape (FIG2; turnaround),write,,,,2048,8192,0,1,,-,,497.957,227.152,-54.4,67.9,416.638,2128.474,3043.069,33832960,False,,,,225.55,1.6,,,,227.15
grand_sweep_20260619_061756.log:285,grand_sweep_20260619_061756.log,3966ebf,20260619_061756,False,P1d reductions (FIG2 read-only + sumcol),sumrow,,,,2048,4096,0,1,,-,,110.791,115.1,3.9,153.8,20.965,15.015,146.771,17039360,False,,,,113.6,1.5,,,,115.1
grand_sweep_20260619_061756.log:296,grand_sweep_20260619_061756.log,3966ebf,20260619_061756,False,P1d reductions (FIG2 read-only + sumcol),sumcol,,,,2048,4096,0,1,,-,,145.173,111.95,-22.9,115.6,10.224,8.276,163.673,16785408,False,,,,111.9,0.05,,,,111.95
grand_sweep_20260619_061756.log:307,grand_sweep_20260619_061756.log,3966ebf,20260619_061756,False,P1d reductions (FIG2 read-only + sumcol),amax,,,,2048,4096,0,1,,-,,111.39,115.1,3.3,153.0,25.621,14.99,152.001,17039360,False,,,,113.6,1.5,,,,115.1
grand_sweep_20260619_061756.log:309,grand_sweep_20260619_061756.log,3966ebf,20260619_061756,False,"P2a coarse-tile K-sweep (ctsum, B=2048 D=512; LX off+on)",ctsum,,,,,,2,0,,,,,,,,,,,,True,,,,,,,,,
grand_sweep_20260619_061756.log:310,grand_sweep_20260619_061756.log,3966ebf,20260619_061756,False,"P2a coarse-tile K-sweep (ctsum, B=2048 D=512; LX off+on)",ctsum,,,,,,2,1,,,,,,,,,,,,True,,,,,,,,,
grand_sweep_20260619_061756.log:311,grand_sweep_20260619_061756.log,3966ebf,20260619_061756,False,"P2a coarse-tile K-sweep (ctsum, B=2048 D=512; LX off+on)",ctsum,,,,,,4,0,,,,,,,,,,,,True,,,,,,,,,
grand_sweep_20260619_061756.log:312,grand_sweep_20260619_061756.log,3966ebf,20260619_061756,False,"P2a coarse-tile K-sweep (ctsum, B=2048 D=512; LX off+on)",ctsum,,,,,,4,1,,,,,,,,,,,,True,,,,,,,,,
grand_sweep_20260619_061756.log:313,grand_sweep_20260619_061756.log,3966ebf,20260619_061756,False,"P2a coarse-tile K-sweep (ctsum, B=2048 D=512; LX off+on)",ctsum,,,,,,8,0,,,,,,,,,,,,True,,,,,,,,,
grand_sweep_20260619_061756.log:314,grand_sweep_20260619_061756.log,3966ebf,20260619_061756,False,"P2a coarse-tile K-sweep (ctsum, B=2048 D=512; LX off+on)",ctsum,,,,,,8,1,,,,,,,,,,,,True,,,,,,,,,
grand_sweep_20260619_061756.log:315,grand_sweep_20260619_061756.log,3966ebf,20260619_061756,False,"P2a coarse-tile K-sweep (ctsum, B=2048 D=512; LX off+on)",ctsum,,,,,,16,0,,,,,,,,,,,,True,,,,,,,,,
grand_sweep_20260619_061756.log:316,grand_sweep_20260619_061756.log,3966ebf,20260619_061756,False,"P2a coarse-tile K-sweep (ctsum, B=2048 D=512; LX off+on)",ctsum,,,,,,16,1,,,,,,,,,,,,True,,,,,,,,,
grand_sweep_20260619_061756.log:318,grand_sweep_20260619_061756.log,3966ebf,20260619_061756,False,"P2b coarse-tile op coverage (ctamax, ctamin; K=8)",ctamax,,,,,,8,0,,,,,,,,,,,,True,,,,,,,,,
grand_sweep_20260619_061756.log:319,grand_sweep_20260619_061756.log,3966ebf,20260619_061756,False,"P2b coarse-tile op coverage (ctamax, ctamin; K=8)",ctamax,,,,,,8,1,,,,,,,,,,,,True,,,,,,,,,
grand_sweep_20260619_061756.log:320,grand_sweep_20260619_061756.log,3966ebf,20260619_061756,False,"P2b coarse-tile op coverage (ctamax, ctamin; K=8)",ctamin,,,,,,8,0,,,,,,,,,,,,True,,,,,,,,,
grand_sweep_20260619_061756.log:321,grand_sweep_20260619_061756.log,3966ebf,20260619_061756,False,"P2b coarse-tile op coverage (ctamax, ctamin; K=8)",ctamin,,,,,,8,1,,,,,,,,,,,,True,,,,,,,,,
grand_sweep_20260619_061756.log:323,grand_sweep_20260619_061756.log,3966ebf,20260619_061756,False,"P2c coarse-tile D-sweep (ctsum K=8, LX off, B=2048)",ctsum,,,,,,8,0,,,,,,,,,,,,True,,,,,,,,,
grand_sweep_20260619_061756.log:324,grand_sweep_20260619_061756.log,3966ebf,20260619_061756,False,"P2c coarse-tile D-sweep (ctsum K=8, LX off, B=2048)",ctsum,,,,,,8,0,,,,,,,,,,,,True,,,,,,,,,
grand_sweep_20260619_061756.log:325,grand_sweep_20260619_061756.log,3966ebf,20260619_061756,False,"P2c coarse-tile D-sweep (ctsum K=8, LX off, B=2048)",ctsum,,,,,,8,0,,,,,,,,,,,,True,,,,,,,,,
grand_sweep_20260619_061756.log:337,grand_sweep_20260619_061756.log,3966ebf,20260619_061756,False,P2d untiled reduction baselines (B=2048 D=512),ctsum,,,,2048,512,1,0,,-,,16.455,13.994,-15.0,127.5,11.249,6.539,34.243,2098176,False,,,,13.99,0.01,,,,13.99
grand_sweep_20260619_061756.log:348,grand_sweep_20260619_061756.log,3966ebf,20260619_061756,False,P2d untiled reduction baselines (B=2048 D=512),ctamax,,,,2048,512,1,0,,-,,16.326,13.994,-14.3,128.5,10.376,8.279,34.981,2098176,False,,,,13.99,0.01,,,,13.99
grand_sweep_20260619_061756.log:359,grand_sweep_20260619_061756.log,3966ebf,20260619_061756,False,P2d untiled reduction baselines (B=2048 D=512),ctamin,,,,2048,512,1,0,,-,,17.042,13.994,-17.9,123.1,11.354,6.54,34.936,2098176,False,,,,13.99,0.01,,,,13.99
grand_sweep_20260619_151132.log:22,grand_sweep_20260619_151132.log,3120bdc,20260619_151132,False,"P2a coarse-tile K-sweep (ctsum, B=2048 D=512; LX off+on)",ctsum,,,,2048,512,2,0,,-,,18.488,14.073,-23.9,113.9,57.718,79.758,155.964,2106496,False,,,,14.04,0.03,,,0.0,14.07
grand_sweep_20260619_151132.log:41,grand_sweep_20260619_151132.log,3120bdc,20260619_151132,False,"P2a coarse-tile K-sweep (ctsum, B=2048 D=512; LX off+on)",ctsum,,,,2048,512,2,1,,-,,17.839,14.073,-21.1,118.1,60.377,78.043,156.259,2106496,False,,,,14.04,0.03,,,0.0,14.07
grand_sweep_20260619_151132.log:60,grand_sweep_20260619_151132.log,3120bdc,20260619_151132,False,"P2a coarse-tile K-sweep (ctsum, B=2048 D=512; LX off+on)",ctsum,,,,2048,512,4,0,,-,,19.393,14.151,-27.0,109.0,61.056,90.821,171.27,2114688,False,,,,14.1,0.05,,,0.0,14.15
grand_sweep_20260619_151132.log:79,grand_sweep_20260619_151132.log,3120bdc,20260619_151132,False,"P2a coarse-tile K-sweep (ctsum, B=2048 D=512; LX off+on)",ctsum,,,,2048,512,4,1,,-,,19.168,14.151,-26.2,110.3,59.3,156.623,235.091,2114688,False,,,,14.1,0.05,,,0.0,14.15
grand_sweep_20260619_151132.log:98,grand_sweep_20260619_151132.log,3120bdc,20260619_151132,False,"P2a coarse-tile K-sweep (ctsum, B=2048 D=512; LX off+on)",ctsum,,,,2048,512,8,0,,-,,22.252,14.307,-35.7,95.8,63.305,182.464,268.021,2131072,False,,,,14.21,0.1,,,0.0,14.31
grand_sweep_20260619_151132.log:117,grand_sweep_20260619_151132.log,3120bdc,20260619_151132,False,"P2a coarse-tile K-sweep (ctsum, B=2048 D=512; LX off+on)",ctsum,,,,2048,512,8,1,,-,,22.91,14.307,-37.6,93.0,60.934,146.378,230.222,2131072,False,,,,14.21,0.1,,,0.0,14.31
grand_sweep_20260619_151132.log:136,grand_sweep_20260619_151132.log,3120bdc,20260619_151132,False,"P2a coarse-tile K-sweep (ctsum, B=2048 D=512; LX off+on)",ctsum,,,,2048,512,16,0,,-,,30.476,14.62,-52.0,71.0,69.012,189.232,288.72,2163840,False,,,,14.43,0.19,,,0.0,14.62
grand_sweep_20260619_151132.log:155,grand_sweep_20260619_151132.log,3120bdc,20260619_151132,False,"P2a coarse-tile K-sweep (ctsum, B=2048 D=512; LX off+on)",ctsum,,,,2048,512,16,1,,-,,30.684,14.62,-52.4,70.5,77.055,190.689,298.428,2163840,False,,,,14.43,0.19,,,0.0,14.62
grand_sweep_20260619_151132.log:175,grand_sweep_20260619_151132.log,3120bdc,20260619_151132,False,"P2b coarse-tile op coverage (ctamax, ctamin; K=8)",ctamax,,,,2048,512,8,0,,-,,22.754,14.307,-37.1,93.7,68.737,93.414,184.905,2131072,False,,,,14.21,0.1,,,0.0,14.31
grand_sweep_20260619_151132.log:194,grand_sweep_20260619_151132.log,3120bdc,20260619_151132,False,"P2b coarse-tile op coverage (ctamax, ctamin; K=8)",ctamax,,,,2048,512,8,1,,-,,23.023,14.307,-37.9,92.6,64.298,181.737,269.058,2131072,False,,,,14.21,0.1,,,0.0,14.31
grand_sweep_20260619_151132.log:213,grand_sweep_20260619_151132.log,3120bdc,20260619_151132,False,"P2b coarse-tile op coverage (ctamax, ctamin; K=8)",ctamin,,,,2048,512,8,0,,-,,22.97,14.307,-37.7,92.8,62.743,173.384,259.097,2131072,False,,,,14.21,0.1,,,0.0,14.31
grand_sweep_20260619_151132.log:232,grand_sweep_20260619_151132.log,3120bdc,20260619_151132,False,"P2b coarse-tile op coverage (ctamax, ctamin; K=8)",ctamin,,,,2048,512,8,1,,-,,23.094,14.307,-38.0,92.3,478.373,171.606,673.073,2131072,False,,,,14.21,0.1,,,0.0,14.31
grand_sweep_20260619_151132.log:252,grand_sweep_20260619_151132.log,3120bdc,20260619_151132,False,"P2c coarse-tile D-sweep (ctsum K=8, LX off, B=2048)",ctsum,,,,2048,64,8,0,,-,,11.874,1.789,-84.9,22.4,69.427,137.94,219.241,266496,False,,,,1.78,0.01,,,0.0,1.79
grand_sweep_20260619_151132.log:271,grand_sweep_20260619_151132.log,3120bdc,20260619_151132,False,"P2c coarse-tile D-sweep (ctsum K=8, LX off, B=2048)",ctsum,,,,2048,256,8,0,,-,,15.081,7.154,-52.6,70.7,63.554,83.858,162.493,1065600,False,,,,7.1,0.05,,,0.0,7.15
grand_sweep_20260619_151132.log:290,grand_sweep_20260619_151132.log,3120bdc,20260619_151132,False,"P2c coarse-tile D-sweep (ctsum K=8, LX off, B=2048)",ctsum,,,,2048,1024,8,0,,-,,40.198,28.613,-28.8,106.0,57.954,169.959,268.111,4262016,False,,,,28.41,0.2,,,0.0,28.61
grand_sweep_20260619_151132.log:302,grand_sweep_20260619_151132.log,3120bdc,20260619_151132,False,P2d untiled reduction baselines (B=2048 D=512),ctsum,,,,2048,512,1,0,,-,,16.505,13.994,-15.2,127.1,10.983,8.518,36.006,2098176,False,,,,13.99,0.01,,,,13.99
grand_sweep_20260619_151132.log:313,grand_sweep_20260619_151132.log,3120bdc,20260619_151132,False,P2d untiled reduction baselines (B=2048 D=512),ctamax,,,,2048,512,1,0,,-,,16.963,13.994,-17.5,123.7,11.187,114.108,142.258,2098176,False,,,,13.99,0.01,,,,13.99
grand_sweep_20260619_151132.log:324,grand_sweep_20260619_151132.log,3120bdc,20260619_151132,False,P2d untiled reduction baselines (B=2048 D=512),ctamin,,,,2048,512,1,0,,-,,15.855,13.994,-11.7,132.3,11.669,6.35,33.874,2098176,False,,,,13.99,0.01,,,,13.99
ir_ops_20260702_125522.log:115,ir_ops_20260702_125522.log,,20260702_125522,False,,transpose,,,,512,1024,0,1,,32,,17.951,20.0,11.4,116.8,42.501,168.111,228.563,2097152,False,,,,13.98,6.02,,,,20.0
ir_ops_20260702_125522.log:232,ir_ops_20260702_125522.log,,20260702_125522,False,,cat0,,,,512,1024,0,1,,32,,32.76,26.99,-17.6,96.0,66.28,263.741,362.781,3145728,False,,,,20.97,6.02,,,,26.99
ir_ops_20260702_125522.log:349,ir_ops_20260702_125522.log,,20260702_125522,False,,cat1,,,,512,1024,0,1,,32,,28.1,26.99,-3.9,111.9,69.177,250.808,348.085,3145728,False,,,,20.97,6.02,,,,26.99
ir_ops_20260702_125522.log:469,ir_ops_20260702_125522.log,,20260702_125522,False,,sumcol,,,,512,1024,0,1,,32,,9.303,7.016,-24.6,112.9,17.547,14.119,40.969,1050624,False,,,,7.0,0.01,,,,7.02
matmul_validate_20260630_233956.log:45,matmul_validate_20260630_233956.log,43efa39,20260630_233956,False,M1 HBM compute-free (write-dom thin-K + read-dom thin-M),mmwd,2048,16,2048,2048,16,0,1,,32,67108864,64.965,69.354,6.8,148.3,202.537,472.229,739.731,9633920,False,4x8x1,4x8x1,1.37,64.23,3.76,,1.0,,69.35
matmul_validate_20260630_233956.log:86,matmul_validate_20260630_233956.log,43efa39,20260630_233956,False,M1 HBM compute-free (write-dom thin-K + read-dom thin-M),mmwd,2048,32,2048,2048,32,0,1,,32,134217728,71.238,72.782,2.2,138.0,187.888,394.299,653.425,9830528,False,4x8x1,4x8x1,2.73,65.54,4.51,,1.0,,72.78
matmul_validate_20260630_233956.log:106,matmul_validate_20260630_233956.log,43efa39,20260630_233956,False,M1 HBM compute-free (write-dom thin-K + read-dom thin-M),mmwd,2048,64,2048,2048,64,0,1,,32,268435456,56.478,67.89,20.2,157.8,201.68,503.751,761.909,8912896,False,4x8x1,4x8x1,5.46,59.42,3.01,,1.0,,67.89
matmul_validate_20260630_233956.log:109,matmul_validate_20260630_233956.log,43efa39,20260630_233956,False,M1 HBM compute-free (write-dom thin-K + read-dom thin-M),,4096,32,2048,,,,,,,,,,,,,,,,True,,,,,,,,,
matmul_validate_20260630_233956.log:150,matmul_validate_20260630_233956.log,43efa39,20260630_233956,False,M1 HBM compute-free (write-dom thin-K + read-dom thin-M),mmwd,4096,32,4096,4096,32,0,1,,32,536870912,259.144,262.873,1.4,140.6,511.673,2310.992,3081.809,36438144,False,4x8x1,4x8x1,10.92,242.92,9.03,,1.0,,262.87
matmul_validate_20260630_233956.log:171,matmul_validate_20260630_233956.log,43efa39,20260630_233956,False,M1 HBM compute-free (write-dom thin-K + read-dom thin-M),mmwd,32,4096,4096,32,4096,0,1,,32,536870912,261.265,242.618,-7.1,130.4,71.341,160.787,493.393,34078720,False,1x32x1,1x32x1,13.92,227.19,1.5,,0.785,,242.62
matmul_validate_20260630_233956.log:191,matmul_validate_20260630_233956.log,43efa39,20260630_233956,False,M1 HBM compute-free (write-dom thin-K + read-dom thin-M),mmwd,64,4096,4096,64,4096,0,1,,32,1073741824,277.138,255.541,-7.8,124.9,75.871,218.078,571.087,34603008,False,1x32x1,1x32x1,21.85,230.69,3.01,,1.0,,255.54
matmul_validate_20260630_233956.log:212,matmul_validate_20260630_233956.log,43efa39,20260630_233956,False,M1 HBM compute-free (write-dom thin-K + read-dom thin-M),mmwd,64,4096,2048,64,4096,0,1,,32,536870912,126.883,129.518,2.1,138.4,61.84,165.782,354.505,17563648,False,1x32x1,1x32x1,10.92,117.09,1.5,,1.0,,129.52
matmul_validate_20260630_233956.log:234,matmul_validate_20260630_233956.log,43efa39,20260630_233956,False,M2 compute + re-read (compute-heavy),mmwd,4096,2048,2048,4096,2048,0,1,,32,17179869184,841.83,725.447,-13.8,49.8,246.809,957.202,2045.841,41943040,False,8x4x1,8x4x1,349.53,279.62,96.3,,1.0,,725.45
matmul_validate_20260630_233956.log:254,matmul_validate_20260630_233956.log,43efa39,20260630_233956,False,M2 compute + re-read (compute-heavy),mmwd,4096,2048,2048,4096,2048,0,1,,16,17179869184,1401.3,1074.972,-23.3,29.9,279.617,906.878,2587.795,41943040,False,8x2x1,8x2x1,699.05,279.62,96.3,,1.0,,1074.97
matmul_validate_20260630_233956.log:274,matmul_validate_20260630_233956.log,43efa39,20260630_233956,False,M2 compute + re-read (compute-heavy),mmwd,4096,2048,2048,4096,2048,0,1,,8,17179869184,2116.695,1774.023,-16.2,19.8,292.302,1039.324,3448.321,41943040,False,4x2x1,4x2x1,1398.1,279.62,96.3,,1.0,,1774.02
matmul_validate_20260630_233956.log:294,matmul_validate_20260630_233956.log,43efa39,20260630_233956,False,M2 compute + re-read (compute-heavy),mmwd,4096,2048,2048,4096,2048,0,1,,4,17179869184,4029.065,3172.124,-21.3,10.4,280.102,823.617,5132.784,41943040,False,2x2x1,2x2x1,2796.2,279.62,96.3,,1.0,,3172.12
matmul_validate_20260630_233956.log:315,matmul_validate_20260630_233956.log,43efa39,20260630_233956,False,M2 compute + re-read (compute-heavy),mmwd,4096,2048,2048,4096,2048,0,1,,32,17179869184,811.541,725.447,-10.6,51.7,333.103,1076.464,2221.108,41943040,False,4x8x1,4x8x1,349.53,279.62,96.3,,1.0,,725.45
matmul_validate_20260630_233956.log:335,matmul_validate_20260630_233956.log,43efa39,20260630_233956,False,M2 compute + re-read (compute-heavy),mmwd,4096,2048,2048,4096,2048,0,1,,32,17179869184,1217.644,725.447,-40.4,34.4,328.682,880.579,2426.905,41943040,False,16x2x1,16x2x1,349.53,279.62,96.3,,1.0,,725.45
matmul_validate_20260630_233956.log:355,matmul_validate_20260630_233956.log,43efa39,20260630_233956,False,M2 compute + re-read (compute-heavy),mmwd,4096,2048,2048,4096,2048,0,1,,32,17179869184,810.984,725.447,-10.5,51.7,310.865,804.775,1926.624,41943040,False,2x16x1,2x16x1,349.53,279.62,96.3,,1.0,,725.45
matmul_validate_20260630_233956.log:376,matmul_validate_20260630_233956.log,43efa39,20260630_233956,False,M2 compute + re-read (compute-heavy),mmwd,2048,2048,2048,2048,2048,0,1,,4,8589934592,2017.995,1614.024,-20.0,12.5,209.215,446.884,2674.094,25165824,False,2x2x1,2x2x1,1398.1,167.77,48.15,,1.0,,1614.02
matmul_validate_20260630_233956.log:396,matmul_validate_20260630_233956.log,43efa39,20260630_233956,False,M2 compute + re-read (compute-heavy),mmwd,2048,4096,2048,2048,4096,0,1,,4,17179869184,4020.705,3123.974,-22.3,10.4,148.473,778.908,4948.086,41943040,False,2x2x1,2x2x1,2796.2,279.62,48.15,,1.0,,3123.97
matmul_validate_20260630_233956.log:416,matmul_validate_20260630_233956.log,43efa39,20260630_233956,False,M2 compute + re-read (compute-heavy),mmwd,2048,2048,4096,2048,2048,0,1,,4,17179869184,4025.973,3172.124,-21.2,10.4,306.594,1049.57,5382.137,41943040,False,2x2x1,2x2x1,2796.2,279.62,96.3,,1.0,,3172.12
matmul_validate_20260630_233956.log:438,matmul_validate_20260630_233956.log,43efa39,20260630_233956,False,M3 psum (k-sweep; K- and M*N-dependence),mmwd,2048,2048,2048,2048,2048,0,1,,32,8589934592,388.482,390.685,0.6,64.8,205.497,604.757,1198.736,25165824,False,8x4x1,8x4x1,174.76,167.77,48.15,,1.0,,390.69
matmul_validate_20260630_233956.log:458,matmul_validate_20260630_233956.log,43efa39,20260630_233956,False,M3 psum (k-sweep; K- and M*N-dependence),mmwd,2048,2048,2048,2048,2048,0,1,,32,8589934592,570.972,977.888,71.3,44.1,230.147,501.796,1302.915,25165824,False,4x4x2,4x4x2,174.76,167.77,48.15,,1.0,,977.89
matmul_validate_20260630_233956.log:478,matmul_validate_20260630_233956.log,43efa39,20260630_233956,False,M3 psum (k-sweep; K- and M*N-dependence),mmwd,2048,2048,2048,2048,2048,0,1,,32,8589934592,696.029,2152.293,209.2,36.2,240.106,368.672,1304.807,25165824,False,4x2x4,4x2x4,174.76,167.77,48.15,,1.0,,2152.29
matmul_validate_20260630_233956.log:498,matmul_validate_20260630_233956.log,43efa39,20260630_233956,False,M3 psum (k-sweep; K- and M*N-dependence),mmwd,2048,2048,2048,2048,2048,0,1,,32,8589934592,786.717,4501.103,472.1,32.0,262.811,366.209,1415.737,25165824,False,2x2x8,2x2x8,174.76,167.77,48.15,,1.0,,4501.1
matmul_validate_20260630_233956.log:519,matmul_validate_20260630_233956.log,43efa39,20260630_233956,False,M3 psum (k-sweep; K- and M*N-dependence),mmwd,2048,4096,2048,2048,4096,0,1,,32,17179869184,675.468,677.296,0.3,62.1,249.255,369.449,1294.172,41943040,False,8x4x1,8x4x1,349.53,279.62,48.15,,1.0,,677.3
matmul_validate_20260630_233956.log:539,matmul_validate_20260630_233956.log,43efa39,20260630_233956,False,M3 psum (k-sweep; K- and M*N-dependence),mmwd,2048,4096,2048,2048,4096,0,1,,32,17179869184,1213.902,2438.904,100.9,34.6,198.697,520.27,1932.869,41943040,False,4x2x4,4x2x4,349.53,279.62,48.15,,1.0,,2438.9
matmul_validate_20260630_233956.log:560,matmul_validate_20260630_233956.log,43efa39,20260630_233956,False,M3 psum (k-sweep; K- and M*N-dependence),mmwd,4096,2048,4096,4096,2048,0,1,,32,34359738368,1692.04,1339.046,-20.9,39.7,419.654,2419.636,4531.33,67108864,False,8x4x1,8x4x1,699.05,447.39,192.6,,1.0,,1339.05
matmul_validate_20260630_233956.log:580,matmul_validate_20260630_233956.log,43efa39,20260630_233956,False,M3 psum (k-sweep; K- and M*N-dependence),mmwd,4096,2048,4096,4096,2048,0,1,,32,34359738368,2664.71,8385.476,214.7,25.2,415.382,2308.512,5388.604,67108864,False,4x2x4,4x2x4,699.05,447.39,192.6,,1.0,,8385.48
mm.log:121,mm.log,,,False,,mm,2048,2048,,2048,2048,0,1,,32,,389.013,215.923,-44.5,64.7,126.61,489.663,1005.286,25165824,False,,4x8x1,,,,,,,
mm_ksweep_20260626_170545.log:14,mm_ksweep_20260626_170545.log,,20260626_170545,False,,mm,2048,512,,2048,512,0,1,,32,,163.417,107.961,-33.9,77.0,126.508,485.586,775.511,12582912,False,,4x8x1,,83.89,24.08,,,,107.96
mm_ksweep_20260626_170545.log:28,mm_ksweep_20260626_170545.log,,20260626_170545,False,,mm,2048,1024,,2048,1024,0,1,,32,,244.138,159.999,-34.5,68.7,120.421,449.614,814.173,16777216,False,,4x8x1,,111.85,48.15,,,,160.0
mm_ksweep_20260626_170545.log:42,mm_ksweep_20260626_170545.log,,20260626_170545,False,,mm,2048,4096,,2048,4096,0,1,,32,,667.505,327.771,-50.9,62.8,136.693,502.874,1307.072,41943040,False,,4x8x1,,279.62,48.15,,,,327.77
mm_ksweep_20260626_170545.log:56,mm_ksweep_20260626_170545.log,,20260626_170545,False,,mm,2048,8192,,2048,8192,0,1,,32,,1240.73,551.467,-55.6,60.8,124.562,480.604,1845.896,75497472,False,,4x8x1,,503.32,48.15,,,,551.47
new_coarse_tiling_softmax.log:215,new_coarse_tiling_softmax.log,,,False,,softmax_row_tiling,,,,16384,4096,4,1,,32,,3089.867,3454.764,11.8,130.3,2416.541,15461.344,20967.752,402653184,False,,,,2684.35,770.41,,,,3454.76
profile_sweep_20260618_180841.log:4,profile_sweep_20260618_180841.log,225b70e,20260618_180841,False,"A size-sweep fit (neg, gelu)",neg,,,,512,512,,,,,,8.576,,,,26.792,0.0,35.368,,False,,,,,,,,,
profile_sweep_20260618_180841.log:5,profile_sweep_20260618_180841.log,225b70e,20260618_180841,False,"A size-sweep fit (neg, gelu)",gelu,,,,512,512,,,,,,8.509,,,,36.799,0.0,45.308,,False,,,,,,,,,
profile_sweep_20260618_180841.log:6,profile_sweep_20260618_180841.log,225b70e,20260618_180841,False,"A size-sweep fit (neg, gelu)",neg,,,,512,1024,,,,,,17.534,,,,26.478,0.0,44.012,,False,,,,,,,,,
profile_sweep_20260618_180841.log:7,profile_sweep_20260618_180841.log,225b70e,20260618_180841,False,"A size-sweep fit (neg, gelu)",gelu,,,,512,1024,,,,,,17.116,,,,25.079,0.0,42.195,,False,,,,,,,,,
profile_sweep_20260618_180841.log:8,profile_sweep_20260618_180841.log,225b70e,20260618_180841,False,"A size-sweep fit (neg, gelu)",neg,,,,512,2048,,,,,,37.372,,,,41.461,0.0,78.833,,False,,,,,,,,,
profile_sweep_20260618_180841.log:9,profile_sweep_20260618_180841.log,225b70e,20260618_180841,False,"A size-sweep fit (neg, gelu)",gelu,,,,512,2048,,,,,,37.729,,,,38.935,0.0,76.664,,False,,,,,,,,,
profile_sweep_20260618_180841.log:10,profile_sweep_20260618_180841.log,225b70e,20260618_180841,False,"A size-sweep fit (neg, gelu)",neg,,,,512,4096,,,,,,80.166,,,,55.837,0.0,136.003,,False,,,,,,,,,
profile_sweep_20260618_180841.log:11,profile_sweep_20260618_180841.log,225b70e,20260618_180841,False,"A size-sweep fit (neg, gelu)",gelu,,,,512,4096,,,,,,80.539,,,,93.784,0.0,174.323,,False,,,,,,,,,
profile_sweep_20260618_180841.log:12,profile_sweep_20260618_180841.log,225b70e,20260618_180841,False,"A size-sweep fit (neg, gelu)",neg,,,,512,8192,,,,,,154.785,,,,128.455,0.0,283.24,,False,,,,,,,,,
profile_sweep_20260618_180841.log:13,profile_sweep_20260618_180841.log,225b70e,20260618_180841,False,"A size-sweep fit (neg, gelu)",gelu,,,,512,8192,,,,,,165.534,,,,141.489,0.0,307.023,,False,,,,,,,,,
profile_sweep_20260618_180841.log:14,profile_sweep_20260618_180841.log,225b70e,20260618_180841,False,"A size-sweep fit (neg, gelu)",neg,,,,512,16384,,,,,,320.568,,,,244.559,0.0,565.127,,False,,,,,,,,,
profile_sweep_20260618_180841.log:15,profile_sweep_20260618_180841.log,225b70e,20260618_180841,False,"A size-sweep fit (neg, gelu)",gelu,,,,512,16384,,,,,,333.63,,,,221.655,0.0,555.285,,False,,,,,,,,,
profile_sweep_20260618_192032.log:9,profile_sweep_20260618_192032.log,3d8e197,20260618_192032,False,"A size-sweep fit (neg, gelu)",neg,,,,2048,512,,,,,,35.966,,,116.6,41.017,0.0,76.983,4194304,False,,,,,,,,,
profile_sweep_20260618_192032.log:15,profile_sweep_20260618_192032.log,3d8e197,20260618_192032,False,"A size-sweep fit (neg, gelu)",gelu,,,,2048,512,,,,,,36.216,,,115.8,41.719,0.0,77.935,4194304,False,,,,,,,,,
profile_sweep_20260618_192032.log:21,profile_sweep_20260618_192032.log,3d8e197,20260618_192032,False,"A size-sweep fit (neg, gelu)",neg,,,,2048,1024,,,,,,76.714,,,109.3,65.367,0.0,142.081,8388608,False,,,,,,,,,
profile_sweep_20260618_192032.log:27,profile_sweep_20260618_192032.log,3d8e197,20260618_192032,False,"A size-sweep fit (neg, gelu)",gelu,,,,2048,1024,,,,,,77.343,,,108.5,73.088,0.0,150.431,8388608,False,,,,,,,,,
profile_sweep_20260618_192032.log:33,profile_sweep_20260618_192032.log,3d8e197,20260618_192032,False,"A size-sweep fit (neg, gelu)",neg,,,,2048,2048,,,,,,159.091,,,105.5,115.928,0.0,275.019,16777216,False,,,,,,,,,
profile_sweep_20260618_192032.log:39,profile_sweep_20260618_192032.log,3d8e197,20260618_192032,False,"A size-sweep fit (neg, gelu)",gelu,,,,2048,2048,,,,,,160.92,,,104.3,109.562,0.0,270.482,16777216,False,,,,,,,,,
profile_sweep_20260618_192032.log:45,profile_sweep_20260618_192032.log,3d8e197,20260618_192032,False,"A size-sweep fit (neg, gelu)",neg,,,,2048,4096,,,,,,320.912,,,104.6,209.709,0.0,530.621,33554432,False,,,,,,,,,
profile_sweep_20260618_192032.log:51,profile_sweep_20260618_192032.log,3d8e197,20260618_192032,False,"A size-sweep fit (neg, gelu)",gelu,,,,2048,4096,,,,,,319.188,,,105.1,218.88,0.0,538.068,33554432,False,,,,,,,,,
profile_sweep_20260618_192032.log:57,profile_sweep_20260618_192032.log,3d8e197,20260618_192032,False,"A size-sweep fit (neg, gelu)",neg,,,,2048,8192,,,,,,645.689,,,103.9,409.659,0.0,1055.348,67108864,False,,,,,,,,,
profile_sweep_20260618_192032.log:63,profile_sweep_20260618_192032.log,3d8e197,20260618_192032,False,"A size-sweep fit (neg, gelu)",gelu,,,,2048,8192,,,,,,650.849,,,103.1,423.131,0.0,1073.98,67108864,False,,,,,,,,,
profile_sweep_20260618_192032.log:69,profile_sweep_20260618_192032.log,3d8e197,20260618_192032,False,"A size-sweep fit (neg, gelu)",neg,,,,2048,16384,,,,,,1307.111,,,102.7,1050.744,0.0,2357.855,134217728,False,,,,,,,,,
profile_sweep_20260618_210419.log:9,profile_sweep_20260618_210419.log,ad8aca3,20260618_210419,False,B arithmetic-free,exp,,,,2048,4096,,,,,,322.309,,,104.1,289.562,832.713,1444.584,33554432,False,,,,,,,,,
profile_sweep_20260618_210419.log:17,profile_sweep_20260618_210419.log,ad8aca3,20260618_210419,False,C traffic / stream count,mul,,,,2048,4096,,,,,,432.543,,,116.4,280.971,817.742,1531.256,50331648,False,,,,,,,,,
profile_sweep_20260618_210419.log:28,profile_sweep_20260618_210419.log,ad8aca3,20260618_210419,False,C traffic / stream count,add3,,,,2048,4096,,,,,,582.808,,,115.1,288.729,827.323,1698.86,67108864,False,,,,,,,,,
profile_sweep_20260618_210419.log:43,profile_sweep_20260618_210419.log,ad8aca3,20260618_210419,False,C traffic / stream count,add4,,,,2048,4096,,,,,,721.507,,,116.3,301.106,808.355,1830.968,83886080,False,,,,,,,,,
profile_sweep_20260618_210419.log:50,profile_sweep_20260618_210419.log,ad8aca3,20260618_210419,False,D bandwidth read/write/balanced,read,,,,2048,1024,,,,,,30.891,,,144.3,25.36,15.398,71.649,4456448,False,,,,,,,,,
profile_sweep_20260618_210419.log:56,profile_sweep_20260618_210419.log,ad8aca3,20260618_210419,False,D bandwidth read/write/balanced,read,,,,2048,4096,,,,,,111.127,,,153.3,25.736,15.135,151.998,17039360,False,,,,,,,,,
profile_sweep_20260618_210419.log:63,profile_sweep_20260618_210419.log,ad8aca3,20260618_210419,False,D bandwidth read/write/balanced,write,,,,2048,1024,,,,,,29.849,,,140.5,137.667,366.167,533.683,4194304,False,,,,,,,,,
profile_sweep_20260618_210419.log:70,profile_sweep_20260618_210419.log,ad8aca3,20260618_210419,False,D bandwidth read/write/balanced,write,,,,2048,4096,,,,,,150.345,,,111.6,296.137,789.002,1235.484,16777216,False,,,,,,,,,
profile_sweep_20260618_210419.log:76,profile_sweep_20260618_210419.log,ad8aca3,20260618_210419,False,D bandwidth read/write/balanced,neg,,,,2048,1024,,,,,,77.143,,,108.7,141.331,250.17,468.644,8388608,False,,,,,,,,,
profile_sweep_20260618_210419.log:82,profile_sweep_20260618_210419.log,ad8aca3,20260618_210419,False,D bandwidth read/write/balanced,neg,,,,2048,4096,,,,,,320.03,,,104.8,287.391,819.114,1426.535,33554432,False,,,,,,,,,
profile_sweep_20260618_210419.log:90,profile_sweep_20260618_210419.log,ad8aca3,20260618_210419,False,E broadcast (row + col),bcast,,,,2048,2048,,,,,,135.367,,,123.9,193.13,444.672,773.169,16777216,False,,,,,,,,,
profile_sweep_20260618_210419.log:97,profile_sweep_20260618_210419.log,ad8aca3,20260618_210419,False,E broadcast (row + col),bcastcol,,,,2048,2048,,,,,,137.872,,,121.7,195.657,444.807,778.336,16777216,False,,,,,,,,,
profile_sweep_20260618_210419.log:104,profile_sweep_20260618_210419.log,ad8aca3,20260618_210419,False,E broadcast (row + col),add,,,,2048,2048,,,,,,218.758,,,115.0,194.038,391.852,804.648,25165824,False,,,,,,,,,
profile_sweep_20260618_210419.log:111,profile_sweep_20260618_210419.log,ad8aca3,20260618_210419,False,F reductions,sumrow,,,,2048,1024,,,,,,30.591,,,145.7,25.061,15.134,70.786,4456448,False,,,,,,,,,
profile_sweep_20260618_210419.log:117,profile_sweep_20260618_210419.log,ad8aca3,20260618_210419,False,F reductions,sumrow,,,,2048,4096,,,,,,113.678,,,149.9,24.994,15.832,154.504,17039360,False,,,,,,,,,
profile_sweep_20260618_210419.log:123,profile_sweep_20260618_210419.log,ad8aca3,20260618_210419,False,F reductions,sumcol,,,,2048,2048,,,,,,69.465,,,120.8,11.503,6.723,87.691,8392704,False,,,,,,,,,
profile_sweep_20260618_210419.log:129,profile_sweep_20260618_210419.log,ad8aca3,20260618_210419,False,F reductions,amax,,,,2048,2048,,,,,,57.104,,,151.5,25.438,15.044,97.586,8650752,False,,,,,,,,,
profile_sweep_20260618_210419.log:135,profile_sweep_20260618_210419.log,ad8aca3,20260618_210419,False,F reductions,mean,,,,2048,2048,,,,,,57.799,,,149.7,26.822,15.107,99.728,8650752,False,,,,,,,,,
profile_sweep_20260618_210419.log:141,profile_sweep_20260618_210419.log,ad8aca3,20260618_210419,False,F reductions,sumall,,,,2048,2048,,,,,,54.052,,,155.2,11.107,6.382,71.541,8388736,False,,,,,,,,,
reduction_rows_20260710_153643.log:17,reduction_rows_20260710_153643.log,505fba2,20260710_153643,False,"RR1 reductions x ROWS{2048,4096,8192,16384} @ COLS 2048",read,,,,2048,2048,0,0,,32,,58.591,59.176,1.0,147.6,24.706,23.71,107.007,8650752,False,,,,57.67,1.5,,,,59.18
reduction_rows_20260710_153643.log:31,reduction_rows_20260710_153643.log,505fba2,20260710_153643,False,"RR1 reductions x ROWS{2048,4096,8192,16384} @ COLS 2048",sumrow,,,,2048,2048,0,0,,32,,58.246,59.176,1.6,148.5,23.508,23.203,104.957,8650752,False,,,,57.67,1.5,,,,59.18
reduction_rows_20260710_153643.log:45,reduction_rows_20260710_153643.log,505fba2,20260710_153643,False,"RR1 reductions x ROWS{2048,4096,8192,16384} @ COLS 2048",amax,,,,2048,2048,0,0,,32,,58.303,59.176,1.5,148.4,27.603,22.809,108.715,8650752,False,,,,57.67,1.5,,,,59.18
reduction_rows_20260710_153643.log:59,reduction_rows_20260710_153643.log,505fba2,20260710_153643,False,"RR1 reductions x ROWS{2048,4096,8192,16384} @ COLS 2048",mean,,,,2048,2048,0,0,,32,,58.993,59.176,0.3,146.6,34.677,25.851,119.521,8650752,False,,,,57.67,1.5,,,,59.18
reduction_rows_20260710_153643.log:73,reduction_rows_20260710_153643.log,505fba2,20260710_153643,False,"RR1 reductions x ROWS{2048,4096,8192,16384} @ COLS 2048",sumall,,,,2048,2048,0,0,,32,,54.003,55.926,3.6,155.3,17.156,15.382,86.541,8388736,False,,,,55.92,0.0,,,,55.93
reduction_rows_20260710_153643.log:87,reduction_rows_20260710_153643.log,505fba2,20260710_153643,False,"RR1 reductions x ROWS{2048,4096,8192,16384} @ COLS 2048",read,,,,4096,2048,0,0,,32,,128.227,118.353,-7.7,134.9,39.179,79.272,246.678,17301504,False,,,,115.34,3.01,,,,118.35
reduction_rows_20260710_153643.log:101,reduction_rows_20260710_153643.log,505fba2,20260710_153643,False,"RR1 reductions x ROWS{2048,4096,8192,16384} @ COLS 2048",sumrow,,,,4096,2048,0,0,,32,,127.185,118.353,-6.9,136.0,49.098,71.842,248.125,17301504,False,,,,115.34,3.01,,,,118.35
reduction_rows_20260710_153643.log:115,reduction_rows_20260710_153643.log,505fba2,20260710_153643,False,"RR1 reductions x ROWS{2048,4096,8192,16384} @ COLS 2048",amax,,,,4096,2048,0,0,,32,,128.885,118.353,-8.2,134.2,36.126,80.656,245.667,17301504,False,,,,115.34,3.01,,,,118.35
reduction_rows_20260710_153643.log:129,reduction_rows_20260710_153643.log,505fba2,20260710_153643,False,"RR1 reductions x ROWS{2048,4096,8192,16384} @ COLS 2048",mean,,,,4096,2048,0,0,,32,,127.932,118.353,-7.5,135.2,38.646,80.926,247.504,17301504,False,,,,115.34,3.01,,,,118.35
reduction_rows_20260710_153643.log:143,reduction_rows_20260710_153643.log,505fba2,20260710_153643,False,"RR1 reductions x ROWS{2048,4096,8192,16384} @ COLS 2048",sumall,,,,4096,2048,0,0,,32,,127.954,111.85,-12.6,131.1,23.59,15.252,166.796,16777344,False,,,,111.85,0.0,,,,111.85
reduction_rows_20260710_153643.log:157,reduction_rows_20260710_153643.log,505fba2,20260710_153643,False,"RR1 reductions x ROWS{2048,4096,8192,16384} @ COLS 2048",read,,,,8192,2048,0,0,,32,,291.181,236.706,-18.7,118.8,67.596,174.835,533.612,34603008,False,,,,230.69,6.02,,,,236.71
reduction_rows_20260710_153643.log:171,reduction_rows_20260710_153643.log,505fba2,20260710_153643,False,"RR1 reductions x ROWS{2048,4096,8192,16384} @ COLS 2048",sumrow,,,,8192,2048,0,0,,32,,278.989,236.706,-15.2,124.0,53.639,174.625,507.253,34603008,False,,,,230.69,6.02,,,,236.71
reduction_rows_20260710_153643.log:185,reduction_rows_20260710_153643.log,505fba2,20260710_153643,False,"RR1 reductions x ROWS{2048,4096,8192,16384} @ COLS 2048",amax,,,,8192,2048,0,0,,32,,291.406,236.706,-18.8,118.7,56.206,182.483,530.095,34603008,False,,,,230.69,6.02,,,,236.71
reduction_rows_20260710_153643.log:199,reduction_rows_20260710_153643.log,505fba2,20260710_153643,False,"RR1 reductions x ROWS{2048,4096,8192,16384} @ COLS 2048",mean,,,,8192,2048,0,0,,32,,280.588,236.706,-15.6,123.3,57.476,183.11,521.174,34603008,False,,,,230.69,6.02,,,,236.71
reduction_rows_20260710_153643.log:213,reduction_rows_20260710_153643.log,505fba2,20260710_153643,False,"RR1 reductions x ROWS{2048,4096,8192,16384} @ COLS 2048",sumall,,,,8192,2048,0,0,,32,,279.327,223.698,-19.9,120.1,18.803,14.872,313.002,33554560,False,,,,223.7,0.0,,,,223.7
reduction_rows_20260710_153643.log:227,reduction_rows_20260710_153643.log,505fba2,20260710_153643,False,"RR1 reductions x ROWS{2048,4096,8192,16384} @ COLS 2048",read,,,,16384,2048,0,0,,32,,600.939,473.411,-21.2,115.2,86.017,333.427,1020.383,69206016,False,,,,461.37,12.04,,,,473.41
reduction_rows_20260710_153643.log:241,reduction_rows_20260710_153643.log,505fba2,20260710_153643,False,"RR1 reductions x ROWS{2048,4096,8192,16384} @ COLS 2048",sumrow,,,,16384,2048,0,0,,32,,610.602,473.411,-22.5,113.3,84.225,321.205,1016.032,69206016,False,,,,461.37,12.04,,,,473.41
reduction_rows_20260710_153643.log:255,reduction_rows_20260710_153643.log,505fba2,20260710_153643,False,"RR1 reductions x ROWS{2048,4096,8192,16384} @ COLS 2048",amax,,,,16384,2048,0,0,,32,,612.719,473.411,-22.7,112.9,83.748,336.046,1032.513,69206016,False,,,,461.37,12.04,,,,473.41
reduction_rows_20260710_153643.log:269,reduction_rows_20260710_153643.log,505fba2,20260710_153643,False,"RR1 reductions x ROWS{2048,4096,8192,16384} @ COLS 2048",mean,,,,16384,2048,0,0,,32,,609.551,473.411,-22.3,113.5,89.283,287.026,985.86,69206016,False,,,,461.37,12.04,,,,473.41
reduction_rows_20260710_153643.log:283,reduction_rows_20260710_153643.log,505fba2,20260710_153643,False,"RR1 reductions x ROWS{2048,4096,8192,16384} @ COLS 2048",sumall,,,,16384,2048,0,0,,32,,572.289,447.394,-21.8,117.3,18.143,14.772,605.204,67108992,False,,,,447.39,0.0,,,,447.39
reduction_rows_20260710_153643.log:298,reduction_rows_20260710_153643.log,505fba2,20260710_153643,False,"RR2 reductions x COLS{1024,4096} @ ROWS 8192",read,,,,8192,1024,0,0,,32,,149.882,124.857,-16.7,118.9,52.007,154.278,356.167,17825792,False,,,,118.84,6.02,,,,124.86
reduction_rows_20260710_153643.log:312,reduction_rows_20260710_153643.log,505fba2,20260710_153643,False,"RR2 reductions x COLS{1024,4096} @ ROWS 8192",sumrow,,,,8192,1024,0,0,,32,,148.887,124.857,-16.1,119.7,62.536,180.089,391.512,17825792,False,,,,118.84,6.02,,,,124.86
reduction_rows_20260710_153643.log:326,reduction_rows_20260710_153643.log,505fba2,20260710_153643,False,"RR2 reductions x COLS{1024,4096} @ ROWS 8192",amax,,,,8192,1024,0,0,,32,,146.555,124.857,-14.8,121.6,54.542,183.624,384.721,17825792,False,,,,118.84,6.02,,,,124.86
reduction_rows_20260710_153643.log:340,reduction_rows_20260710_153643.log,505fba2,20260710_153643,False,"RR2 reductions x COLS{1024,4096} @ ROWS 8192",mean,,,,8192,1024,0,0,,32,,145.631,124.857,-14.3,122.4,53.555,182.818,382.004,17825792,False,,,,118.84,6.02,,,,124.86
reduction_rows_20260710_153643.log:354,reduction_rows_20260710_153643.log,505fba2,20260710_153643,False,"RR2 reductions x COLS{1024,4096} @ ROWS 8192",sumall,,,,8192,1024,0,0,,32,,139.424,111.85,-19.8,120.3,17.557,16.581,173.562,16777344,False,,,,111.85,0.0,,,,111.85
reduction_rows_20260710_153643.log:368,reduction_rows_20260710_153643.log,505fba2,20260710_153643,False,"RR2 reductions x COLS{1024,4096} @ ROWS 8192",read,,,,8192,4096,0,0,,32,,546.34,460.402,-15.7,124.8,62.248,185.151,793.739,68157440,False,,,,454.38,6.02,,,,460.4
reduction_rows_20260710_153643.log:382,reduction_rows_20260710_153643.log,505fba2,20260710_153643,False,"RR2 reductions x COLS{1024,4096} @ ROWS 8192",sumrow,,,,8192,4096,0,0,,32,,534.495,460.402,-13.9,127.5,53.714,177.974,766.183,68157440,False,,,,454.38,6.02,,,,460.4
reduction_rows_20260710_153643.log:396,reduction_rows_20260710_153643.log,505fba2,20260710_153643,False,"RR2 reductions x COLS{1024,4096} @ ROWS 8192",amax,,,,8192,4096,0,0,,32,,556.835,460.402,-17.3,122.4,52.73,181.444,791.009,68157440,False,,,,454.38,6.02,,,,460.4
reduction_rows_20260710_153643.log:410,reduction_rows_20260710_153643.log,505fba2,20260710_153643,False,"RR2 reductions x COLS{1024,4096} @ ROWS 8192",mean,,,,8192,4096,0,0,,32,,546.664,460.402,-15.8,124.7,51.838,180.253,778.755,68157440,False,,,,454.38,6.02,,,,460.4
reduction_rows_20260710_153643.log:424,reduction_rows_20260710_153643.log,505fba2,20260710_153643,False,"RR2 reductions x COLS{1024,4096} @ ROWS 8192",sumall,,,,8192,4096,0,0,,32,,548.673,447.394,-18.5,122.3,18.796,14.806,582.275,67108992,False,,,,447.39,0.0,,,,447.39
reduction_rows_20260710_153643.log:439,reduction_rows_20260710_153643.log,505fba2,20260710_153643,False,"RR3 sumcol x ROWS{2048,4096,8192,16384} @ COLS 2048",sumcol,,,,2048,2048,0,0,,32,,70.564,74.272,5.3,118.9,17.64,14.424,102.628,8392704,False,,,,55.95,0.02,,,,74.27
reduction_rows_20260710_153643.log:453,reduction_rows_20260710_153643.log,505fba2,20260710_153643,False,"RR3 sumcol x ROWS{2048,4096,8192,16384} @ COLS 2048",sumcol,,,,4096,2048,0,0,,32,,145.103,148.507,2.3,115.7,19.618,15.825,180.546,16781312,False,,,,111.88,0.02,,,,148.51
reduction_rows_20260710_153643.log:467,reduction_rows_20260710_153643.log,505fba2,20260710_153643,False,"RR3 sumcol x ROWS{2048,4096,8192,16384} @ COLS 2048",sumcol,,,,8192,2048,0,0,,32,,286.46,296.978,3.7,117.1,18.071,14.549,319.08,33558528,False,,,,223.72,0.02,,,,296.98
reduction_rows_20260710_153643.log:481,reduction_rows_20260710_153643.log,505fba2,20260710_153643,False,"RR3 sumcol x ROWS{2048,4096,8192,16384} @ COLS 2048",sumcol,,,,16384,2048,0,0,,32,,571.874,593.92,3.9,117.4,18.016,16.365,606.255,67112960,False,,,,447.42,0.02,,,,593.92
reread_20260702_122858.log:23,reread_20260702_122858.log,2f6a34a,20260702_122858,False,"RA A-spill: 4x8 K=N=2048, M/m in {128..2048} (|A| grows)",mmwd,512,2048,2048,512,2048,0,1,,32,2147483648,84.575,142.499,68.5,148.8,108.152,209.981,402.708,12582912,False,,4x8x1,43.69,86.77,12.04,,1.0,,142.5
reread_20260702_122858.log:43,reread_20260702_122858.log,2f6a34a,20260702_122858,False,"RA A-spill: 4x8 K=N=2048, M/m in {128..2048} (|A| grows)",mmwd,1024,2048,2048,1024,2048,0,1,,32,4294967296,186.77,226.336,21.2,89.8,127.975,336.221,650.966,16777216,False,,4x8x1,87.38,114.88,24.08,,1.0,,226.34
reread_20260702_122858.log:63,reread_20260702_122858.log,2f6a34a,20260702_122858,False,"RA A-spill: 4x8 K=N=2048, M/m in {128..2048} (|A| grows)",mmwd,1536,2048,2048,1536,2048,0,1,,32,6442450944,287.299,310.173,8.0,73.0,197.734,601.481,1086.514,20971520,False,,4x8x1,131.07,142.99,36.11,,1.0,,310.17
reread_20260702_122858.log:83,reread_20260702_122858.log,2f6a34a,20260702_122858,False,"RA A-spill: 4x8 K=N=2048, M/m in {128..2048} (|A| grows)",mmwd,2048,2048,2048,2048,2048,0,1,,32,8589934592,387.887,394.01,1.6,64.9,206.156,454.325,1048.368,25165824,False,,4x8x1,174.76,171.1,48.15,,1.0,,394.01
reread_20260702_122858.log:103,reread_20260702_122858.log,2f6a34a,20260702_122858,False,"RA A-spill: 4x8 K=N=2048, M/m in {128..2048} (|A| grows)",mmwd,3072,2048,2048,3072,2048,0,1,,32,12884901888,592.448,561.684,-5.2,56.6,235.613,505.169,1333.23,33554432,False,,4x8x1,262.14,227.31,72.23,,1.0,,561.68
reread_20260702_122858.log:123,reread_20260702_122858.log,2f6a34a,20260702_122858,False,"RA A-spill: 4x8 K=N=2048, M/m in {128..2048} (|A| grows)",mmwd,4096,2048,2048,4096,2048,0,1,,32,17179869184,803.905,729.358,-9.3,52.2,328.019,784.602,1916.526,41943040,False,,4x8x1,349.53,283.53,96.3,,1.0,,729.36
reread_20260702_122858.log:143,reread_20260702_122858.log,2f6a34a,20260702_122858,False,"RA A-spill: 4x8 K=N=2048, M/m in {128..2048} (|A| grows)",mmwd,6144,2048,2048,6144,2048,0,1,,32,25769803776,1200.815,1064.706,-11.3,48.9,406.588,1490.443,3097.846,58720256,False,,4x8x1,524.29,395.97,144.45,,1.0,,1064.71
reread_20260702_122858.log:163,reread_20260702_122858.log,2f6a34a,20260702_122858,False,"RA A-spill: 4x8 K=N=2048, M/m in {128..2048} (|A| grows)",mmwd,8192,2048,2048,8192,2048,0,1,,32,34359738368,1604.269,1400.054,-12.7,47.1,430.382,2355.38,4390.031,75497472,False,,4x8x1,699.05,508.4,192.6,,1.0,,1400.05
reread_20260702_122858.log:184,reread_20260702_122858.log,2f6a34a,20260702_122858,False,"RB B-spill: 4x8 K=M=2048, N/n in {64..1024} (|B| grows)",mmwd,2048,2048,512,2048,2048,0,1,,32,2147483648,106.81,142.499,33.4,117.8,125.196,201.923,433.929,12582912,False,,4x8x1,43.69,86.77,12.04,,1.0,,142.5
reread_20260702_122858.log:204,reread_20260702_122858.log,2f6a34a,20260702_122858,False,"RB B-spill: 4x8 K=M=2048, N/n in {64..1024} (|B| grows)",mmwd,2048,2048,1024,2048,2048,0,1,,32,4294967296,167.74,226.336,34.9,100.0,164.101,342.84,674.681,16777216,False,,4x8x1,87.38,114.88,24.08,,1.0,,226.34
reread_20260702_122858.log:224,reread_20260702_122858.log,2f6a34a,20260702_122858,False,"RB B-spill: 4x8 K=M=2048, N/n in {64..1024} (|B| grows)",mmwd,2048,2048,1536,2048,2048,0,1,,32,6442450944,306.246,310.173,1.3,68.5,195.43,473.966,975.642,20971520,False,,4x8x1,131.07,142.99,36.11,,1.0,,310.17
reread_20260702_122858.log:244,reread_20260702_122858.log,2f6a34a,20260702_122858,False,"RB B-spill: 4x8 K=M=2048, N/n in {64..1024} (|B| grows)",mmwd,2048,2048,2048,2048,2048,0,1,,32,8589934592,384.831,394.01,2.4,65.4,226.416,385.854,997.101,25165824,False,,4x8x1,174.76,171.1,48.15,,1.0,,394.01
reread_20260702_122858.log:264,reread_20260702_122858.log,2f6a34a,20260702_122858,False,"RB B-spill: 4x8 K=M=2048, N/n in {64..1024} (|B| grows)",mmwd,2048,2048,3072,2048,2048,0,1,,32,12884901888,882.299,561.684,-36.3,38.0,276.375,635.341,1794.015,33554432,False,,4x8x1,262.14,227.31,72.23,,1.0,,561.68
reread_20260702_122858.log:284,reread_20260702_122858.log,2f6a34a,20260702_122858,False,"RB B-spill: 4x8 K=M=2048, N/n in {64..1024} (|B| grows)",mmwd,2048,2048,4096,2048,2048,0,1,,32,17179869184,766.595,729.358,-4.9,54.7,318.356,1100.315,2185.266,41943040,False,,4x8x1,349.53,283.53,96.3,,1.0,,729.36
reread_20260702_122858.log:304,reread_20260702_122858.log,2f6a34a,20260702_122858,False,"RB B-spill: 4x8 K=M=2048, N/n in {64..1024} (|B| grows)",mmwd,2048,2048,6144,2048,2048,0,1,,32,25769803776,1894.701,1064.706,-43.8,31.0,407.072,1530.027,3831.8,58720256,False,,4x8x1,524.29,395.97,144.45,,1.0,,1064.71
reread_20260702_122858.log:324,reread_20260702_122858.log,2f6a34a,20260702_122858,False,"RB B-spill: 4x8 K=M=2048, N/n in {64..1024} (|B| grows)",mmwd,2048,2048,8192,2048,2048,0,1,,32,34359738368,1608.89,1400.054,-13.0,46.9,417.661,2433.967,4460.518,75497472,False,,4x8x1,699.05,508.4,192.6,,1.0,,1400.05
reread_20260702_122858.log:339,reread_20260702_122858.log,2f6a34a,20260702_122858,False,"FB B-fanout: tile 128x128, |B|=0.5MB fixed, m in {1..32}",mmwd,128,2048,128,128,2048,0,1,,1,33554432,36.025,29.576,-17.9,30.0,53.378,226.556,315.959,1081344,False,,,21.85,7.54,0.19,,1.0,,29.58
reread_20260702_122858.log:359,reread_20260702_122858.log,2f6a34a,20260702_122858,False,"FB B-fanout: tile 128x128, |B|=0.5MB fixed, m in {1..32}",mmwd,256,2048,128,256,2048,0,1,,2,67108864,34.85,33.641,-3.5,47.0,53.619,169.967,258.436,1638400,False,,2x1x1,21.85,11.42,0.38,,1.0,,33.64
reread_20260702_122858.log:379,reread_20260702_122858.log,2f6a34a,20260702_122858,False,"FB B-fanout: tile 128x128, |B|=0.5MB fixed, m in {1..32}",mmwd,512,2048,128,512,2048,0,1,,4,134217728,37.656,41.77,10.9,73.1,53.635,270.623,361.914,2752512,False,,4x1x1,21.85,19.17,0.75,,1.0,,41.77
reread_20260702_122858.log:399,reread_20260702_122858.log,2f6a34a,20260702_122858,False,"FB B-fanout: tile 128x128, |B|=0.5MB fixed, m in {1..32}",mmwd,1024,2048,128,1024,2048,0,1,,8,268435456,57.825,58.028,0.4,86.1,62.513,234.928,355.266,4980736,False,,8x1x1,21.85,34.68,1.5,,1.0,,58.03
reread_20260702_122858.log:419,reread_20260702_122858.log,2f6a34a,20260702_122858,False,"FB B-fanout: tile 128x128, |B|=0.5MB fixed, m in {1..32}",mmwd,2048,2048,128,2048,2048,0,1,,16,536870912,102.575,90.544,-11.7,92.0,64.808,299.474,466.857,9437184,False,,16x1x1,21.85,65.69,3.01,,1.0,,90.54
reread_20260702_122858.log:439,reread_20260702_122858.log,2f6a34a,20260702_122858,False,"FB B-fanout: tile 128x128, |B|=0.5MB fixed, m in {1..32}",mmwd,4096,2048,128,4096,2048,0,1,,32,1073741824,121.059,155.575,28.5,151.6,82.084,322.327,525.47,18350080,False,,32x1x1,21.85,127.71,6.02,,1.0,,155.58
reread_20260702_122858.log:454,reread_20260702_122858.log,2f6a34a,20260702_122858,False,"FA A-fanout: tile 128x128, |A|=0.5MB fixed, n in {1..32}",mmwd,128,2048,128,128,2048,0,1,,1,33554432,35.952,29.576,-17.7,30.1,58.557,136.025,230.534,1081344,False,,,21.85,7.54,0.19,,1.0,,29.58
reread_20260702_122858.log:474,reread_20260702_122858.log,2f6a34a,20260702_122858,False,"FA A-fanout: tile 128x128, |A|=0.5MB fixed, n in {1..32}",mmwd,128,2048,256,128,2048,0,1,,2,67108864,35.097,33.641,-4.1,46.7,61.767,142.695,239.559,1638400,False,,1x2x1,21.85,11.42,0.38,,1.0,,33.64
reread_20260702_122858.log:494,reread_20260702_122858.log,2f6a34a,20260702_122858,False,"FA A-fanout: tile 128x128, |A|=0.5MB fixed, n in {1..32}",mmwd,128,2048,512,128,2048,0,1,,4,134217728,37.79,41.77,10.5,72.8,66.651,223.926,328.367,2752512,False,,1x4x1,21.85,19.17,0.75,,1.0,,41.77
reread_20260702_122858.log:514,reread_20260702_122858.log,2f6a34a,20260702_122858,False,"FA A-fanout: tile 128x128, |A|=0.5MB fixed, n in {1..32}",mmwd,128,2048,1024,128,2048,0,1,,8,268435456,60.017,58.028,-3.3,83.0,58.923,169.302,288.242,4980736,False,,1x8x1,21.85,34.68,1.5,,1.0,,58.03
reread_20260702_122858.log:534,reread_20260702_122858.log,2f6a34a,20260702_122858,False,"FA A-fanout: tile 128x128, |A|=0.5MB fixed, n in {1..32}",mmwd,128,2048,2048,128,2048,0,1,,16,536870912,113.053,90.544,-19.9,83.5,71.526,114.383,298.962,9437184,False,,1x16x1,21.85,65.69,3.01,,1.0,,90.54
reread_20260702_122858.log:554,reread_20260702_122858.log,2f6a34a,20260702_122858,False,"FA A-fanout: tile 128x128, |A|=0.5MB fixed, n in {1..32}",mmwd,128,2048,4096,128,2048,0,1,,32,1073741824,136.712,155.575,13.8,134.2,86.424,216.918,440.054,18350080,False,,1x32x1,21.85,127.71,6.02,,1.0,,155.58
split_20260701_213147.log:23,split_20260701_213147.log,2381e25,20260701_213147,False,"SP1 M=4096 N=K=2048 cores=32: m in {1,2,4,8,16,32}",mmwd,4096,2048,2048,4096,2048,0,1,,32,17179869184,1393.046,729.358,-47.6,30.1,247.27,873.881,2514.197,41943040,False,,1x32x1,349.53,283.53,96.3,,1.0,,729.36
split_20260701_213147.log:43,split_20260701_213147.log,2381e25,20260701_213147,False,"SP1 M=4096 N=K=2048 cores=32: m in {1,2,4,8,16,32}",mmwd,4096,2048,2048,4096,2048,0,1,,32,17179869184,815.07,729.358,-10.5,51.5,274.658,966.521,2056.249,41943040,False,,2x16x1,349.53,283.53,96.3,,1.0,,729.36
split_20260701_213147.log:63,split_20260701_213147.log,2381e25,20260701_213147,False,"SP1 M=4096 N=K=2048 cores=32: m in {1,2,4,8,16,32}",mmwd,4096,2048,2048,4096,2048,0,1,,32,17179869184,800.921,729.358,-8.9,52.4,315.885,786.097,1902.903,41943040,False,,4x8x1,349.53,283.53,96.3,,1.0,,729.36
split_20260701_213147.log:83,split_20260701_213147.log,2381e25,20260701_213147,False,"SP1 M=4096 N=K=2048 cores=32: m in {1,2,4,8,16,32}",mmwd,4096,2048,2048,4096,2048,0,1,,32,17179869184,843.77,729.358,-13.6,49.7,327.626,861.711,2033.107,41943040,False,,8x4x1,349.53,283.53,96.3,,1.0,,729.36
split_20260701_213147.log:103,split_20260701_213147.log,2381e25,20260701_213147,False,"SP1 M=4096 N=K=2048 cores=32: m in {1,2,4,8,16,32}",mmwd,4096,2048,2048,4096,2048,0,1,,32,17179869184,1200.362,729.358,-39.2,34.9,305.421,1104.25,2610.033,41943040,False,,16x2x1,349.53,283.53,96.3,,1.0,,729.36
split_20260701_213147.log:123,split_20260701_213147.log,2381e25,20260701_213147,False,"SP1 M=4096 N=K=2048 cores=32: m in {1,2,4,8,16,32}",mmwd,4096,2048,2048,4096,2048,0,1,,32,17179869184,1201.974,729.358,-39.3,34.9,241.34,963.422,2406.736,41943040,False,,32x1x1,349.53,283.53,96.3,,1.0,,729.36
split_20260701_213147.log:144,split_20260701_213147.log,2381e25,20260701_213147,False,"SP2 M=8192 N=K=2048 cores=32: m in {2,4,8,16}",mmwd,8192,2048,2048,8192,2048,0,1,,32,34359738368,1631.219,1400.054,-14.2,46.3,446.12,2401.612,4478.951,75497472,False,,2x16x1,699.05,508.4,192.6,,1.0,,1400.05
split_20260701_213147.log:164,split_20260701_213147.log,2381e25,20260701_213147,False,"SP2 M=8192 N=K=2048 cores=32: m in {2,4,8,16}",mmwd,8192,2048,2048,8192,2048,0,1,,32,34359738368,1593.951,1400.054,-12.2,47.4,412.864,2416.068,4422.883,75497472,False,,4x8x1,699.05,508.4,192.6,,1.0,,1400.05
split_20260701_213147.log:184,split_20260701_213147.log,2381e25,20260701_213147,False,"SP2 M=8192 N=K=2048 cores=32: m in {2,4,8,16}",mmwd,8192,2048,2048,8192,2048,0,1,,32,34359738368,1619.863,1400.054,-13.6,46.6,412.475,2309.697,4342.035,75497472,False,,8x4x1,699.05,508.4,192.6,,1.0,,1400.05
split_20260701_213147.log:204,split_20260701_213147.log,2381e25,20260701_213147,False,"SP2 M=8192 N=K=2048 cores=32: m in {2,4,8,16}",mmwd,8192,2048,2048,8192,2048,0,1,,32,34359738368,2587.129,1400.054,-45.9,29.2,462.1,2370.784,5420.013,75497472,False,,16x2x1,699.05,508.4,192.6,,1.0,,1400.05
split_20260701_213147.log:225,split_20260701_213147.log,2381e25,20260701_213147,False,"SP3 M=2048 N=K=2048 cores=32: m in {2,4,8}",mmwd,2048,2048,2048,2048,2048,0,1,,32,8589934592,405.4,394.01,-2.8,62.1,196.975,585.777,1188.152,25165824,False,,2x16x1,174.76,171.1,48.15,,1.0,,394.01
split_20260701_213147.log:245,split_20260701_213147.log,2381e25,20260701_213147,False,"SP3 M=2048 N=K=2048 cores=32: m in {2,4,8}",mmwd,2048,2048,2048,2048,2048,0,1,,32,8589934592,387.54,394.01,1.7,64.9,155.718,334.575,877.833,25165824,False,,4x8x1,174.76,171.1,48.15,,1.0,,394.01
split_20260701_213147.log:265,split_20260701_213147.log,2381e25,20260701_213147,False,"SP3 M=2048 N=K=2048 cores=32: m in {2,4,8}",mmwd,2048,2048,2048,2048,2048,0,1,,32,8589934592,385.975,394.01,2.1,65.2,221.473,379.467,986.915,25165824,False,,8x4x1,174.76,171.1,48.15,,1.0,,394.01
tiling_terms_20260629_212209.log:367,tiling_terms_20260629_212209.log,80c3490,20260629_212209,False,"C compute: M=4096 N=2048 K=2048, vary cores (k=1)",mmwd,4096,2048,2048,4096,2048,0,1,,32,17179869184,831.487,725.447,-12.8,50.4,222.401,1036.793,2090.681,41943040,False,8x4x1,8x4x1,349.53,279.62,96.3,,1.0,,725.45
tiling_terms_20260629_212209.log:387,tiling_terms_20260629_212209.log,80c3490,20260629_212209,False,"C compute: M=4096 N=2048 K=2048, vary cores (k=1)",mmwd,4096,2048,2048,4096,2048,0,1,,32,17179869184,809.272,725.447,-10.4,51.8,325.074,721.188,1855.534,41943040,False,4x8x1,4x8x1,349.53,279.62,96.3,,1.0,,725.45
tiling_terms_20260629_212209.log:407,tiling_terms_20260629_212209.log,80c3490,20260629_212209,False,"C compute: M=4096 N=2048 K=2048, vary cores (k=1)",mmwd,4096,2048,2048,4096,2048,0,1,,32,17179869184,1397.075,1074.972,-23.1,30.0,246.703,952.757,2596.535,41943040,False,8x2x1,8x2x1,699.05,279.62,96.3,,1.0,,1074.97
tiling_terms_20260629_212209.log:427,tiling_terms_20260629_212209.log,80c3490,20260629_212209,False,"C compute: M=4096 N=2048 K=2048, vary cores (k=1)",mmwd,4096,2048,2048,4096,2048,0,1,,32,17179869184,2122.687,1774.023,-16.4,19.8,289.59,1010.848,3423.125,41943040,False,4x2x1,4x2x1,1398.1,279.62,96.3,,1.0,,1774.02
tiling_terms_20260629_212209.log:447,tiling_terms_20260629_212209.log,80c3490,20260629_212209,False,"C compute: M=4096 N=2048 K=2048, vary cores (k=1)",mmwd,4096,2048,2048,4096,2048,0,1,,32,17179869184,4028.626,3172.124,-21.3,10.4,305.292,1026.289,5360.207,41943040,False,2x2x1,2x2x1,2796.2,279.62,96.3,,1.0,,3172.12
tiling_terms_20260630_055152.log:23,tiling_terms_20260630_055152.log,3dc1ad0,20260630_055152,False,"C compute: M=4096 N=2048 K=2048, vary cores (k=1)",mmwd,4096,2048,2048,4096,2048,0,1,,32,17179869184,845.485,725.447,-14.2,49.6,319.554,949.547,2114.586,41943040,False,8x4x1,8x4x1,349.53,279.62,96.3,,1.0,,725.45
tiling_terms_20260630_055152.log:43,tiling_terms_20260630_055152.log,3dc1ad0,20260630_055152,False,"C compute: M=4096 N=2048 K=2048, vary cores (k=1)",mmwd,4096,2048,2048,4096,2048,0,1,,32,17179869184,807.074,725.447,-10.1,52.0,220.213,1121.08,2148.367,41943040,False,4x8x1,4x8x1,349.53,279.62,96.3,,1.0,,725.45
tiling_terms_20260630_055152.log:63,tiling_terms_20260630_055152.log,3dc1ad0,20260630_055152,False,"C compute: M=4096 N=2048 K=2048, vary cores (k=1)",mmwd,4096,2048,2048,4096,2048,0,1,,16,17179869184,1389.806,1074.972,-22.7,30.2,230.992,1047.518,2668.316,41943040,False,8x2x1,8x2x1,699.05,279.62,96.3,,1.0,,1074.97
tiling_terms_20260630_055152.log:83,tiling_terms_20260630_055152.log,3dc1ad0,20260630_055152,False,"C compute: M=4096 N=2048 K=2048, vary cores (k=1)",mmwd,4096,2048,2048,4096,2048,0,1,,8,17179869184,2121.147,1774.023,-16.4,19.8,305.122,934.854,3361.123,41943040,False,4x2x1,4x2x1,1398.1,279.62,96.3,,1.0,,1774.02
tiling_terms_20260630_055152.log:103,tiling_terms_20260630_055152.log,3dc1ad0,20260630_055152,False,"C compute: M=4096 N=2048 K=2048, vary cores (k=1)",mmwd,4096,2048,2048,4096,2048,0,1,,4,17179869184,4026.915,3172.124,-21.2,10.4,303.177,942.614,5272.706,41943040,False,2x2x1,2x2x1,2796.2,279.62,96.3,,1.0,,3172.12
tiling_terms_20260630_055152.log:119,tiling_terms_20260630_055152.log,3dc1ad0,20260630_055152,False,"D hbm thin-K: M=N=2048, K=64..512 (plain mm)",mm,2048,64,2048,2048,64,0,1,,32,268435456,56.388,67.89,20.4,158.1,186.832,454.939,698.159,8912896,False,,4x8x1,5.46,59.42,3.01,,1.0,,67.89
tiling_terms_20260630_055152.log:134,tiling_terms_20260630_055152.log,3dc1ad0,20260630_055152,False,"D hbm thin-K: M=N=2048, K=64..512 (plain mm)",mm,2048,128,2048,2048,128,0,1,,32,536870912,71.689,79.856,11.4,131.6,156.146,460.642,688.477,9437184,False,,4x8x1,10.92,62.91,6.02,,1.0,,79.86
tiling_terms_20260630_055152.log:149,tiling_terms_20260630_055152.log,3dc1ad0,20260630_055152,False,"D hbm thin-K: M=N=2048, K=64..512 (plain mm)",mm,2048,256,2048,2048,256,0,1,,32,1073741824,97.497,103.788,6.5,107.5,197.257,445.702,740.456,10485760,False,,4x8x1,21.85,69.91,12.04,,1.0,,103.79
tiling_terms_20260630_055152.log:164,tiling_terms_20260630_055152.log,3dc1ad0,20260630_055152,False,"D hbm thin-K: M=N=2048, K=64..512 (plain mm)",mm,2048,384,2048,2048,384,0,1,,32,1610612736,123.167,127.72,3.7,93.6,155.421,463.94,742.528,11534336,False,,4x8x1,32.77,76.9,18.06,,1.0,,127.72
tiling_terms_20260630_055152.log:179,tiling_terms_20260630_055152.log,3dc1ad0,20260630_055152,False,"D hbm thin-K: M=N=2048, K=64..512 (plain mm)",mm,2048,512,2048,2048,512,0,1,,32,2147483648,160.205,151.652,-5.3,78.5,151.895,459.06,771.16,12582912,False,,4x8x1,43.69,83.89,24.08,,1.0,,151.65
tiling_terms_20260630_055152.log:200,tiling_terms_20260630_055152.log,3dc1ad0,20260630_055152,False,"E psum: M=N=2048 K=2048, cores=32, vary k",mmwd,2048,2048,2048,2048,2048,0,1,,32,8589934592,384.492,390.685,1.6,65.5,136.473,686.342,1207.307,25165824,False,8x4x1,8x4x1,174.76,167.77,48.15,,1.0,,390.69
tiling_terms_20260630_055152.log:220,tiling_terms_20260630_055152.log,3dc1ad0,20260630_055152,False,"E psum: M=N=2048 K=2048, cores=32, vary k",mmwd,2048,2048,2048,2048,2048,0,1,,32,8589934592,572.525,977.888,70.8,44.0,426.423,522.703,1521.651,25165824,False,4x4x2,4x4x2,174.76,167.77,48.15,,1.0,,977.89
tiling_terms_20260630_055152.log:240,tiling_terms_20260630_055152.log,3dc1ad0,20260630_055152,False,"E psum: M=N=2048 K=2048, cores=32, vary k",mmwd,2048,2048,2048,2048,2048,0,1,,32,8589934592,735.742,2152.293,192.5,34.2,150.024,322.285,1208.051,25165824,False,4x2x4,4x2x4,174.76,167.77,48.15,,1.0,,2152.29
tiling_terms_20260630_055152.log:260,tiling_terms_20260630_055152.log,3dc1ad0,20260630_055152,False,"E psum: M=N=2048 K=2048, cores=32, vary k",mmwd,2048,2048,2048,2048,2048,0,1,,32,8589934592,806.903,4501.103,457.8,31.2,201.942,617.33,1626.175,25165824,False,2x2x8,2x2x8,174.76,167.77,48.15,,1.0,,4501.1
tiling_terms_20260630_055152.log:281,tiling_terms_20260630_055152.log,3dc1ad0,20260630_055152,False,"E psum vs K (psum ~ M*N, K-independent): K=4096, k=1 vs k=4",mmwd,2048,4096,2048,2048,4096,0,1,,32,17179869184,679.559,677.296,-0.3,61.7,221.564,598.788,1499.911,41943040,False,8x4x1,8x4x1,349.53,279.62,48.15,,1.0,,677.3
tiling_terms_20260630_055152.log:301,tiling_terms_20260630_055152.log,3dc1ad0,20260630_055152,False,"E psum vs K (psum ~ M*N, K-independent): K=4096, k=1 vs k=4",mmwd,2048,4096,2048,2048,4096,0,1,,32,17179869184,1210.569,2438.904,101.5,34.6,238.799,629.365,2078.733,41943040,False,4x2x4,4x2x4,349.53,279.62,48.15,,1.0,,2438.9
tiling_terms_20260630_055152.log:322,tiling_terms_20260630_055152.log,3dc1ad0,20260630_055152,False,"F pt_eff: M=512 N=4096 K=4096, force m (M/m=128,64,32,16)",mmwd,512,4096,4096,512,4096,0,1,,4,8589934592,2076.414,1701.797,-18.0,20.2,151.195,484.871,2712.48,41943040,False,4x1x1,4x1x1,1398.1,279.62,24.08,,1.0,,1701.8
tiling_terms_20260630_055152.log:342,tiling_terms_20260630_055152.log,3dc1ad0,20260630_055152,False,"F pt_eff: M=512 N=4096 K=4096, force m (M/m=128,64,32,16)",mmwd,512,4096,4096,512,4096,0,1,,8,8589934592,1216.623,1002.746,-17.6,34.5,155.599,486.449,1858.671,41943040,False,8x1x1,8x1x1,699.05,279.62,24.08,,1.0,,1002.75
tiling_terms_20260630_055152.log:362,tiling_terms_20260630_055152.log,3dc1ad0,20260630_055152,False,"F pt_eff: M=512 N=4096 K=4096, force m (M/m=128,64,32,16)",mmwd,512,4096,4096,512,4096,0,1,,16,8589934592,913.911,797.999,-12.7,45.9,131.047,268.417,1313.375,41943040,False,16x1x1,16x1x1,494.3,279.62,24.08,,0.707,,798.0
tiling_terms_20260630_055152.log:382,tiling_terms_20260630_055152.log,3dc1ad0,20260630_055152,False,"F pt_eff: M=512 N=4096 K=4096, force m (M/m=128,64,32,16)",mmwd,512,4096,4096,512,4096,0,1,,32,8589934592,802.907,653.221,-18.6,52.2,184.866,524.722,1512.495,41943040,False,32x1x1,32x1x1,349.53,279.62,24.08,,0.5,,653.22
tiling_terms_20260630_055152.log:398,tiling_terms_20260630_055152.log,3dc1ad0,20260630_055152,False,"G asym large (M!=N, both >=2k; K=2048; planner split)",mm,4096,2048,2048,4096,2048,0,1,,32,17179869184,799.277,725.447,-9.2,52.5,260.888,828.551,1888.716,41943040,False,,4x8x1,349.53,279.62,96.3,,1.0,,725.45
tiling_terms_20260630_055152.log:413,tiling_terms_20260630_055152.log,3dc1ad0,20260630_055152,False,"G asym large (M!=N, both >=2k; K=2048; planner split)",mm,2048,2048,4096,2048,2048,0,1,,32,17179869184,769.174,725.447,-5.7,54.5,257.313,804.926,1831.413,41943040,False,,4x8x1,349.53,279.62,96.3,,1.0,,725.45
tiling_terms_20260630_055152.log:428,tiling_terms_20260630_055152.log,3dc1ad0,20260630_055152,False,"G asym large (M!=N, both >=2k; K=2048; planner split)",mm,8192,2048,2048,8192,2048,0,1,,32,34359738368,1607.685,1394.97,-13.2,47.0,408.288,2104.551,4120.524,75497472,False,,4x8x1,699.05,503.32,192.6,,1.0,,1394.97
tiling_terms_20260630_055152.log:443,tiling_terms_20260630_055152.log,3dc1ad0,20260630_055152,False,"G asym large (M!=N, both >=2k; K=2048; planner split)",mm,2048,2048,8192,2048,2048,0,1,,32,34359738368,1587.276,1394.97,-12.1,47.6,459.277,2004.563,4051.116,75497472,False,,4x8x1,699.05,503.32,192.6,,1.0,,1394.97
tiling_terms_20260630_055152.log:458,tiling_terms_20260630_055152.log,3dc1ad0,20260630_055152,False,"G asym large (M!=N, both >=2k; K=2048; planner split)",mm,4096,2048,4096,4096,2048,0,1,,32,34359738368,1583.537,1339.046,-15.4,42.4,413.97,2143.418,4140.925,67108864,False,,4x8x1,699.05,447.39,192.6,,1.0,,1339.05
tiling_terms_20260630_055152.log:474,tiling_terms_20260630_055152.log,3dc1ad0,20260630_055152,False,"H LX on/off (plain mm, LX_PLANNING 0 vs 1)",mm,2048,2048,2048,2048,2048,0,0,,32,8589934592,389.568,390.685,0.3,64.6,160.755,458.149,1008.472,25165824,False,,4x8x1,174.76,167.77,48.15,,1.0,,390.69
tiling_terms_20260630_055152.log:489,tiling_terms_20260630_055152.log,3dc1ad0,20260630_055152,False,"H LX on/off (plain mm, LX_PLANNING 0 vs 1)",mm,4096,2048,2048,4096,2048,0,0,,32,17179869184,807.016,725.447,-10.1,52.0,205.163,924.969,1937.148,41943040,False,,4x8x1,349.53,279.62,96.3,,1.0,,725.45
tiling_terms_20260630_055152.log:504,tiling_terms_20260630_055152.log,3dc1ad0,20260630_055152,False,"H LX on/off (plain mm, LX_PLANNING 0 vs 1)",mm,2048,4096,2048,2048,4096,0,0,,32,17179869184,665.891,677.296,1.7,63.0,173.679,478.766,1318.336,41943040,False,,4x8x1,349.53,279.62,48.15,,1.0,,677.3
tiling_terms_20260630_055152.log:519,tiling_terms_20260630_055152.log,3dc1ad0,20260630_055152,False,"H LX on/off (plain mm, LX_PLANNING 0 vs 1)",mm,2048,2048,2048,2048,2048,0,1,,32,8589934592,388.117,390.685,0.7,64.8,164.416,469.855,1022.388,25165824,False,,4x8x1,174.76,167.77,48.15,,1.0,,390.69
tiling_terms_20260630_055152.log:534,tiling_terms_20260630_055152.log,3dc1ad0,20260630_055152,False,"H LX on/off (plain mm, LX_PLANNING 0 vs 1)",mm,4096,2048,2048,4096,2048,0,1,,32,17179869184,809.963,725.447,-10.4,51.8,248.853,854.414,1913.23,41943040,False,,4x8x1,349.53,279.62,96.3,,1.0,,725.45
tiling_terms_20260630_055152.log:549,tiling_terms_20260630_055152.log,3dc1ad0,20260630_055152,False,"H LX on/off (plain mm, LX_PLANNING 0 vs 1)",mm,2048,4096,2048,2048,4096,0,1,,32,17179869184,669.085,677.296,1.2,62.7,105.453,476.917,1251.455,41943040,False,,4x8x1,349.53,279.62,48.15,,1.0,,677.3
transport_20260630_234832.log:16,transport_20260630_234832.log,43efa39,20260630_234832,False,"T1 op variety (neg vs transport) at [2048,2048] and [4096,4096]",neg,,,,2048,2048,0,1,,32,,160.371,159.999,-0.2,104.6,203.122,575.572,939.065,16777216,False,,,,111.85,48.15,,,,160.0
transport_20260630_234832.log:29,transport_20260630_234832.log,43efa39,20260630_234832,False,"T1 op variety (neg vs transport) at [2048,2048] and [4096,4096]",transpose,,,,2048,2048,0,1,,32,,147.067,159.999,8.8,114.1,168.951,588.738,904.756,16777216,False,,,,111.85,48.15,,,,160.0
transport_20260630_234832.log:42,transport_20260630_234832.log,43efa39,20260630_234832,False,"T1 op variety (neg vs transport) at [2048,2048] and [4096,4096]",transpose_outer,,,,2048,2048,0,1,,32,,1344.329,1279.99,-4.8,99.8,1040.743,6298.059,8683.131,134217728,False,,,,894.78,385.2,,,,1279.99
transport_20260630_234832.log:55,transport_20260630_234832.log,43efa39,20260630_234832,False,"T1 op variety (neg vs transport) at [2048,2048] and [4096,4096]",cat0,,,,2048,2048,0,1,,32,,397.469,215.923,-45.7,63.3,261.162,900.884,1559.515,25165824,False,,,,167.77,48.15,,,,215.92
transport_20260630_234832.log:68,transport_20260630_234832.log,43efa39,20260630_234832,False,"T1 op variety (neg vs transport) at [2048,2048] and [4096,4096]",cat1,,,,2048,2048,0,1,,32,,232.494,215.923,-7.1,108.2,261.874,904.205,1398.573,25165824,False,,,,167.77,48.15,,,,215.92
transport_20260630_234832.log:81,transport_20260630_234832.log,43efa39,20260630_234832,False,"T1 op variety (neg vs transport) at [2048,2048] and [4096,4096]",neg,,,,4096,4096,0,1,,32,,644.844,639.995,-0.8,104.1,419.65,2336.082,3400.576,67108864,False,,,,447.39,192.6,,,,639.99
transport_20260630_234832.log:94,transport_20260630_234832.log,43efa39,20260630_234832,False,"T1 op variety (neg vs transport) at [2048,2048] and [4096,4096]",transpose,,,,4096,4096,0,1,,32,,577.429,639.995,10.8,116.2,451.388,2222.113,3250.93,67108864,False,,,,447.39,192.6,,,,639.99
transport_20260630_234832.log:107,transport_20260630_234832.log,43efa39,20260630_234832,False,"T1 op variety (neg vs transport) at [2048,2048] and [4096,4096]",transpose_outer,,,,4096,4096,0,1,,32,,5999.275,5119.959,-14.7,89.5,4956.045,39810.91,50766.23,536870912,False,,,,3579.14,1540.82,,,,5119.96
transport_20260630_234832.log:120,transport_20260630_234832.log,43efa39,20260630_234832,False,"T1 op variety (neg vs transport) at [2048,2048] and [4096,4096]",cat0,,,,4096,4096,0,1,,32,,1721.451,863.691,-49.8,58.5,1015.379,6546.827,9283.657,100663296,False,,,,671.09,192.6,,,,863.69
transport_20260630_234832.log:133,transport_20260630_234832.log,43efa39,20260630_234832,False,"T1 op variety (neg vs transport) at [2048,2048] and [4096,4096]",cat1,,,,4096,4096,0,1,,32,,933.686,863.691,-7.5,107.8,1032.127,6599.423,8565.236,100663296,False,,,,671.09,192.6,,,,863.69
transport_20260630_234832.log:147,transport_20260630_234832.log,43efa39,20260630_234832,False,"T2 transpose vs neg, aspect-ratio sweep (bytes ~ const)",neg,,,,2048,2048,0,1,,32,,160.126,159.999,-0.1,104.8,184.095,573.946,918.167,16777216,False,,,,111.85,48.15,,,,160.0
transport_20260630_234832.log:160,transport_20260630_234832.log,43efa39,20260630_234832,False,"T2 transpose vs neg, aspect-ratio sweep (bytes ~ const)",transpose,,,,2048,2048,0,1,,32,,143.597,159.999,11.4,116.8,116.467,655.492,915.556,16777216,False,,,,111.85,48.15,,,,160.0
transport_20260630_234832.log:173,transport_20260630_234832.log,43efa39,20260630_234832,False,"T2 transpose vs neg, aspect-ratio sweep (bytes ~ const)",neg,,,,4096,1024,0,1,,32,,161.099,159.999,-0.7,104.1,198.959,490.988,851.046,16777216,False,,,,111.85,48.15,,,,160.0
transport_20260630_234832.log:186,transport_20260630_234832.log,43efa39,20260630_234832,False,"T2 transpose vs neg, aspect-ratio sweep (bytes ~ const)",transpose,,,,4096,1024,0,1,,32,,143.508,159.999,11.5,116.9,193.514,575.584,912.606,16777216,False,,,,111.85,48.15,,,,160.0
transport_20260630_234832.log:199,transport_20260630_234832.log,43efa39,20260630_234832,False,"T2 transpose vs neg, aspect-ratio sweep (bytes ~ const)",neg,,,,1024,4096,0,1,,32,,150.007,159.999,6.7,111.8,170.933,578.269,899.209,16777216,False,,,,111.85,48.15,,,,160.0
transport_20260630_234832.log:212,transport_20260630_234832.log,43efa39,20260630_234832,False,"T2 transpose vs neg, aspect-ratio sweep (bytes ~ const)",transpose,,,,1024,4096,0,1,,32,,145.238,159.999,10.2,115.5,115.912,642.151,903.301,16777216,False,,,,111.85,48.15,,,,160.0
transport_20260630_234832.log:225,transport_20260630_234832.log,43efa39,20260630_234832,False,"T2 transpose vs neg, aspect-ratio sweep (bytes ~ const)",neg,,,,8192,512,0,1,,32,,159.791,159.999,0.1,105.0,161.255,478.486,799.532,16777216,False,,,,111.85,48.15,,,,160.0
transport_20260630_234832.log:238,transport_20260630_234832.log,43efa39,20260630_234832,False,"T2 transpose vs neg, aspect-ratio sweep (bytes ~ const)",transpose,,,,8192,512,0,1,,32,,144.838,159.999,10.5,115.8,159.065,575.183,879.086,16777216,False,,,,111.85,48.15,,,,160.0
transport_20260630_234832.log:251,transport_20260630_234832.log,43efa39,20260630_234832,False,"T2 transpose vs neg, aspect-ratio sweep (bytes ~ const)",neg,,,,512,8192,0,1,,32,,157.819,159.999,1.4,106.3,168.813,576.502,903.134,16777216,False,,,,111.85,48.15,,,,160.0
transport_20260630_234832.log:264,transport_20260630_234832.log,43efa39,20260630_234832,False,"T2 transpose vs neg, aspect-ratio sweep (bytes ~ const)",transpose,,,,512,8192,0,1,,32,,145.017,159.999,10.3,115.7,167.374,592.026,904.417,16777216,False,,,,111.85,48.15,,,,160.0
transport_shape_20260710_154703.log:17,transport_shape_20260710_154703.log,505fba2,20260710_154703,False,TS1 cat0 x size (square),cat0,,,,512,512,0,0,,32,,14.214,26.243,84.6,110.7,52.865,175.099,242.178,1572864,False,,,,10.49,3.01,,,,26.24
transport_shape_20260710_154703.log:31,transport_shape_20260710_154703.log,505fba2,20260710_154703,False,TS1 cat0 x size (square),cat0,,,,1024,1024,0,0,,32,,66.853,105.251,57.4,94.1,106.616,397.446,570.915,6291456,False,,,,41.94,12.04,,,,105.25
transport_shape_20260710_154703.log:45,transport_shape_20260710_154703.log,505fba2,20260710_154703,False,TS1 cat0 x size (square),cat0,,,,2048,2048,0,0,,32,,395.599,424.913,7.4,63.6,267.521,984.165,1647.285,25165824,False,,,,167.77,48.15,,,,424.91
transport_shape_20260710_154703.log:59,transport_shape_20260710_154703.log,505fba2,20260710_154703,False,TS1 cat0 x size (square),cat0,,,,4096,4096,0,0,,32,,1703.793,1754.089,3.0,59.1,1052.121,6250.125,9006.039,100663296,False,,,,671.09,192.6,,,,1754.09
transport_shape_20260710_154703.log:73,transport_shape_20260710_154703.log,505fba2,20260710_154703,False,TS1 cat0 x size (square),cat0,,,,8192,8192,0,0,,32,,8219.253,7774.6,-5.4,49.0,4942.322,40986.14,54147.715,402653184,False,,,,2684.35,770.41,,,,7774.6
transport_shape_20260710_154703.log:88,transport_shape_20260710_154703.log,505fba2,20260710_154703,False,TS2 cat0 x aspect (fixed bytes),cat0,,,,512,8192,0,0,,32,,474.014,432.026,-8.9,53.1,257.471,916.122,1647.607,25165824,False,,,,167.77,48.15,,,,432.03
transport_shape_20260710_154703.log:102,transport_shape_20260710_154703.log,505fba2,20260710_154703,False,TS2 cat0 x aspect (fixed bytes),cat0,,,,1024,4096,0,0,,32,,406.241,427.741,5.3,61.9,272.001,989.648,1667.89,25165824,False,,,,167.77,48.15,,,,427.74
transport_shape_20260710_154703.log:116,transport_shape_20260710_154703.log,505fba2,20260710_154703,False,TS2 cat0 x aspect (fixed bytes),cat0,,,,2048,2048,0,0,,32,,394.932,424.913,7.6,63.7,259.762,960.317,1615.011,25165824,False,,,,167.77,48.15,,,,424.91
transport_shape_20260710_154703.log:130,transport_shape_20260710_154703.log,505fba2,20260710_154703,False,TS2 cat0 x aspect (fixed bytes),cat0,,,,4096,1024,0,0,,32,,308.19,423.048,37.3,81.7,277.47,911.632,1497.292,25165824,False,,,,167.77,48.15,,,,423.05
transport_shape_20260710_154703.log:144,transport_shape_20260710_154703.log,505fba2,20260710_154703,False,TS2 cat0 x aspect (fixed bytes),cat0,,,,8192,512,0,0,,32,,294.781,421.817,43.1,85.4,319.84,715.683,1330.304,25165824,False,,,,167.77,48.15,,,,421.82
transport_shape_20260710_154703.log:159,transport_shape_20260710_154703.log,505fba2,20260710_154703,False,TS3 transpose_outer x size (square),transpose_outer,,,,1024,1024,0,0,,32,,316.097,319.997,1.2,106.2,212.785,1030.526,1559.408,33554432,False,,,,223.7,96.3,,,,320.0
transport_shape_20260710_154703.log:173,transport_shape_20260710_154703.log,505fba2,20260710_154703,False,TS3 transpose_outer x size (square),transpose_outer,,,,2048,2048,0,0,,32,,1340.576,1279.99,-4.5,100.1,1057.433,6245.619,8643.628,134217728,False,,,,894.78,385.2,,,,1279.99
transport_shape_20260710_154703.log:187,transport_shape_20260710_154703.log,505fba2,20260710_154703,False,TS3 transpose_outer x size (square),transpose_outer,,,,4096,4096,0,0,,32,,5974.096,5119.959,-14.3,89.9,4929.49,39067.314,49970.9,536870912,False,,,,3579.14,1540.82,,,,5119.96
transport_shape_20260710_154703.log:201,transport_shape_20260710_154703.log,505fba2,20260710_154703,False,TS3 transpose_outer x size (square),transpose_outer,,,,8192,8192,0,0,,32,,25324.227,20479.836,-19.1,84.8,20254.445,180774.648,226353.32,2147483648,False,,,,14316.56,6163.28,,,,20479.84
transport_shape_20260710_154703.log:216,transport_shape_20260710_154703.log,505fba2,20260710_154703,False,TS4 transpose_outer x aspect (fixed bytes),transpose_outer,,,,512,8192,0,0,,32,,1635.674,1279.99,-21.7,82.1,1057.503,6245.782,8938.959,134217728,False,,,,894.78,385.2,,,,1279.99
transport_shape_20260710_154703.log:230,transport_shape_20260710_154703.log,505fba2,20260710_154703,False,TS4 transpose_outer x aspect (fixed bytes),transpose_outer,,,,1024,4096,0,0,,32,,1477.055,1279.99,-13.3,90.9,1054.866,6157.306,8689.227,134217728,False,,,,894.78,385.2,,,,1279.99
transport_shape_20260710_154703.log:244,transport_shape_20260710_154703.log,505fba2,20260710_154703,False,TS4 transpose_outer x aspect (fixed bytes),transpose_outer,,,,2048,2048,0,0,,32,,1335.312,1279.99,-4.1,100.5,1061.687,6048.726,8445.725,134217728,False,,,,894.78,385.2,,,,1279.99
transport_shape_20260710_154703.log:258,transport_shape_20260710_154703.log,505fba2,20260710_154703,False,TS4 transpose_outer x aspect (fixed bytes),transpose_outer,,,,4096,1024,0,0,,32,,1310.576,1279.99,-2.3,102.4,1031.855,6281.856,8624.287,134217728,False,,,,894.78,385.2,,,,1279.99
transport_shape_20260710_154703.log:272,transport_shape_20260710_154703.log,505fba2,20260710_154703,False,TS4 transpose_outer x aspect (fixed bytes),transpose_outer,,,,8192,512,0,0,,32,,1325.945,1279.99,-3.5,101.2,1170.93,5264.703,7761.578,134217728,False,,,,894.78,385.2,,,,1279.99
transport_shape_20260710_154703.log:287,transport_shape_20260710_154703.log,505fba2,20260710_154703,False,TS5 transpose + cat1 controls x aspect,transpose,,,,512,8192,0,0,,32,,145.589,144.631,-0.7,115.2,196.012,559.701,901.302,16777216,False,,,,111.85,48.15,,,,144.63
transport_shape_20260710_154703.log:301,transport_shape_20260710_154703.log,505fba2,20260710_154703,False,TS5 transpose + cat1 controls x aspect,cat1,,,,512,8192,0,0,,32,,243.176,215.925,-11.2,103.5,252.41,905.072,1400.658,25165824,False,,,,167.77,48.15,,,,215.92
transport_shape_20260710_154703.log:315,transport_shape_20260710_154703.log,505fba2,20260710_154703,False,TS5 transpose + cat1 controls x aspect,transpose,,,,1024,4096,0,0,,32,,145.905,144.631,-0.9,115.0,159.69,473.617,779.212,16777216,False,,,,111.85,48.15,,,,144.63
transport_shape_20260710_154703.log:329,transport_shape_20260710_154703.log,505fba2,20260710_154703,False,TS5 transpose + cat1 controls x aspect,cat1,,,,1024,4096,0,0,,32,,225.49,215.923,-4.2,111.6,263.768,991.199,1480.457,25165824,False,,,,167.77,48.15,,,,215.92
transport_shape_20260710_154703.log:343,transport_shape_20260710_154703.log,505fba2,20260710_154703,False,TS5 transpose + cat1 controls x aspect,transpose,,,,2048,2048,0,0,,32,,144.372,144.631,0.2,116.2,163.615,576.662,884.649,16777216,False,,,,111.85,48.15,,,,144.63
transport_shape_20260710_154703.log:357,transport_shape_20260710_154703.log,505fba2,20260710_154703,False,TS5 transpose + cat1 controls x aspect,cat1,,,,2048,2048,0,0,,32,,232.343,215.923,-7.1,108.3,262.412,942.855,1437.61,25165824,False,,,,167.77,48.15,,,,215.92
transport_shape_20260710_154703.log:371,transport_shape_20260710_154703.log,505fba2,20260710_154703,False,TS5 transpose + cat1 controls x aspect,transpose,,,,4096,1024,0,0,,32,,142.017,144.631,1.8,118.1,163.316,619.352,924.685,16777216,False,,,,111.85,48.15,,,,144.63
transport_shape_20260710_154703.log:385,transport_shape_20260710_154703.log,505fba2,20260710_154703,False,TS5 transpose + cat1 controls x aspect,cat1,,,,4096,1024,0,0,,32,,226.846,215.923,-4.8,110.9,244.391,917.547,1388.784,25165824,False,,,,167.77,48.15,,,,215.92
transport_shape_20260710_154703.log:399,transport_shape_20260710_154703.log,505fba2,20260710_154703,False,TS5 transpose + cat1 controls x aspect,transpose,,,,8192,512,0,0,,32,,144.049,144.631,0.4,116.5,171.543,514.04,829.632,16777216,False,,,,111.85,48.15,,,,144.63
transport_shape_20260710_154703.log:413,transport_shape_20260710_154703.log,505fba2,20260710_154703,False,TS5 transpose + cat1 controls x aspect,cat1,,,,8192,512,0,0,,32,,237.091,215.923,-8.9,106.1,270.434,1009.115,1516.64,25165824,False,,,,167.77,48.15,,,,215.92
